Workbook

Sheet Customers
A1: CompanyAccount | B1: CustomerGroupingPeriod1 | C1: CustomerGroupingPeriod2 | D1: DiscountOtherSaaSPeriod1 | E1: DiscountOtherSaaSPeriod2 | F1: DiscountOtherPSPeriod1 | G1: DiscountOtherPSPeriod2 | H1: DiscountPrepayPortionPeriod1 | I1: DiscountPrepayPortionPeriod2 | J1: InvoiceGrouping | K1: LiabilityPortionPeriod1 | L1: LiabilityPortionPeriod2 | M1: PackPaidCountPeriod1 | N1: PackPaidCountPeriod2 | O1: PlatformTogglePeriod1 | P1: PlatformTogglePeriod2 | Q1: PSExpenseAmountPeriod1 | R1: PSExpenseAmountPeriod2 | S1: PSIncomeAmountPeriod1 | T1: PSIncomeAmountPeriod2 | U1: SaasExpensePeriod1 | V1: SaasExpensePeriod2 | W1: SaaSIncomeAmountClassicPeriod1 | X1: SaaSIncomeAmountClassicPeriod2 | Y1: SaaSIncomeAmountNewPeriod1 | Z1: SaaSIncomeAmountNewPeriod2 | AA1: SaaSPayTypePeriod1 | AB1: SaaSPayTypePeriod2 | AC1: SalesRepSaaSPeriod1 | AD1: SalesRepSaaSPeriod2 | AE1: UncategorizedPortionPeriod1 | AF1: UncategorizedPortionPeriod2 | AG1: UserPaidCountPeriod1 | AH1: UserPaidCountPeriod2 | AI1: SaaSNetPeriod1 | AJ1: SaaSNetPeriod2 | AK1: SaaSExpandNew | AL1: SaaSExpansionUp | AM1: SaaSNoChange | AN1: SaaSContractionCancel | AO1: SaaSContractionDown | AP1: Currency | AQ1: CustomerRecordID | AR1: PerPayExpriyPeriod1 | AS1: PerPayExpriyPeriod2
A2: duralinesystemsinc2 | B2: ExistingCustomerEOM | C2: ExistingCustomerEOM | D2: 0 | E2: 0 | F2: -263.5 | G2: -108.5 | H2: 0 | I2: 0 | K2: 0 | L2: 0 | M2: 5 | N2: 5 | O2: New | P2: New | Q2: 0 | R2: 0 | S2: 2635 | T2: 1085 | U2: 0 | V2: 0 | W2: 0 | X2: 0 | Y2: 1090 | Z2: 1099 | AA2: Monthly | AB2: Monthly | AC2: HaPat | AD2: HaPat | AE2: 0 | AF2: 0 | AG2: 15 | AH2: 15 | AI2: ==W2+ Y2+D2+H2 | AJ2: ==X2+Z2+E2+I2 | AK2: ==IF(AI2=0,AJ2,0) | AL2: ==IF(AND(AI2>0,AJ2>AI2),AJ2-AI2,0) | AM2: ==IF(AI2=AJ2,AJ2,0) | AN2: ==IF(AJ2=0,AI2,0) | AO2: ==IF(AND(AJ2>0,AJ2<AI2),AI2-AJ2,0) | AP2: US-Accounts Receivable | AQ2: 156531 | AR2: 0 | AS2: 0
A3: foreigntaxcpa | B3: ExistingCustomerEOM | C3: ExistingCustomerEOM | D3: 0 | E3: 0 | F3: -46.5 | G3: 0 | H3: -140 | I3: 0 | K3: -420 | L3: 0 | M3: 3 | N3: 3 | O3: unknown | P3: unknown | Q3: 0 | R3: -77.5 | S3: 465 | T3: 77.5 | U3: 0 | V3: 0 | W3: 0 | X3: 0 | Y3: 885 | Z3: 956 | AA3: Prepay | AB3: Monthly | AC3: PhuPh | AD3: PhuPh | AE3: 0 | AF3: 0 | AG3: 14 | AH3: 16 | AI3: ==W3+ Y3+D3+H3 | AJ3: ==X3+Z3+E3+I3 | AK3: ==IF(AI3=0,AJ3,0) | AL3: ==IF(AND(AI3>0,AJ3>AI3),AJ3-AI3,0) | AM3: ==IF(AI3=AJ3,AJ3,0) | AN3: ==IF(AJ3=0,AI3,0) | AO3: ==IF(AND(AJ3>0,AJ3<AI3),AI3-AJ3,0) | AP3: US-Accounts Receivable | AQ3: 175034 | AR3: 0 | AS3: 0
A4: alerthomewatch | B4: ExistingCustomerEOM | C4: ExistingCustomerEOM | D4: 0 | E4: 0 | F4: 0 | G4: 0 | H4: 0 | I4: 0 | K4: 0 | L4: 0 | M4: 1 | N4: 1 | O4: New | P4: New | Q4: 0 | R4: 0 | S4: 0 | T4: 0 | U4: 0 | V4: 0 | W4: 0 | X4: 0 | Y4: 84 | Z4: 84 | AA4: Monthly | AB4: Monthly | AC4: PhuPh | AD4: PhuPh | AE4: 0 | AF4: 0 | AG4: 3 | AH4: 3 | AI4: ==W4+ Y4+D4+H4 | AJ4: ==X4+Z4+E4+I4 | AK4: ==IF(AI4=0,AJ4,0) | AL4: ==IF(AND(AI4>0,AJ4>AI4),AJ4-AI4,0) | AM4: ==IF(AI4=AJ4,AJ4,0) | AN4: ==IF(AJ4=0,AI4,0) | AO4: ==IF(AND(AJ4>0,AJ4<AI4),AI4-AJ4,0) | AP4: US-Accounts Receivable | AQ4: 96657 | AR4: 0 | AS4: 0
A5: CarlsonConcierge | B5: ExistingCustomerEOM | C5: ExistingCustomerEOM | D5: -11.2 | E5: -11.2 | F5: 0 | G5: 0 | H5: 0 | I5: 0 | K5: 0 | L5: 0 | M5: 1 | N5: 1 | O5: New | P5: New | Q5: 0 | R5: 0 | S5: 0 | T5: 0 | U5: 0 | V5: 0 | W5: 0 | X5: 0 | Y5: 56 | Z5: 56 | AA5: Monthly | AB5: Monthly | AC5: PhuPh | AD5: PhuPh | AE5: 0 | AF5: 0 | AG5: 2 | AH5: 2 | AI5: ==W5+ Y5+D5+H5 | AJ5: ==X5+Z5+E5+I5 | AK5: ==IF(AI5=0,AJ5,0) | AL5: ==IF(AND(AI5>0,AJ5>AI5),AJ5-AI5,0) | AM5: ==IF(AI5=AJ5,AJ5,0) | AN5: ==IF(AJ5=0,AI5,0) | AO5: ==IF(AND(AJ5>0,AJ5<AI5),AI5-AJ5,0) | AP5: US-Accounts Receivable | AQ5: 86456 | AR5: 0 | AS5: 0
A6: hwmadison | B6: ExistingCustomerEOM | C6: ExistingCustomerEOM | D6: 0 | E6: 0 | F6: 0 | G6: 0 | H6: 0 | I6: 0 | K6: 0 | L6: 0 | M6: 1 | N6: 1 | O6: New | P6: New | Q6: 0 | R6: 0 | S6: 0 | T6: 0 | U6: 0 | V6: 0 | W6: 0 | X6: 0 | Y6: 56 | Z6: 56 | AA6: Monthly | AB6: Monthly | AC6: PhuPh | AD6: PhuPh | AE6: 0 | AF6: 0 | AG6: 2 | AH6: 2 | AI6: ==W6+ Y6+D6+H6 | AJ6: ==X6+Z6+E6+I6 | AK6: ==IF(AI6=0,AJ6,0) | AL6: ==IF(AND(AI6>0,AJ6>AI6),AJ6-AI6,0) | AM6: ==IF(AI6=AJ6,AJ6,0) | AN6: ==IF(AJ6=0,AI6,0) | AO6: ==IF(AND(AJ6>0,AJ6<AI6),AI6-AJ6,0) | AP6: US-Accounts Receivable | AQ6: 132775 | AR6: 0 | AS6: 0
A7: leddy | B7: ExistingCustomerEOM | C7: ExistingCustomerEOM | D7: 0 | E7: 0 | F7: 0 | G7: 0 | H7: 0 | I7: 0 | K7: 0 | L7: 0 | M7: 1 | N7: 1 | O7: New | P7: New | Q7: 0 | R7: 0 | S7: 0 | T7: 0 | U7: 0 | V7: 0 | W7: 0 | X7: 0 | Y7: 28 | Z7: 28 | AA7: Monthly | AB7: Monthly | AC7: PhuPh | AD7: PhuPh | AE7: 0 | AF7: 0 | AG7: 1 | AH7: 1 | AI7: ==W7+ Y7+D7+H7 | AJ7: ==X7+Z7+E7+I7 | AK7: ==IF(AI7=0,AJ7,0) | AL7: ==IF(AND(AI7>0,AJ7>AI7),AJ7-AI7,0) | AM7: ==IF(AI7=AJ7,AJ7,0) | AN7: ==IF(AJ7=0,AI7,0) | AO7: ==IF(AND(AJ7>0,AJ7<AI7),AI7-AJ7,0) | AP7: US-Accounts Receivable | AQ7: 148689 | AR7: 0 | AS7: 0
A8: beyonddetailedsolutions | B8: ExistingCustomerEOM | C8: ExistingCustomerEOM | D8: 0 | E8: 0 | F8: 0 | G8: 0 | H8: -3 | I8: -3 | K8: -25 | L8: -25 | M8: 1 | N8: 1 | O8: New | P8: New | Q8: 0 | R8: 0 | S8: 0 | T8: 0 | U8: 0 | V8: 0 | W8: 0 | X8: 0 | Y8: 28 | Z8: 28 | AA8: Prepay | AB8: Prepay | AC8: PhuPh | AD8: PhuPh | AE8: 0 | AF8: 0 | AG8: 1 | AH8: 1 | AI8: ==W8+ Y8+D8+H8 | AJ8: ==X8+Z8+E8+I8 | AK8: ==IF(AI8=0,AJ8,0) | AL8: ==IF(AND(AI8>0,AJ8>AI8),AJ8-AI8,0) | AM8: ==IF(AI8=AJ8,AJ8,0) | AN8: ==IF(AJ8=0,AI8,0) | AO8: ==IF(AND(AJ8>0,AJ8<AI8),AI8-AJ8,0) | AP8: US-Accounts Receivable | AQ8: 150052 | AR8: 0 | AS8: 0
A9: guardianangel | B9: ExistingCustomerEOM | C9: ExistingCustomerEOM | D9: 0 | E9: 0 | F9: 0 | G9: 0 | H9: 0 | I9: 0 | K9: 0 | L9: 0 | M9: 0 | N9: 0 | O9: unknown | P9: unknown | Q9: 0 | R9: 0 | S9: 0 | T9: 0 | U9: 0 | V9: 0 | W9: 0 | X9: 0 | Y9: 0 | Z9: 0 | AE9: 0 | AF9: 0 | AG9: 0 | AH9: 0 | AI9: ==W9+ Y9+D9+H9 | AJ9: ==X9+Z9+E9+I9 | AK9: ==IF(AI9=0,AJ9,0) | AL9: ==IF(AND(AI9>0,AJ9>AI9),AJ9-AI9,0) | AM9: ==IF(AI9=AJ9,AJ9,0) | AN9: ==IF(AJ9=0,AI9,0) | AO9: ==IF(AND(AJ9>0,AJ9<AI9),AI9-AJ9,0) | AP9: US-Accounts Receivable | AQ9: 150132 | AR9: 0 | AS9: 0
A10: alliedhomewatch2 | B10: ExistingCustomerEOM | D10: 0 | E10: 0 | F10: 0 | G10: 0 | H10: 0 | I10: 0 | K10: 0 | L10: 0 | M10: 1 | N10: 0 | O10: New | Q10: 0 | R10: 0 | S10: 0 | T10: 0 | U10: 0 | V10: 0 | W10: 0 | X10: 0 | Y10: 28 | Z10: 0 | AA10: Monthly | AC10: PhuPh | AE10: 0 | AF10: 0 | AG10: 1 | AH10: 0 | AI10: ==W10+ Y10+D10+H10 | AJ10: ==X10+Z10+E10+I10 | AK10: ==IF(AI10=0,AJ10,0) | AL10: ==IF(AND(AI10>0,AJ10>AI10),AJ10-AI10,0) | AM10: ==IF(AI10=AJ10,AJ10,0) | AN10: ==IF(AJ10=0,AI10,0) | AO10: ==IF(AND(AJ10>0,AJ10<AI10),AI10-AJ10,0) | AP10: US-Accounts Receivable | AQ10: 152940 | AR10: 0 | AS10: 0
A11: casanapleshomewatch | B11: ExistingCustomerEOM | C11: ExistingCustomerEOM | D11: 0 | E11: 0 | F11: 0 | G11: 0 | H11: 0 | I11: 0 | K11: 0 | L11: 0 | M11: 1 | N11: 1 | O11: New | P11: New | Q11: 0 | R11: 0 | S11: 0 | T11: 0 | U11: 0 | V11: 0 | W11: 0 | X11: 0 | Y11: 28 | Z11: 28 | AA11: Monthly | AB11: Monthly | AC11: PhuPh | AD11: PhuPh | AE11: 0 | AF11: 0 | AG11: 1 | AH11: 1 | AI11: ==W11+ Y11+D11+H11 | AJ11: ==X11+Z11+E11+I11 | AK11: ==IF(AI11=0,AJ11,0) | AL11: ==IF(AND(AI11>0,AJ11>AI11),AJ11-AI11,0) | AM11: ==IF(AI11=AJ11,AJ11,0) | AN11: ==IF(AJ11=0,AI11,0) | AO11: ==IF(AND(AJ11>0,AJ11<AI11),AI11-AJ11,0) | AP11: US-Accounts Receivable | AQ11: 159752 | AR11: 0 | AS11: 0
A12: rimrocksoftware | B12: TrialerCancelled | D12: 0 | E12: 0 | F12: 0 | G12: 0 | H12: 0 | I12: 0 | K12: 0 | L12: 0 | M12: 2 | N12: 0 | O12: New | Q12: 0 | R12: 0 | S12: 0 | T12: 0 | U12: 0 | V12: 0 | W12: 0 | X12: 0 | Y12: 40 | Z12: 0 | AA12: Monthly | AC12: PhuPh | AE12: 0 | AF12: 0 | AG12: 1 | AH12: 0 | AI12: ==W12+ Y12+D12+H12 | AJ12: ==X12+Z12+E12+I12 | AK12: ==IF(AI12=0,AJ12,0) | AL12: ==IF(AND(AI12>0,AJ12>AI12),AJ12-AI12,0) | AM12: ==IF(AI12=AJ12,AJ12,0) | AN12: ==IF(AJ12=0,AI12,0) | AO12: ==IF(AND(AJ12>0,AJ12<AI12),AI12-AJ12,0) | AP12: US-Accounts Receivable | AQ12: 177742 | AR12: 0 | AS12: 0
A13: lightconsultancy | B13: ExistingCustomerEOM | C13: ExistingCustomerEOM | D13: -101 | E13: -101 | F13: 0 | G13: 0 | H13: 0 | I13: 0 | K13: 0 | L13: 0 | M13: 4 | N13: 4 | O13: New | P13: New | Q13: 0 | R13: 0 | S13: 0 | T13: 0 | U13: 0 | V13: 0 | W13: 0 | X13: 0 | Y13: 101 | Z13: 101 | AA13: Monthly | AB13: Monthly | AC13: PhuPh | AD13: PhuPh | AE13: 0 | AF13: 0 | AG13: 2 | AH13: 2 | AI13: ==W13+ Y13+D13+H13 | AJ13: ==X13+Z13+E13+I13 | AK13: ==IF(AI13=0,AJ13,0) | AL13: ==IF(AND(AI13>0,AJ13>AI13),AJ13-AI13,0) | AM13: ==IF(AI13=AJ13,AJ13,0) | AN13: ==IF(AJ13=0,AI13,0) | AO13: ==IF(AND(AJ13>0,AJ13<AI13),AI13-AJ13,0) | AP13: US-Accounts Receivable | AQ13: 173877 | AR13: 0 | AS13: 0
A14: upfrontservices | B14: NewCustomerEOM | C14: ExistingCustomerEOM | D14: 0 | E14: 0 | F14: 0 | G14: 0 | H14: 0 | I14: 0 | K14: 0 | L14: 0 | M14: 6 | N14: 6 | O14: New | P14: New | Q14: 0 | R14: 0 | S14: 0 | T14: 0 | U14: 0 | V14: 0 | W14: 0 | X14: 0 | Y14: 553 | Z14: 836 | AA14: Monthly | AB14: Monthly | AC14: PhuPh | AD14: PhuPh | AE14: 0 | AF14: 0 | AG14: 10 | AH14: 10 | AI14: ==W14+ Y14+D14+H14 | AJ14: ==X14+Z14+E14+I14 | AK14: ==IF(AI14=0,AJ14,0) | AL14: ==IF(AND(AI14>0,AJ14>AI14),AJ14-AI14,0) | AM14: ==IF(AI14=AJ14,AJ14,0) | AN14: ==IF(AJ14=0,AI14,0) | AO14: ==IF(AND(AJ14>0,AJ14<AI14),AI14-AJ14,0) | AP14: US-Accounts Receivable | AQ14: 176322 | AR14: 0 | AS14: 0
A15: ceo40groupinc | B15: NewCustomerEOM | C15: ExistingCustomerEOM | D15: 0 | E15: 0 | F15: 0 | G15: 0 | H15: 0 | I15: 0 | K15: 0 | L15: 0 | M15: 3 | N15: 3 | O15: New | P15: New | Q15: 0 | R15: 0 | S15: 0 | T15: 0 | U15: 0 | V15: 0 | W15: 0 | X15: 0 | Y15: 49 | Z15: 151 | AA15: Monthly | AB15: Monthly | AC15: ChWon | AD15: UrRao | AE15: 0 | AF15: 0 | AG15: 1 | AH15: 4 | AI15: ==W15+ Y15+D15+H15 | AJ15: ==X15+Z15+E15+I15 | AK15: ==IF(AI15=0,AJ15,0) | AL15: ==IF(AND(AI15>0,AJ15>AI15),AJ15-AI15,0) | AM15: ==IF(AI15=AJ15,AJ15,0) | AN15: ==IF(AJ15=0,AI15,0) | AO15: ==IF(AND(AJ15>0,AJ15<AI15),AI15-AJ15,0) | AP15: US-Accounts Receivable | AQ15: 176317 | AR15: 0 | AS15: 0
A16: theatticdepot2 | B16: NewCustomerEOM | C16: ExistingCustomerEOM | D16: 0 | E16: 0 | F16: 0 | G16: 0 | H16: -30.5 | I16: -16.2 | K16: -91.5 | L16: -145.8 | M16: 5 | N16: 5 | O16: New | P16: New | Q16: 0 | R16: 0 | S16: 0 | T16: 0 | U16: 0 | V16: 0 | W16: 0 | X16: 0 | Y16: 122 | Z16: 162 | AA16: Prepay | AB16: Prepay | AC16: ChWon | AD16: SukSa | AE16: 0 | AF16: 0 | AG16: 2 | AH16: 3 | AI16: ==W16+ Y16+D16+H16 | AJ16: ==X16+Z16+E16+I16 | AK16: ==IF(AI16=0,AJ16,0) | AL16: ==IF(AND(AI16>0,AJ16>AI16),AJ16-AI16,0) | AM16: ==IF(AI16=AJ16,AJ16,0) | AN16: ==IF(AJ16=0,AI16,0) | AO16: ==IF(AND(AJ16>0,AJ16<AI16),AI16-AJ16,0) | AP16: US-Accounts Receivable | AQ16: 176326 | AR16: 0 | AS16: 0
A17: pipemonsterplumbingllc | B17: NewCustChurn | D17: 0 | E17: 0 | F17: 0 | G17: 0 | H17: 0 | I17: 0 | K17: 0 | L17: 0 | M17: 4 | N17: 0 | O17: New | Q17: 0 | R17: 0 | S17: 0 | T17: 0 | U17: 0 | V17: 0 | W17: 0 | X17: 0 | Y17: 183 | Z17: 0 | AA17: Monthly | AC17: ChWon | AE17: 0 | AF17: 0 | AG17: 3 | AH17: 0 | AI17: ==W17+ Y17+D17+H17 | AJ17: ==X17+Z17+E17+I17 | AK17: ==IF(AI17=0,AJ17,0) | AL17: ==IF(AND(AI17>0,AJ17>AI17),AJ17-AI17,0) | AM17: ==IF(AI17=AJ17,AJ17,0) | AN17: ==IF(AJ17=0,AI17,0) | AO17: ==IF(AND(AJ17>0,AJ17<AI17),AI17-AJ17,0) | AP17: US-Accounts Receivable | AQ17: 176314 | AR17: 0 | AS17: 0
A18: hallknifeandforge | B18: ExistingCustomerEOM | C18: ExistingCustomerEOM | D18: 0 | E18: 0 | F18: 0 | G18: 0 | H18: 0 | I18: 0 | K18: 0 | L18: 0 | M18: 3 | N18: 3 | O18: New | P18: New | Q18: 0 | R18: 0 | S18: 0 | T18: 0 | U18: 0 | V18: 0 | W18: 0 | X18: 0 | Y18: 52 | Z18: 52 | AA18: Monthly | AB18: Monthly | AC18: JaiPa | AD18: JaiPa | AE18: 0 | AF18: 0 | AG18: 1 | AH18: 1 | AI18: ==W18+ Y18+D18+H18 | AJ18: ==X18+Z18+E18+I18 | AK18: ==IF(AI18=0,AJ18,0) | AL18: ==IF(AND(AI18>0,AJ18>AI18),AJ18-AI18,0) | AM18: ==IF(AI18=AJ18,AJ18,0) | AN18: ==IF(AJ18=0,AI18,0) | AO18: ==IF(AND(AJ18>0,AJ18<AI18),AI18-AJ18,0) | AP18: CAN-Accounts Receivable | AQ18: 168753 | AR18: 0 | AS18: 0
A19: ethiopiancommunityassociationofgreaterphil | B19: ExistingCustomerEOM | D19: 0 | E19: 0 | F19: 0 | G19: 0 | H19: -3 | I19: 0 | K19: -25 | L19: 0 | M19: 1 | N19: 0 | O19: New | Q19: 0 | R19: 0 | S19: 0 | T19: 0 | U19: 0 | V19: 0 | W19: 0 | X19: 0 | Y19: 28 | Z19: 0 | AA19: Prepay | AC19: RafSy | AE19: 0 | AF19: 0 | AG19: 1 | AH19: 0 | AI19: ==W19+ Y19+D19+H19 | AJ19: ==X19+Z19+E19+I19 | AK19: ==IF(AI19=0,AJ19,0) | AL19: ==IF(AND(AI19>0,AJ19>AI19),AJ19-AI19,0) | AM19: ==IF(AI19=AJ19,AJ19,0) | AN19: ==IF(AJ19=0,AI19,0) | AO19: ==IF(AND(AJ19>0,AJ19<AI19),AI19-AJ19,0) | AP19: US-Accounts Receivable | AQ19: 168777 | AR19: 0 | AS19: 0
A20: fairlanefurniturerestorers3 | B20: ExistingCustomerEOM | C20: ExistingCustomerEOM | D20: 0 | E20: 0 | F20: -155 | G20: -46.5 | H20: 0 | I20: 0 | K20: 0 | L20: 0 | M20: 2 | N20: 2 | O20: unknown | P20: New | Q20: 0 | R20: 0 | S20: 155 | T20: 465 | U20: 0 | V20: 0 | W20: 0 | X20: 0 | Y20: 416 | Z20: 1065 | AA20: Monthly | AB20: Monthly | AC20: PhuPh | AD20: PhuPh | AE20: 0 | AF20: 0 | AG20: 11 | AH20: 6 | AI20: ==W20+ Y20+D20+H20 | AJ20: ==X20+Z20+E20+I20 | AK20: ==IF(AI20=0,AJ20,0) | AL20: ==IF(AND(AI20>0,AJ20>AI20),AJ20-AI20,0) | AM20: ==IF(AI20=AJ20,AJ20,0) | AN20: ==IF(AJ20=0,AI20,0) | AO20: ==IF(AND(AJ20>0,AJ20<AI20),AI20-AJ20,0) | AP20: US-Accounts Receivable | AQ20: 172556 | AR20: 0 | AS20: 0
A21: bieldentalcabinetsrebielcompanyinc | B21: ExistingCustomerEOM | C21: ExistingCustomerEOM | D21: 0 | E21: 0 | F21: 0 | G21: 0 | H21: -24.5 | I21: -11 | K21: -73.5 | L21: -99 | M21: 3 | N21: 4 | O21: unknown | P21: New | Q21: 0 | R21: 0 | S21: 155 | T21: 0 | U21: 0 | V21: 0 | W21: 0 | X21: 0 | Y21: 98 | Z21: 110 | AA21: Prepay | AB21: Prepay | AC21: ChWon | AD21: JaiPa | AE21: 0 | AF21: 0 | AG21: 2 | AH21: 2 | AI21: ==W21+ Y21+D21+H21 | AJ21: ==X21+Z21+E21+I21 | AK21: ==IF(AI21=0,AJ21,0) | AL21: ==IF(AND(AI21>0,AJ21>AI21),AJ21-AI21,0) | AM21: ==IF(AI21=AJ21,AJ21,0) | AN21: ==IF(AJ21=0,AI21,0) | AO21: ==IF(AND(AJ21>0,AJ21<AI21),AI21-AJ21,0) | AP21: US-Accounts Receivable | AQ21: 172829 | AR21: 0 | AS21: 0
A22: baldwinglass | B22: ExistingCustomerEOM | D22: 0 | E22: 0 | F22: 0 | G22: 0 | H22: 0 | I22: 0 | K22: 0 | L22: 0 | M22: 3 | N22: 0 | O22: New | Q22: 0 | R22: 0 | S22: 0 | T22: 0 | U22: 0 | V22: 0 | W22: 0 | X22: 0 | Y22: 49 | Z22: 0 | AA22: Monthly | AC22: ChWon | AE22: 0 | AF22: 0 | AG22: 1 | AH22: 0 | AI22: ==W22+ Y22+D22+H22 | AJ22: ==X22+Z22+E22+I22 | AK22: ==IF(AI22=0,AJ22,0) | AL22: ==IF(AND(AI22>0,AJ22>AI22),AJ22-AI22,0) | AM22: ==IF(AI22=AJ22,AJ22,0) | AN22: ==IF(AJ22=0,AI22,0) | AO22: ==IF(AND(AJ22>0,AJ22<AI22),AI22-AJ22,0) | AP22: US-Accounts Receivable | AQ22: 172574 | AR22: 0 | AS22: 0
A23: tcssllc3 | B23: ExistingCustomerEOM | C23: ExistingCustomerEOM | D23: 0 | E23: 0 | F23: 0 | G23: 0 | H23: 0 | I23: 0 | K23: 0 | L23: 0 | M23: 5 | N23: 5 | O23: unknown | P23: New | Q23: 0 | R23: 0 | S23: 77.5 | T23: 0 | U23: 0 | V23: 0 | W23: 0 | X23: 0 | Y23: 389 | Z23: 407 | AA23: Monthly | AB23: Monthly | AC23: PhuPh | AD23: PhuPh | AE23: 0 | AF23: 0 | AG23: 9 | AH23: 10 | AI23: ==W23+ Y23+D23+H23 | AJ23: ==X23+Z23+E23+I23 | AK23: ==IF(AI23=0,AJ23,0) | AL23: ==IF(AND(AI23>0,AJ23>AI23),AJ23-AI23,0) | AM23: ==IF(AI23=AJ23,AJ23,0) | AN23: ==IF(AJ23=0,AI23,0) | AO23: ==IF(AND(AJ23>0,AJ23<AI23),AI23-AJ23,0) | AP23: US-Accounts Receivable | AQ23: 174386 | AR23: 0 | AS23: 0
A24: boxgangmanufacturing2 | B24: ExistingCustomerEOM | C24: ExistingCustomerEOM | D24: 0 | E24: 0 | F24: 0 | G24: 0 | H24: -58 | I24: 0 | K24: -174 | L24: 0 | M24: 5 | N24: 4 | O24: New | P24: New | Q24: 0 | R24: 0 | S24: 0 | T24: 0 | U24: 0 | V24: 0 | W24: 0 | X24: 0 | Y24: 232 | Z24: 208 | AA24: Prepay | AB24: Monthly | AC24: MikPa | AD24: MikPa | AE24: 0 | AF24: 0 | AG24: 4 | AH24: 4 | AI24: ==W24+ Y24+D24+H24 | AJ24: ==X24+Z24+E24+I24 | AK24: ==IF(AI24=0,AJ24,0) | AL24: ==IF(AND(AI24>0,AJ24>AI24),AJ24-AI24,0) | AM24: ==IF(AI24=AJ24,AJ24,0) | AN24: ==IF(AJ24=0,AI24,0) | AO24: ==IF(AND(AJ24>0,AJ24<AI24),AI24-AJ24,0) | AP24: US-Accounts Receivable | AQ24: 164857 | AR24: 0 | AS24: 0
A25: advprosecurity | B25: ExistingCustomerEOM | C25: ExistingCustomerEOM | D25: 0 | E25: 0 | F25: 0 | G25: 0 | H25: -35 | I25: -30 | K25: -308 | L25: -264 | M25: 3 | N25: 3 | O25: New | P25: New | Q25: 0 | R25: 0 | S25: 0 | T25: 0 | U25: 0 | V25: 0 | W25: 0 | X25: 0 | Y25: 343 | Z25: 294 | AA25: Prepay | AB25: Prepay | AC25: SukSa | AD25: ShaLi | AE25: 0 | AF25: 0 | AG25: 1 | AH25: 6 | AI25: ==W25+ Y25+D25+H25 | AJ25: ==X25+Z25+E25+I25 | AK25: ==IF(AI25=0,AJ25,0) | AL25: ==IF(AND(AI25>0,AJ25>AI25),AJ25-AI25,0) | AM25: ==IF(AI25=AJ25,AJ25,0) | AN25: ==IF(AJ25=0,AI25,0) | AO25: ==IF(AND(AJ25>0,AJ25<AI25),AI25-AJ25,0) | AP25: US-Accounts Receivable | AQ25: 164832 | AR25: 0 | AS25: 0
A26: arianhomecarecorporation | B26: ExistingCustomerEOM | D26: 0 | E26: 0 | F26: 0 | G26: 0 | H26: 0 | I26: 0 | K26: 0 | L26: 0 | M26: 4 | N26: 0 | O26: New | Q26: 0 | R26: 0 | S26: 0 | T26: 0 | U26: 0 | V26: 0 | W26: 0 | X26: 0 | Y26: 184 | Z26: 0 | AA26: Monthly | AC26: PhuPh | AE26: 0 | AF26: 0 | AG26: 4 | AH26: 0 | AI26: ==W26+ Y26+D26+H26 | AJ26: ==X26+Z26+E26+I26 | AK26: ==IF(AI26=0,AJ26,0) | AL26: ==IF(AND(AI26>0,AJ26>AI26),AJ26-AI26,0) | AM26: ==IF(AI26=AJ26,AJ26,0) | AN26: ==IF(AJ26=0,AI26,0) | AO26: ==IF(AND(AJ26>0,AJ26<AI26),AI26-AJ26,0) | AP26: CAN-Accounts Receivable | AQ26: 166319 | AR26: 0 | AS26: 0
A27: agpharma | B27: ExistingCustomerEOM | C27: ExistingCustomerEOM | D27: 0 | E27: 0 | F27: -36.25 | G27: 0 | H27: 0 | I27: 0 | K27: 0 | L27: 0 | M27: 3 | N27: 3 | O27: unknown | P27: New | Q27: 0 | R27: 0 | S27: 725 | T27: 0 | U27: 0 | V27: 0 | W27: 0 | X27: 0 | Y27: 421 | Z27: 479 | AA27: Monthly | AB27: Monthly | AC27: PhuPh | AD27: PhuPh | AE27: 0 | AF27: 0 | AG27: 10 | AH27: 11 | AI27: ==W27+ Y27+D27+H27 | AJ27: ==X27+Z27+E27+I27 | AK27: ==IF(AI27=0,AJ27,0) | AL27: ==IF(AND(AI27>0,AJ27>AI27),AJ27-AI27,0) | AM27: ==IF(AI27=AJ27,AJ27,0) | AN27: ==IF(AJ27=0,AI27,0) | AO27: ==IF(AND(AJ27>0,AJ27<AI27),AI27-AJ27,0) | AP27: US-Accounts Receivable | AQ27: 166164 | AR27: 0 | AS27: 0
A28: bptest | B28: ExistingCustomerEOM | D28: 0 | E28: 0 | F28: 0 | G28: 0 | H28: -8 | I28: 0 | K28: -72 | L28: 0 | M28: 2 | N28: 0 | O28: New | Q28: 0 | R28: 0 | S28: 0 | T28: 0 | U28: 0 | V28: 0 | W28: 0 | X28: 0 | Y28: 80 | Z28: 0 | AA28: Prepay | AC28: RafSy | AE28: 0 | AF28: 0 | AG28: 2 | AH28: 0 | AI28: ==W28+ Y28+D28+H28 | AJ28: ==X28+Z28+E28+I28 | AK28: ==IF(AI28=0,AJ28,0) | AL28: ==IF(AND(AI28>0,AJ28>AI28),AJ28-AI28,0) | AM28: ==IF(AI28=AJ28,AJ28,0) | AN28: ==IF(AJ28=0,AI28,0) | AO28: ==IF(AND(AJ28>0,AJ28<AI28),AI28-AJ28,0) | AP28: US-Accounts Receivable | AQ28: 165958 | AR28: 0 | AS28: 0
A29: permitsbymirza2 | B29: ExistingCustomerEOM | D29: 0 | E29: 0 | F29: 0 | G29: 0 | H29: 0 | I29: 0 | K29: 0 | L29: 0 | M29: 3 | N29: 0 | O29: New | Q29: 0 | R29: 0 | S29: 0 | T29: 0 | U29: 0 | V29: 0 | W29: 0 | X29: 0 | Y29: 89 | Z29: 0 | AA29: Monthly | AC29: RafSy | AE29: 0 | AF29: 0 | AG29: 2 | AH29: 0 | AI29: ==W29+ Y29+D29+H29 | AJ29: ==X29+Z29+E29+I29 | AK29: ==IF(AI29=0,AJ29,0) | AL29: ==IF(AND(AI29>0,AJ29>AI29),AJ29-AI29,0) | AM29: ==IF(AI29=AJ29,AJ29,0) | AN29: ==IF(AJ29=0,AI29,0) | AO29: ==IF(AND(AJ29>0,AJ29<AI29),AI29-AJ29,0) | AP29: US-Accounts Receivable | AQ29: 167628 | AR29: 0 | AS29: 0
A30: trendysurfaces | B30: ExistingCustomerEOM | C30: ExistingCustomerEOM | D30: 0 | E30: 0 | F30: 0 | G30: 0 | H30: 0 | I30: 0 | K30: 0 | L30: 0 | M30: 1 | N30: 1 | O30: New | P30: New | Q30: 0 | R30: 0 | S30: 0 | T30: 0 | U30: 0 | V30: 0 | W30: 0 | X30: 0 | Y30: 84 | Z30: 56 | AA30: Monthly | AB30: Monthly | AC30: RafSy | AD30: RafSy | AE30: 0 | AF30: 0 | AG30: 3 | AH30: 2 | AI30: ==W30+ Y30+D30+H30 | AJ30: ==X30+Z30+E30+I30 | AK30: ==IF(AI30=0,AJ30,0) | AL30: ==IF(AND(AI30>0,AJ30>AI30),AJ30-AI30,0) | AM30: ==IF(AI30=AJ30,AJ30,0) | AN30: ==IF(AJ30=0,AI30,0) | AO30: ==IF(AND(AJ30>0,AJ30<AI30),AI30-AJ30,0) | AP30: US-Accounts Receivable | AQ30: 159898 | AR30: 0 | AS30: 0
A31: tipsyponypartybarllc | B31: ExistingCustomerEOM | C31: ExistingCustomerEOM | D31: 0 | E31: 0 | F31: 0 | G31: 0 | H31: -11 | I31: -11 | K31: -74 | L31: -74 | M31: 6 | N31: 6 | O31: New | P31: New | Q31: 0 | R31: 0 | S31: 0 | T31: 0 | U31: 0 | V31: 0 | W31: 0 | X31: 0 | Y31: 85 | Z31: 85 | AA31: Prepay | AB31: Prepay | AC31: SukSa | AD31: SukSa | AE31: 0 | AF31: 0 | AG31: 1 | AH31: 1 | AI31: ==W31+ Y31+D31+H31 | AJ31: ==X31+Z31+E31+I31 | AK31: ==IF(AI31=0,AJ31,0) | AL31: ==IF(AND(AI31>0,AJ31>AI31),AJ31-AI31,0) | AM31: ==IF(AI31=AJ31,AJ31,0) | AN31: ==IF(AJ31=0,AI31,0) | AO31: ==IF(AND(AJ31>0,AJ31<AI31),AI31-AJ31,0) | AP31: US-Accounts Receivable | AQ31: 161000 | AR31: 0 | AS31: 0
A32: dinosaw2 | B32: ExistingCustomerEOM | C32: ExistingCustomerEOM | D32: 0 | E32: 0 | F32: 0 | G32: 0 | H32: 0 | I32: 0 | K32: 0 | L32: 0 | M32: 4 | N32: 4 | O32: New | P32: New | Q32: 0 | R32: 0 | S32: 0 | T32: 0 | U32: 0 | V32: 0 | W32: 0 | X32: 0 | Y32: 61 | Z32: 61 | AA32: Monthly | AB32: Monthly | AC32: RafSy | AD32: RafSy | AE32: 0 | AF32: 0 | AG32: 1 | AH32: 1 | AI32: ==W32+ Y32+D32+H32 | AJ32: ==X32+Z32+E32+I32 | AK32: ==IF(AI32=0,AJ32,0) | AL32: ==IF(AND(AI32>0,AJ32>AI32),AJ32-AI32,0) | AM32: ==IF(AI32=AJ32,AJ32,0) | AN32: ==IF(AJ32=0,AI32,0) | AO32: ==IF(AND(AJ32>0,AJ32<AI32),AI32-AJ32,0) | AP32: US-Accounts Receivable | AQ32: 160992 | AR32: 0 | AS32: 0
A33: nextsteporlando4 | B33: ExistingCustomerEOM | C33: ExistingCustomerEOM | D33: 0 | E33: 0 | F33: 0 | G33: 0 | H33: 0 | I33: 0 | K33: 0 | L33: 0 | M33: 3 | N33: 3 | O33: New | P33: New | Q33: 0 | R33: 0 | S33: 0 | T33: 0 | U33: 0 | V33: 0 | W33: 0 | X33: 0 | Y33: 52 | Z33: 52 | AA33: Monthly | AB33: Monthly | AC33: SukSa | AD33: SukSa | AE33: 0 | AF33: 0 | AG33: 1 | AH33: 1 | AI33: ==W33+ Y33+D33+H33 | AJ33: ==X33+Z33+E33+I33 | AK33: ==IF(AI33=0,AJ33,0) | AL33: ==IF(AND(AI33>0,AJ33>AI33),AJ33-AI33,0) | AM33: ==IF(AI33=AJ33,AJ33,0) | AN33: ==IF(AJ33=0,AI33,0) | AO33: ==IF(AND(AJ33>0,AJ33<AI33),AI33-AJ33,0) | AP33: US-Accounts Receivable | AQ33: 162151 | AR33: 0 | AS33: 0
A34: turnservllc2 | B34: ExistingCustomerEOM | C34: ExistingCustomerEOM | D34: 0 | E34: 0 | F34: -725 | G34: 0 | H34: 0 | I34: 0 | K34: 0 | L34: 0 | M34: 6 | N34: 6 | O34: unknown | P34: New | Q34: 0 | R34: 0 | S34: 3625 | T34: 0 | U34: 0 | V34: 0 | W34: 0 | X34: 0 | Y34: 1628 | Z34: 1518 | AA34: Monthly | AB34: Monthly | AC34: MikPa | AD34: MikPa | AE34: 0 | AF34: 0 | AG34: 35 | AH34: 23 | AI34: ==W34+ Y34+D34+H34 | AJ34: ==X34+Z34+E34+I34 | AK34: ==IF(AI34=0,AJ34,0) | AL34: ==IF(AND(AI34>0,AJ34>AI34),AJ34-AI34,0) | AM34: ==IF(AI34=AJ34,AJ34,0) | AN34: ==IF(AJ34=0,AI34,0) | AO34: ==IF(AND(AJ34>0,AJ34<AI34),AI34-AJ34,0) | AP34: US-Accounts Receivable | AQ34: 163490 | AR34: 0 | AS34: 0
A35: blackhausflooring | B35: ExistingCustChurn | D35: 0 | E35: 0 | F35: 0 | G35: 0 | H35: -9 | I35: 0 | K35: -64 | L35: 0 | M35: 5 | N35: 0 | O35: unknown | Q35: 0 | R35: 0 | S35: 0 | T35: 0 | U35: 0 | V35: 0 | W35: 0 | X35: 0 | Y35: 73 | Z35: 0 | AA35: Prepay | AC35: JaiPa | AE35: 0 | AF35: 0 | AG35: 1 | AH35: 0 | AI35: ==W35+ Y35+D35+H35 | AJ35: ==X35+Z35+E35+I35 | AK35: ==IF(AI35=0,AJ35,0) | AL35: ==IF(AND(AI35>0,AJ35>AI35),AJ35-AI35,0) | AM35: ==IF(AI35=AJ35,AJ35,0) | AN35: ==IF(AJ35=0,AI35,0) | AO35: ==IF(AND(AJ35>0,AJ35<AI35),AI35-AJ35,0) | AP35: US-Accounts Receivable | AQ35: 163512 | AR35: 0 | AS35: 0
A36: cascadestainlesssolutionsllc | B36: ExistingCustomerEOM | D36: 0 | E36: 0 | F36: 0 | G36: 0 | H36: 0 | I36: 0 | K36: 0 | L36: 0 | M36: 5 | N36: 0 | O36: New | Q36: 0 | R36: 0 | S36: 0 | T36: 0 | U36: 0 | V36: 0 | W36: 0 | X36: 0 | Y36: 122 | Z36: 0 | AA36: Monthly | AC36: SukSa | AE36: 0 | AF36: 0 | AG36: 2 | AH36: 0 | AI36: ==W36+ Y36+D36+H36 | AJ36: ==X36+Z36+E36+I36 | AK36: ==IF(AI36=0,AJ36,0) | AL36: ==IF(AND(AI36>0,AJ36>AI36),AJ36-AI36,0) | AM36: ==IF(AI36=AJ36,AJ36,0) | AN36: ==IF(AJ36=0,AI36,0) | AO36: ==IF(AND(AJ36>0,AJ36<AI36),AI36-AJ36,0) | AP36: US-Accounts Receivable | AQ36: 155176 | AR36: 0 | AS36: 0
A37: colonyroofing | B37: ExistingCustomerEOM | C37: ExistingCustomerEOM | D37: 0 | E37: 0 | F37: 0 | G37: 0 | H37: 0 | I37: 0 | K37: 0 | L37: 0 | M37: 3 | N37: 3 | O37: New | P37: New | Q37: 0 | R37: 0 | S37: 0 | T37: 0 | U37: 0 | V37: 0 | W37: 0 | X37: 0 | Y37: 322 | Z37: 322 | AA37: Monthly | AB37: Monthly | AC37: MikPa | AD37: MikPa | AE37: 0 | AF37: 0 | AG37: 7 | AH37: 7 | AI37: ==W37+ Y37+D37+H37 | AJ37: ==X37+Z37+E37+I37 | AK37: ==IF(AI37=0,AJ37,0) | AL37: ==IF(AND(AI37>0,AJ37>AI37),AJ37-AI37,0) | AM37: ==IF(AI37=AJ37,AJ37,0) | AN37: ==IF(AJ37=0,AI37,0) | AO37: ==IF(AND(AJ37>0,AJ37<AI37),AI37-AJ37,0) | AP37: US-Accounts Receivable | AQ37: 156444 | AR37: 0 | AS37: 0
A38: pioneersourcingsolutionsllc | B38: ExistingCustomerEOM | C38: ExistingCustomerEOM | D38: 0 | E38: 0 | F38: 0 | G38: 0 | H38: -3 | I38: -3 | K38: -25 | L38: -25 | M38: 1 | N38: 1 | O38: New | P38: New | Q38: 0 | R38: 0 | S38: 0 | T38: 0 | U38: 0 | V38: 0 | W38: 0 | X38: 0 | Y38: 28 | Z38: 28 | AA38: Prepay | AB38: Prepay | AC38: RafSy | AD38: RafSy | AE38: 0 | AF38: 0 | AG38: 1 | AH38: 1 | AI38: ==W38+ Y38+D38+H38 | AJ38: ==X38+Z38+E38+I38 | AK38: ==IF(AI38=0,AJ38,0) | AL38: ==IF(AND(AI38>0,AJ38>AI38),AJ38-AI38,0) | AM38: ==IF(AI38=AJ38,AJ38,0) | AN38: ==IF(AJ38=0,AI38,0) | AO38: ==IF(AND(AJ38>0,AJ38<AI38),AI38-AJ38,0) | AP38: US-Accounts Receivable | AQ38: 158737 | AR38: 0 | AS38: 0
A39: jdshouseoftrophies | B39: ExistingCustomerEOM | C39: ExistingCustomerEOM | D39: 0 | E39: 0 | F39: 0 | G39: -155 | H39: 0 | I39: 0 | K39: 0 | L39: 0 | M39: 3 | N39: 3 | O39: New | P39: unknown | Q39: 0 | R39: 0 | S39: 0 | T39: 155 | U39: 0 | V39: 0 | W39: 0 | X39: 0 | Y39: 196 | Z39: 196 | AA39: Monthly | AB39: Monthly | AC39: PhuPh | AD39: PhuPh | AE39: 0 | AF39: 0 | AG39: 4 | AH39: 4 | AI39: ==W39+ Y39+D39+H39 | AJ39: ==X39+Z39+E39+I39 | AK39: ==IF(AI39=0,AJ39,0) | AL39: ==IF(AND(AI39>0,AJ39>AI39),AJ39-AI39,0) | AM39: ==IF(AI39=AJ39,AJ39,0) | AN39: ==IF(AJ39=0,AI39,0) | AO39: ==IF(AND(AJ39>0,AJ39<AI39),AI39-AJ39,0) | AP39: US-Accounts Receivable | AQ39: 158724 | AR39: 0 | AS39: 0
A40: finelinecreativeartscenter | B40: ExistingCustomerEOM | C40: ExistingCustomerEOM | D40: 0 | E40: 0 | F40: 0 | G40: 0 | H40: -5.6 | I40: -5.6 | K40: -50.4 | L40: -50.4 | M40: 1 | N40: 1 | O40: New | P40: New | Q40: 0 | R40: 0 | S40: 0 | T40: 0 | U40: 0 | V40: 0 | W40: 0 | X40: 0 | Y40: 56 | Z40: 56 | AA40: Prepay | AB40: Prepay | AC40: RafSy | AD40: RafSy | AE40: 0 | AF40: 0 | AG40: 2 | AH40: 2 | AI40: ==W40+ Y40+D40+H40 | AJ40: ==X40+Z40+E40+I40 | AK40: ==IF(AI40=0,AJ40,0) | AL40: ==IF(AND(AI40>0,AJ40>AI40),AJ40-AI40,0) | AM40: ==IF(AI40=AJ40,AJ40,0) | AN40: ==IF(AJ40=0,AI40,0) | AO40: ==IF(AND(AJ40>0,AJ40<AI40),AI40-AJ40,0) | AP40: US-Accounts Receivable | AQ40: 158733 | AR40: 0 | AS40: 0
A41: pghorticulturelimited | B41: ExistingCustomerEOM | C41: ExistingCustomerEOM | D41: 0 | E41: 0 | F41: 0 | G41: 0 | H41: -24.8 | I41: -27.6 | K41: -223.2 | L41: -248.4 | M41: 4 | N41: 4 | O41: New | P41: New | Q41: 0 | R41: 0 | S41: 0 | T41: 0 | U41: 0 | V41: 0 | W41: 0 | X41: 0 | Y41: 248 | Z41: 276 | AA41: Prepay | AB41: Prepay | AC41: ShaLi | AD41: ShaLi | AE41: 0 | AF41: 0 | AG41: 5 | AH41: 6 | AI41: ==W41+ Y41+D41+H41 | AJ41: ==X41+Z41+E41+I41 | AK41: ==IF(AI41=0,AJ41,0) | AL41: ==IF(AND(AI41>0,AJ41>AI41),AJ41-AI41,0) | AM41: ==IF(AI41=AJ41,AJ41,0) | AN41: ==IF(AJ41=0,AI41,0) | AO41: ==IF(AND(AJ41>0,AJ41<AI41),AI41-AJ41,0) | AP41: US-Accounts Receivable | AQ41: 159868 | AR41: 0 | AS41: 0
A42: ebasesolutions2 | B42: ExistingCustomerEOM | C42: ExistingCustomerEOM | D42: 0 | E42: 0 | F42: 0 | G42: 0 | H42: 0 | I42: 0 | K42: 0 | L42: 0 | M42: 3 | N42: 3 | O42: New | P42: New | Q42: 0 | R42: 0 | S42: 0 | T42: 0 | U42: 0 | V42: 0 | W42: 0 | X42: 0 | Y42: 212 | Z42: 270 | AA42: Monthly | AB42: Monthly | AC42: MikPa | AD42: MikPa | AE42: 0 | AF42: 0 | AG42: 5 | AH42: 6 | AI42: ==W42+ Y42+D42+H42 | AJ42: ==X42+Z42+E42+I42 | AK42: ==IF(AI42=0,AJ42,0) | AL42: ==IF(AND(AI42>0,AJ42>AI42),AJ42-AI42,0) | AM42: ==IF(AI42=AJ42,AJ42,0) | AN42: ==IF(AJ42=0,AI42,0) | AO42: ==IF(AND(AJ42>0,AJ42<AI42),AI42-AJ42,0) | AP42: CAN-Accounts Receivable | AQ42: 151557 | AR42: 0 | AS42: 0
A43: bandkmurphyplumbingheatingandcoolingllc | B43: ExistingCustomerEOM | C43: ExistingCustomerEOM | D43: 0 | E43: 0 | F43: 0 | G43: 0 | H43: -14 | I43: -14 | K43: -124 | L43: -124 | M43: 3 | N43: 3 | O43: New | P43: New | Q43: 0 | R43: 0 | S43: 0 | T43: 0 | U43: 0 | V43: 0 | W43: 0 | X43: 0 | Y43: 138 | Z43: 138 | AA43: Prepay | AB43: Prepay | AC43: JaiPa | AD43: JaiPa | AE43: 0 | AF43: 0 | AG43: 3 | AH43: 3 | AI43: ==W43+ Y43+D43+H43 | AJ43: ==X43+Z43+E43+I43 | AK43: ==IF(AI43=0,AJ43,0) | AL43: ==IF(AND(AI43>0,AJ43>AI43),AJ43-AI43,0) | AM43: ==IF(AI43=AJ43,AJ43,0) | AN43: ==IF(AJ43=0,AI43,0) | AO43: ==IF(AND(AJ43>0,AJ43<AI43),AI43-AJ43,0) | AP43: US-Accounts Receivable | AQ43: 152999 | AR43: 0 | AS43: 0
A44: bramattcomputingltd | B44: ExistingCustomerEOM | C44: ExistingCustomerEOM | D44: 0 | E44: 0 | F44: 0 | G44: 0 | H44: -25.7 | I44: -31.7 | K44: -231.3 | L44: -285.3 | M44: 4 | N44: 5 | O44: New | P44: New | Q44: 0 | R44: 0 | S44: 0 | T44: 0 | U44: 0 | V44: 0 | W44: 0 | X44: 0 | Y44: 257 | Z44: 317 | AA44: Prepay | AB44: Prepay | AC44: HaPat | AD44: HaPat | AE44: 0 | AF44: 0 | AG44: 5 | AH44: 5 | AI44: ==W44+ Y44+D44+H44 | AJ44: ==X44+Z44+E44+I44 | AK44: ==IF(AI44=0,AJ44,0) | AL44: ==IF(AND(AI44>0,AJ44>AI44),AJ44-AI44,0) | AM44: ==IF(AI44=AJ44,AJ44,0) | AN44: ==IF(AJ44=0,AI44,0) | AO44: ==IF(AND(AJ44>0,AJ44<AI44),AI44-AJ44,0) | AP44: US-Accounts Receivable | AQ44: 152961 | AR44: 0 | AS44: 0
A45: beaconseed | B45: ExistingCustomerEOM | C45: ExistingCustomerEOM | D45: 0 | E45: 0 | F45: 0 | G45: 0 | H45: 0 | I45: 0 | K45: 0 | L45: 0 | M45: 3 | N45: 3 | O45: New | P45: New | Q45: 0 | R45: 0 | S45: 0 | T45: 0 | U45: 0 | V45: 0 | W45: 0 | X45: 0 | Y45: 98 | Z45: 147 | AA45: Monthly | AB45: Monthly | AC45: SukSa | AD45: SukSa | AE45: 0 | AF45: 0 | AG45: 2 | AH45: 3 | AI45: ==W45+ Y45+D45+H45 | AJ45: ==X45+Z45+E45+I45 | AK45: ==IF(AI45=0,AJ45,0) | AL45: ==IF(AND(AI45>0,AJ45>AI45),AJ45-AI45,0) | AM45: ==IF(AI45=AJ45,AJ45,0) | AN45: ==IF(AJ45=0,AI45,0) | AO45: ==IF(AND(AJ45>0,AJ45<AI45),AI45-AJ45,0) | AP45: US-Accounts Receivable | AQ45: 152970 | AR45: 0 | AS45: 0
A46: wtidistributioninc | B46: ExistingCustomerEOM | C46: ExistingCustomerEOM | D46: 0 | E46: 0 | F46: 0 | G46: 0 | H46: -4 | I46: -4 | K46: -36 | L46: -36 | M46: 2 | N46: 2 | O46: New | P46: New | Q46: 0 | R46: 0 | S46: 0 | T46: 0 | U46: 0 | V46: 0 | W46: 0 | X46: 0 | Y46: 40 | Z46: 40 | AA46: Prepay | AB46: Prepay | AC46: RafSy | AD46: RafSy | AE46: 0 | AF46: 0 | AG46: 1 | AH46: 1 | AI46: ==W46+ Y46+D46+H46 | AJ46: ==X46+Z46+E46+I46 | AK46: ==IF(AI46=0,AJ46,0) | AL46: ==IF(AND(AI46>0,AJ46>AI46),AJ46-AI46,0) | AM46: ==IF(AI46=AJ46,AJ46,0) | AN46: ==IF(AJ46=0,AI46,0) | AO46: ==IF(AND(AJ46>0,AJ46<AI46),AI46-AJ46,0) | AP46: US-Accounts Receivable | AQ46: 154920 | AR46: 0 | AS46: 0
A47: wcninc | B47: ExistingCustChurn | D47: 0 | E47: 0 | F47: 0 | G47: 0 | H47: -10 | I47: 0 | K47: -88 | L47: 0 | M47: 3 | N47: 0 | O47: New | Q47: 0 | R47: 0 | S47: 0 | T47: 0 | U47: 0 | V47: 0 | W47: 0 | X47: 0 | Y47: 98 | Z47: 0 | AA47: Prepay | AC47: SukSa | AE47: 0 | AF47: 0 | AG47: 2 | AH47: 0 | AI47: ==W47+ Y47+D47+H47 | AJ47: ==X47+Z47+E47+I47 | AK47: ==IF(AI47=0,AJ47,0) | AL47: ==IF(AND(AI47>0,AJ47>AI47),AJ47-AI47,0) | AM47: ==IF(AI47=AJ47,AJ47,0) | AN47: ==IF(AJ47=0,AI47,0) | AO47: ==IF(AND(AJ47>0,AJ47<AI47),AI47-AJ47,0) | AP47: US-Accounts Receivable | AQ47: 155173 | AR47: 0 | AS47: 0
A48: amssoftware | B48: ExistingCustomerEOM | C48: ExistingCustomerEOM | D48: 0 | E48: 0 | F48: 0 | G48: 0 | H48: 0 | I48: 0 | K48: 0 | L48: 0 | M48: 4 | N48: 4 | O48: New | P48: New | Q48: 0 | R48: 0 | S48: 0 | T48: 0 | U48: 0 | V48: 0 | W48: 0 | X48: 0 | Y48: 390 | Z48: 289 | AA48: Monthly | AB48: Monthly | AC48: PhuPh | AD48: PhuPh | AE48: 0 | AF48: 0 | AG48: 9 | AH48: 7 | AI48: ==W48+ Y48+D48+H48 | AJ48: ==X48+Z48+E48+I48 | AK48: ==IF(AI48=0,AJ48,0) | AL48: ==IF(AND(AI48>0,AJ48>AI48),AJ48-AI48,0) | AM48: ==IF(AI48=AJ48,AJ48,0) | AN48: ==IF(AJ48=0,AI48,0) | AO48: ==IF(AND(AJ48>0,AJ48<AI48),AI48-AJ48,0) | AP48: US-Accounts Receivable | AQ48: 147134 | AR48: 0 | AS48: 0
A49: sandbaradvisors | B49: ExistingCustomerEOM | C49: ExistingCustomerEOM | D49: 0 | E49: 0 | F49: 0 | G49: 0 | H49: 0 | I49: 0 | K49: 0 | L49: 0 | M49: 4 | N49: 4 | O49: New | P49: New | Q49: 0 | R49: 0 | S49: 0 | T49: 0 | U49: 0 | V49: 0 | W49: 0 | X49: 0 | Y49: 61 | Z49: 61 | AA49: Monthly | AB49: Monthly | AC49: JaiPa | AD49: JaiPa | AE49: 0 | AF49: 0 | AG49: 1 | AH49: 1 | AI49: ==W49+ Y49+D49+H49 | AJ49: ==X49+Z49+E49+I49 | AK49: ==IF(AI49=0,AJ49,0) | AL49: ==IF(AND(AI49>0,AJ49>AI49),AJ49-AI49,0) | AM49: ==IF(AI49=AJ49,AJ49,0) | AN49: ==IF(AJ49=0,AI49,0) | AO49: ==IF(AND(AJ49>0,AJ49<AI49),AI49-AJ49,0) | AP49: US-Accounts Receivable | AQ49: 147194 | AR49: 0 | AS49: 0
A50: crconsulting | B50: ExistingCustomerEOM | D50: 0 | E50: 0 | F50: 0 | G50: 0 | H50: -10 | I50: 0 | K50: -88 | L50: 0 | M50: 3 | N50: 0 | O50: New | Q50: 0 | R50: 0 | S50: 0 | T50: 0 | U50: 0 | V50: 0 | W50: 0 | X50: 0 | Y50: 98 | Z50: 0 | AA50: Prepay | AC50: SukSa | AE50: 0 | AF50: 0 | AG50: 2 | AH50: 0 | AI50: ==W50+ Y50+D50+H50 | AJ50: ==X50+Z50+E50+I50 | AK50: ==IF(AI50=0,AJ50,0) | AL50: ==IF(AND(AI50>0,AJ50>AI50),AJ50-AI50,0) | AM50: ==IF(AI50=AJ50,AJ50,0) | AN50: ==IF(AJ50=0,AI50,0) | AO50: ==IF(AND(AJ50>0,AJ50<AI50),AI50-AJ50,0) | AP50: US-Accounts Receivable | AQ50: 148720 | AR50: 0 | AS50: 0
A51: flautoequipment | B51: ExistingCustomerEOM | C51: ExistingCustomerEOM | D51: 0 | E51: 0 | F51: 0 | G51: 0 | H51: 0 | I51: 0 | K51: 0 | L51: 0 | M51: 3 | N51: 3 | O51: New | P51: New | Q51: 0 | R51: 0 | S51: 0 | T51: 0 | U51: 0 | V51: 0 | W51: 0 | X51: 0 | Y51: 67 | Z51: 85 | AA51: Monthly | AB51: Monthly | AC51: RafSy | AD51: RafSy | AE51: 0 | AF51: 0 | AG51: 2 | AH51: 3 | AI51: ==W51+ Y51+D51+H51 | AJ51: ==X51+Z51+E51+I51 | AK51: ==IF(AI51=0,AJ51,0) | AL51: ==IF(AND(AI51>0,AJ51>AI51),AJ51-AI51,0) | AM51: ==IF(AI51=AJ51,AJ51,0) | AN51: ==IF(AJ51=0,AI51,0) | AO51: ==IF(AND(AJ51>0,AJ51<AI51),AI51-AJ51,0) | AP51: US-Accounts Receivable | AQ51: 147223 | AR51: 0 | AS51: 0
A52: northamericanconnexions | B52: ExistingCustChurn | D52: 0 | E52: 0 | F52: 0 | G52: 0 | H52: 0 | I52: 0 | K52: 0 | L52: 0 | M52: 4 | N52: 0 | O52: New | Q52: 0 | R52: 0 | S52: 0 | T52: 0 | U52: 0 | V52: 0 | W52: 0 | X52: 0 | Y52: 138 | Z52: 0 | AA52: Monthly | AC52: SukSa | AE52: 0 | AF52: 0 | AG52: 3 | AH52: 0 | AI52: ==W52+ Y52+D52+H52 | AJ52: ==X52+Z52+E52+I52 | AK52: ==IF(AI52=0,AJ52,0) | AL52: ==IF(AND(AI52>0,AJ52>AI52),AJ52-AI52,0) | AM52: ==IF(AI52=AJ52,AJ52,0) | AN52: ==IF(AJ52=0,AI52,0) | AO52: ==IF(AND(AJ52>0,AJ52<AI52),AI52-AJ52,0) | AP52: US-Accounts Receivable | AQ52: 148726 | AR52: 0 | AS52: 0
A53: lafittesseafood | B53: ExistingCustomerEOM | C53: ExistingCustomerEOM | D53: 0 | E53: 0 | F53: 0 | G53: 0 | H53: -18 | I53: -18 | K53: -109 | L53: -109 | M53: 5 | N53: 5 | O53: New | P53: New | Q53: 0 | R53: 0 | S53: 0 | T53: 0 | U53: 0 | V53: 0 | W53: 0 | X53: 0 | Y53: 127 | Z53: 127 | AA53: Prepay | AB53: Prepay | AC53: SukSa | AD53: SukSa | AE53: 0 | AF53: 0 | AG53: 4 | AH53: 4 | AI53: ==W53+ Y53+D53+H53 | AJ53: ==X53+Z53+E53+I53 | AK53: ==IF(AI53=0,AJ53,0) | AL53: ==IF(AND(AI53>0,AJ53>AI53),AJ53-AI53,0) | AM53: ==IF(AI53=AJ53,AJ53,0) | AN53: ==IF(AJ53=0,AI53,0) | AO53: ==IF(AND(AJ53>0,AJ53<AI53),AI53-AJ53,0) | AP53: US-Accounts Receivable | AQ53: 148736 | AR53: 0 | AS53: 0
A54: sabrinadesigns | B54: ExistingCustomerEOM | D54: 0 | E54: 0 | F54: 0 | G54: 0 | H54: 0 | I54: 0 | K54: 0 | L54: 0 | M54: 3 | N54: 0 | O54: New | Q54: 0 | R54: 0 | S54: 0 | T54: 0 | U54: 0 | V54: 0 | W54: 0 | X54: 0 | Y54: 52 | Z54: 0 | AA54: Monthly | AC54: RafSy | AE54: 0 | AF54: 0 | AG54: 1 | AH54: 0 | AI54: ==W54+ Y54+D54+H54 | AJ54: ==X54+Z54+E54+I54 | AK54: ==IF(AI54=0,AJ54,0) | AL54: ==IF(AND(AI54>0,AJ54>AI54),AJ54-AI54,0) | AM54: ==IF(AI54=AJ54,AJ54,0) | AN54: ==IF(AJ54=0,AI54,0) | AO54: ==IF(AND(AJ54>0,AJ54<AI54),AI54-AJ54,0) | AP54: US-Accounts Receivable | AQ54: 140564 | AR54: 0 | AS54: 0
A55: psbassociateaccountingtaxservices | B55: ExistingCustomerEOM | C55: ExistingCustomerEOM | D55: 0 | E55: 0 | F55: 0 | G55: 0 | H55: 0 | I55: 0 | K55: 0 | L55: 0 | M55: 2 | N55: 2 | O55: New | P55: New | Q55: 0 | R55: 0 | S55: 0 | T55: 0 | U55: 0 | V55: 0 | W55: 0 | X55: 0 | Y55: 74 | Z55: 74 | AA55: Monthly | AB55: Monthly | AC55: RafSy | AD55: RafSy | AE55: 0 | AF55: 0 | AG55: 2 | AH55: 2 | AI55: ==W55+ Y55+D55+H55 | AJ55: ==X55+Z55+E55+I55 | AK55: ==IF(AI55=0,AJ55,0) | AL55: ==IF(AND(AI55>0,AJ55>AI55),AJ55-AI55,0) | AM55: ==IF(AI55=AJ55,AJ55,0) | AN55: ==IF(AJ55=0,AI55,0) | AO55: ==IF(AND(AJ55>0,AJ55<AI55),AI55-AJ55,0) | AP55: CAN-Accounts Receivable | AQ55: 140559 | AR55: 0 | AS55: 0
A56: avtekconsulting | B56: ExistingCustomerEOM | D56: 0 | E56: 0 | F56: 0 | G56: 0 | H56: 0 | I56: 0 | K56: 0 | L56: 0 | M56: 6 | N56: 0 | O56: New | Q56: 0 | R56: 0 | S56: 0 | T56: 0 | U56: 0 | V56: 0 | W56: 0 | X56: 0 | Y56: 137 | Z56: 0 | AA56: Monthly | AC56: RafSy | AE56: 0 | AF56: 0 | AG56: 2 | AH56: 0 | AI56: ==W56+ Y56+D56+H56 | AJ56: ==X56+Z56+E56+I56 | AK56: ==IF(AI56=0,AJ56,0) | AL56: ==IF(AND(AI56>0,AJ56>AI56),AJ56-AI56,0) | AM56: ==IF(AI56=AJ56,AJ56,0) | AN56: ==IF(AJ56=0,AI56,0) | AO56: ==IF(AND(AJ56>0,AJ56<AI56),AI56-AJ56,0) | AP56: US-Accounts Receivable | AQ56: 140554 | AR56: 0 | AS56: 0
A57: monify2 | B57: ExistingCustomerEOM | C57: ExistingCustomerEOM | D57: 0 | E57: 0 | F57: -145 | G57: 0 | H57: 0 | I57: 0 | K57: 0 | L57: 0 | M57: 6 | N57: 6 | O57: unknown | P57: New | Q57: 0 | R57: 0 | S57: 1450 | T57: 0 | U57: 0 | V57: 0 | W57: 0 | X57: 0 | Y57: 85 | Z57: 483 | AA57: Monthly | AB57: Monthly | AC57: PhuPh | AD57: PhuPh | AE57: 0 | AF57: 0 | AG57: 1 | AH57: 2 | AI57: ==W57+ Y57+D57+H57 | AJ57: ==X57+Z57+E57+I57 | AK57: ==IF(AI57=0,AJ57,0) | AL57: ==IF(AND(AI57>0,AJ57>AI57),AJ57-AI57,0) | AM57: ==IF(AI57=AJ57,AJ57,0) | AN57: ==IF(AJ57=0,AI57,0) | AO57: ==IF(AND(AJ57>0,AJ57<AI57),AI57-AJ57,0) | AP57: US-Accounts Receivable | AQ57: 143676 | AR57: 0 | AS57: 0
A58: coastaltransfers | B58: ExistingCustomerEOM | C58: ExistingCustomerEOM | D58: 0 | E58: 0 | F58: 0 | G58: 0 | H58: 0 | I58: 0 | K58: 0 | L58: 0 | M58: 2 | N58: 2 | O58: New | P58: New | Q58: 0 | R58: 0 | S58: 0 | T58: 0 | U58: 0 | V58: 0 | W58: 0 | X58: 0 | Y58: 68 | Z58: 68 | AA58: Monthly | AB58: Monthly | AC58: JaiPa | AD58: JaiPa | AE58: 0 | AF58: 0 | AG58: 2 | AH58: 2 | AI58: ==W58+ Y58+D58+H58 | AJ58: ==X58+Z58+E58+I58 | AK58: ==IF(AI58=0,AJ58,0) | AL58: ==IF(AND(AI58>0,AJ58>AI58),AJ58-AI58,0) | AM58: ==IF(AI58=AJ58,AJ58,0) | AN58: ==IF(AJ58=0,AI58,0) | AO58: ==IF(AND(AJ58>0,AJ58<AI58),AI58-AJ58,0) | AP58: US-Accounts Receivable | AQ58: 143652 | AR58: 0 | AS58: 0
A59: faroutdesign2 | B59: ExistingCustomerEOM | D59: 0 | E59: 0 | F59: 0 | G59: 0 | H59: -34 | I59: 0 | K59: -285 | L59: 0 | M59: 3 | N59: 0 | O59: unknown | Q59: 0 | R59: 0 | S59: 465 | T59: 0 | U59: 0 | V59: 0 | W59: 0 | X59: 0 | Y59: 319 | Z59: 0 | AA59: Prepay | AC59: PhuPh | AE59: 0 | AF59: 0 | AG59: 8 | AH59: 0 | AI59: ==W59+ Y59+D59+H59 | AJ59: ==X59+Z59+E59+I59 | AK59: ==IF(AI59=0,AJ59,0) | AL59: ==IF(AND(AI59>0,AJ59>AI59),AJ59-AI59,0) | AM59: ==IF(AI59=AJ59,AJ59,0) | AN59: ==IF(AJ59=0,AI59,0) | AO59: ==IF(AND(AJ59>0,AJ59<AI59),AI59-AJ59,0) | AP59: US-Accounts Receivable | AQ59: 145914 | AR59: 0 | AS59: 0
A60: access2mobilityinc | B60: ExistingCustomerEOM | C60: ExistingCustomerEOM | D60: 0 | E60: 0 | F60: 0 | G60: 0 | H60: -67 | I60: -67 | K60: -516 | L60: -526 | M60: 4 | N60: 4 | O60: New | P60: New | Q60: 0 | R60: 0 | S60: 0 | T60: 0 | U60: 0 | V60: 0 | W60: 0 | X60: 0 | Y60: 583 | Z60: 918 | AA60: Prepay | AB60: Prepay | AC60: PhuPh | AD60: PhuPh | AE60: 0 | AF60: 0 | AG60: 11 | AH60: 11 | AI60: ==W60+ Y60+D60+H60 | AJ60: ==X60+Z60+E60+I60 | AK60: ==IF(AI60=0,AJ60,0) | AL60: ==IF(AND(AI60>0,AJ60>AI60),AJ60-AI60,0) | AM60: ==IF(AI60=AJ60,AJ60,0) | AN60: ==IF(AJ60=0,AI60,0) | AO60: ==IF(AND(AJ60>0,AJ60<AI60),AI60-AJ60,0) | AP60: US-Accounts Receivable | AQ60: 132821 | AR60: 0 | AS60: 0
A61: legendarygroupinc | B61: ExistingCustomerEOM | C61: ExistingCustomerEOM | D61: 0 | E61: 0 | F61: 0 | G61: 0 | H61: 0 | I61: 0 | K61: 0 | L61: 0 | M61: 3 | N61: 3 | O61: New | P61: New | Q61: 0 | R61: 0 | S61: 0 | T61: 0 | U61: 0 | V61: 0 | W61: 0 | X61: 0 | Y61: 49 | Z61: 49 | AA61: Monthly | AB61: Monthly | AC61: HaPat | AD61: JaiPa | AE61: 0 | AF61: 0 | AG61: 1 | AH61: 1 | AI61: ==W61+ Y61+D61+H61 | AJ61: ==X61+Z61+E61+I61 | AK61: ==IF(AI61=0,AJ61,0) | AL61: ==IF(AND(AI61>0,AJ61>AI61),AJ61-AI61,0) | AM61: ==IF(AI61=AJ61,AJ61,0) | AN61: ==IF(AJ61=0,AI61,0) | AO61: ==IF(AND(AJ61>0,AJ61<AI61),AI61-AJ61,0) | AP61: US-Accounts Receivable | AQ61: 133892 | AR61: 0 | AS61: 0
A62: caandgfinanceandaccountancy | B62: ExistingCustomerEOM | C62: ExistingCustomerEOM | D62: -73 | E62: -73 | F62: 0 | G62: 0 | H62: 0 | I62: 0 | K62: 0 | L62: 0 | M62: 5 | N62: 5 | O62: New | P62: New | Q62: 0 | R62: 0 | S62: 0 | T62: 0 | U62: 0 | V62: 0 | W62: 0 | X62: 0 | Y62: 73 | Z62: 73 | AA62: Monthly | AB62: Monthly | AC62: PhuPh | AD62: PhuPh | AE62: 0 | AF62: 0 | AG62: 1 | AH62: 1 | AI62: ==W62+ Y62+D62+H62 | AJ62: ==X62+Z62+E62+I62 | AK62: ==IF(AI62=0,AJ62,0) | AL62: ==IF(AND(AI62>0,AJ62>AI62),AJ62-AI62,0) | AM62: ==IF(AI62=AJ62,AJ62,0) | AN62: ==IF(AJ62=0,AI62,0) | AO62: ==IF(AND(AJ62>0,AJ62<AI62),AI62-AJ62,0) | AP62: US-Accounts Receivable | AQ62: 135127 | AR62: 0 | AS62: 0
A63: arczonecominc | B63: ExistingCustomerEOM | C63: ExistingCustomerEOM | D63: 0 | E63: 0 | F63: 0 | G63: 0 | H63: -30 | I63: -17 | K63: -264 | L63: -149 | M63: 3 | N63: 3 | O63: New | P63: New | Q63: 0 | R63: 0 | S63: 0 | T63: 0 | U63: 0 | V63: 0 | W63: 0 | X63: 0 | Y63: 294 | Z63: 166 | AA63: Prepay | AB63: Prepay | AC63: ShaLi | AD63: ShaLi | AE63: 0 | AF63: 0 | AG63: 6 | AH63: 4 | AI63: ==W63+ Y63+D63+H63 | AJ63: ==X63+Z63+E63+I63 | AK63: ==IF(AI63=0,AJ63,0) | AL63: ==IF(AND(AI63>0,AJ63>AI63),AJ63-AI63,0) | AM63: ==IF(AI63=AJ63,AJ63,0) | AN63: ==IF(AJ63=0,AI63,0) | AO63: ==IF(AND(AJ63>0,AJ63<AI63),AI63-AJ63,0) | AP63: US-Accounts Receivable | AQ63: 137273 | AR63: 0 | AS63: 0
A64: irrigaid | B64: ExistingCustomerEOM | C64: ExistingCustomerEOM | D64: 0 | E64: 0 | F64: 0 | G64: 0 | H64: -7 | I64: -7 | K64: -54 | L64: -54 | M64: 4 | N64: 4 | O64: New | P64: New | Q64: 0 | R64: 0 | S64: 0 | T64: 0 | U64: 0 | V64: 0 | W64: 0 | X64: 0 | Y64: 61 | Z64: 61 | AA64: Prepay | AB64: Prepay | AC64: SukSa | AD64: SukSa | AE64: 0 | AF64: 0 | AG64: 1 | AH64: 1 | AI64: ==W64+ Y64+D64+H64 | AJ64: ==X64+Z64+E64+I64 | AK64: ==IF(AI64=0,AJ64,0) | AL64: ==IF(AND(AI64>0,AJ64>AI64),AJ64-AI64,0) | AM64: ==IF(AI64=AJ64,AJ64,0) | AN64: ==IF(AJ64=0,AI64,0) | AO64: ==IF(AND(AJ64>0,AJ64<AI64),AI64-AJ64,0) | AP64: US-Accounts Receivable | AQ64: 138280 | AR64: 0 | AS64: 0
A65: aflagandflagpole | B65: ExistingCustomerEOM | C65: ExistingCustomerEOM | D65: 0 | E65: 0 | F65: 0 | G65: 0 | H65: -37 | I65: -28 | K65: -280 | L65: -216 | M65: 5 | N65: 5 | O65: New | P65: New | Q65: 0 | R65: 0 | S65: 0 | T65: 0 | U65: 0 | V65: 0 | W65: 0 | X65: 0 | Y65: 317 | Z65: 244 | AA65: Prepay | AB65: Prepay | AC65: HaPat | AD65: HaPat | AE65: 0 | AF65: 0 | AG65: 5 | AH65: 4 | AI65: ==W65+ Y65+D65+H65 | AJ65: ==X65+Z65+E65+I65 | AK65: ==IF(AI65=0,AJ65,0) | AL65: ==IF(AND(AI65>0,AJ65>AI65),AJ65-AI65,0) | AM65: ==IF(AI65=AJ65,AJ65,0) | AN65: ==IF(AJ65=0,AI65,0) | AO65: ==IF(AND(AJ65>0,AJ65<AI65),AI65-AJ65,0) | AP65: US-Accounts Receivable | AQ65: 139361 | AR65: 0 | AS65: 0
A66: terapiasaheba | B66: ExistingCustomerEOM | C66: ExistingCustomerEOM | D66: 0 | E66: 0 | F66: 0 | G66: 0 | H66: -15 | I66: 0 | K66: -132 | L66: 0 | M66: 3 | N66: 3 | O66: New | P66: New | Q66: 0 | R66: 0 | S66: 0 | T66: 0 | U66: 0 | V66: 0 | W66: 0 | X66: 0 | Y66: 147 | Z66: 147 | AA66: Prepay | AB66: Monthly | AC66: JaiPa | AD66: JaiPa | AE66: 0 | AF66: 0 | AG66: 3 | AH66: 3 | AI66: ==W66+ Y66+D66+H66 | AJ66: ==X66+Z66+E66+I66 | AK66: ==IF(AI66=0,AJ66,0) | AL66: ==IF(AND(AI66>0,AJ66>AI66),AJ66-AI66,0) | AM66: ==IF(AI66=AJ66,AJ66,0) | AN66: ==IF(AJ66=0,AI66,0) | AO66: ==IF(AND(AJ66>0,AJ66<AI66),AI66-AJ66,0) | AP66: US-Accounts Receivable | AQ66: 121978 | AR66: 0 | AS66: 0
A67: madscienceofmilwaukeeinc2inspire | B67: ExistingCustomerEOM | C67: ExistingCustomerEOM | D67: 0 | E67: 0 | F67: 0 | G67: 0 | H67: -18 | I67: -16 | K67: -154 | L67: -135 | M67: 3 | N67: 3 | O67: New | P67: New | Q67: 0 | R67: 0 | S67: 0 | T67: 0 | U67: 0 | V67: 0 | W67: 0 | X67: 0 | Y67: 172 | Z67: 151 | AA67: Prepay | AB67: Prepay | AC67: ShaLi | AD67: ShaLi | AE67: 0 | AF67: 0 | AG67: 4 | AH67: 4 | AI67: ==W67+ Y67+D67+H67 | AJ67: ==X67+Z67+E67+I67 | AK67: ==IF(AI67=0,AJ67,0) | AL67: ==IF(AND(AI67>0,AJ67>AI67),AJ67-AI67,0) | AM67: ==IF(AI67=AJ67,AJ67,0) | AN67: ==IF(AJ67=0,AI67,0) | AO67: ==IF(AND(AJ67>0,AJ67<AI67),AI67-AJ67,0) | AP67: US-Accounts Receivable | AQ67: 125417 | AR67: 0 | AS67: 0
A68: jsbdesignsco | B68: ExistingCustomerEOM | C68: ExistingCustomerEOM | D68: 0 | E68: 0 | F68: 0 | G68: 0 | H68: 0 | I68: 0 | K68: 0 | L68: 0 | M68: 5 | N68: 5 | O68: New | P68: New | Q68: 0 | R68: 0 | S68: 0 | T68: 0 | U68: 0 | V68: 0 | W68: 0 | X68: 0 | Y68: 73 | Z68: 73 | AA68: Monthly | AB68: Monthly | AC68: SukSa | AD68: SukSa | AE68: 0 | AF68: 0 | AG68: 1 | AH68: 1 | AI68: ==W68+ Y68+D68+H68 | AJ68: ==X68+Z68+E68+I68 | AK68: ==IF(AI68=0,AJ68,0) | AL68: ==IF(AND(AI68>0,AJ68>AI68),AJ68-AI68,0) | AM68: ==IF(AI68=AJ68,AJ68,0) | AN68: ==IF(AJ68=0,AI68,0) | AO68: ==IF(AND(AJ68>0,AJ68<AI68),AI68-AJ68,0) | AP68: US-Accounts Receivable | AQ68: 126788 | AR68: 0 | AS68: 0
A69: trioniccorp2 | B69: ExistingCustomerEOM | C69: ExistingCustomerEOM | D69: 0 | E69: 0 | F69: 0 | G69: 0 | H69: 0 | I69: 0 | K69: 0 | L69: 0 | M69: 3 | N69: 3 | O69: New | P69: New | Q69: 0 | R69: 0 | S69: 0 | T69: 0 | U69: 0 | V69: 0 | W69: 0 | X69: 0 | Y69: 98 | Z69: 98 | AA69: Monthly | AB69: Monthly | AC69: SukSa | AD69: SukSa | AE69: 0 | AF69: 0 | AG69: 2 | AH69: 2 | AI69: ==W69+ Y69+D69+H69 | AJ69: ==X69+Z69+E69+I69 | AK69: ==IF(AI69=0,AJ69,0) | AL69: ==IF(AND(AI69>0,AJ69>AI69),AJ69-AI69,0) | AM69: ==IF(AI69=AJ69,AJ69,0) | AN69: ==IF(AJ69=0,AI69,0) | AO69: ==IF(AND(AJ69>0,AJ69<AI69),AI69-AJ69,0) | AP69: US-Accounts Receivable | AQ69: 127596 | AR69: 0 | AS69: 0
A70: zoleantllc | B70: ExistingCustomerEOM | C70: ExistingCustomerEOM | D70: 0 | E70: 0 | F70: 0 | G70: 0 | H70: 0 | I70: 0 | K70: 0 | L70: 0 | M70: 2 | N70: 2 | O70: New | P70: New | Q70: 0 | R70: 0 | S70: 0 | T70: 0 | U70: 0 | V70: 0 | W70: 0 | X70: 0 | Y70: 120 | Z70: 120 | AA70: Monthly | AB70: Monthly | AC70: RafSy | AD70: RafSy | AE70: 0 | AF70: 0 | AG70: 3 | AH70: 3 | AI70: ==W70+ Y70+D70+H70 | AJ70: ==X70+Z70+E70+I70 | AK70: ==IF(AI70=0,AJ70,0) | AL70: ==IF(AND(AI70>0,AJ70>AI70),AJ70-AI70,0) | AM70: ==IF(AI70=AJ70,AJ70,0) | AN70: ==IF(AJ70=0,AI70,0) | AO70: ==IF(AND(AJ70>0,AJ70<AI70),AI70-AJ70,0) | AP70: US-Accounts Receivable | AQ70: 129579 | AR70: 0 | AS70: 0
A71: huetherheatingandcooling3 | B71: ExistingCustomerEOM | C71: ExistingCustomerEOM | D71: 0 | E71: 0 | F71: 0 | G71: 0 | H71: -8 | I71: -8 | K71: -72 | L71: -72 | M71: 2 | N71: 2 | O71: New | P71: New | Q71: 0 | R71: 0 | S71: 0 | T71: 0 | U71: 0 | V71: 0 | W71: 0 | X71: 0 | Y71: 80 | Z71: 80 | AA71: Prepay | AB71: Prepay | AC71: RafSy | AD71: RafSy | AE71: 0 | AF71: 0 | AG71: 2 | AH71: 2 | AI71: ==W71+ Y71+D71+H71 | AJ71: ==X71+Z71+E71+I71 | AK71: ==IF(AI71=0,AJ71,0) | AL71: ==IF(AND(AI71>0,AJ71>AI71),AJ71-AI71,0) | AM71: ==IF(AI71=AJ71,AJ71,0) | AN71: ==IF(AJ71=0,AI71,0) | AO71: ==IF(AND(AJ71>0,AJ71<AI71),AI71-AJ71,0) | AP71: US-Accounts Receivable | AQ71: 131538 | AR71: 0 | AS71: 0
... A84: freedupsolutions | B84: ExistingCustomerEOM | C84: ExistingCustomerEOM | D84: -186 | E84: -186 | F84: 0 | G84: 0 | H84: 0 | I84: 0 | K84: 0 | L84: 0 | M84: 3 | N84: 3 | O84: New | P84: New | Q84: 0 | R84: 0 | S84: 0 | T84: 0 | U84: 0 | V84: 0 | W84: 0 | X84: 0 | Y84: 186 | Z84: 186 | AA84: Monthly | AB84: Monthly | AC84: ShaLi | AD84: ShaLi | AE84: 0 | AF84: 0 | AG84: 2 | AH84: 2 | AI84: ==W84+ Y84+D84+H84 | AJ84: ==X84+Z84+E84+I84 | AK84: ==IF(AI84=0,AJ84,0) | AL84: ==IF(AND(AI84>0,AJ84>AI84),AJ84-AI84,0) | AM84: ==IF(AI84=AJ84,AJ84,0) | AN84: ==IF(AJ84=0,AI84,0) | AO84: ==IF(AND(AJ84>0,AJ84<AI84),AI84-AJ84,0) | AP84: US-Accounts Receivable | AQ84: 4271 | AR84: 0 | AS84: 0
A85: gasketguyofoklahoma2 | B85: ExistingCustomerEOM | D85: 0 | E85: 0 | F85: 0 | G85: 0 | H85: -61 | I85: 0 | K85: -183 | L85: 0 | M85: 4 | N85: 0 | O85: New | Q85: 0 | R85: 0 | S85: 0 | T85: 0 | U85: 0 | V85: 0 | W85: 0 | X85: 0 | Y85: 244 | Z85: 0 | AA85: Prepay | AC85: PhuPh | AE85: 0 | AF85: 0 | AG85: 4 | AH85: 0 | AI85: ==W85+ Y85+D85+H85 | AJ85: ==X85+Z85+E85+I85 | AK85: ==IF(AI85=0,AJ85,0) | AL85: ==IF(AND(AI85>0,AJ85>AI85),AJ85-AI85,0) | AM85: ==IF(AI85=AJ85,AJ85,0) | AN85: ==IF(AJ85=0,AI85,0) | AO85: ==IF(AND(AJ85>0,AJ85<AI85),AI85-AJ85,0) | AP85: US-Accounts Receivable | AQ85: 164848 | AR85: 0 | AS85: 0
A86: templatepaulettedreher | B86: ExistingCustomerEOM | C86: ExistingCustomerEOM | D86: -273 | E86: -273 | F86: 0 | G86: 0 | H86: 0 | I86: 0 | K86: 0 | L86: 0 | M86: 6 | N86: 6 | O86: New | P86: New | Q86: 0 | R86: 0 | S86: 0 | T86: 0 | U86: 0 | V86: 0 | W86: 0 | X86: 0 | Y86: 273 | Z86: 273 | AA86: Monthly | AB86: Monthly | AC86: PhuPh | AD86: PhuPh | AE86: 0 | AF86: 0 | AG86: 4 | AH86: 4 | AI86: ==W86+ Y86+D86+H86 | AJ86: ==X86+Z86+E86+I86 | AK86: ==IF(AI86=0,AJ86,0) | AL86: ==IF(AND(AI86>0,AJ86>AI86),AJ86-AI86,0) | AM86: ==IF(AI86=AJ86,AJ86,0) | AN86: ==IF(AJ86=0,AI86,0) | AO86: ==IF(AND(AJ86>0,AJ86<AI86),AI86-AJ86,0) | AP86: US-Accounts Receivable | AQ86: 12018 | AR86: 0 | AS86: 0
A87: mehrcpa | B87: ExistingCustomerEOM | C87: ExistingCustomerEOM | D87: -25 | E87: -25 | F87: 0 | G87: 0 | H87: 0 | I87: 0 | K87: 0 | L87: 0 | M87: 1 | N87: 1 | O87: New | P87: New | Q87: 0 | R87: 0 | S87: 0 | T87: 0 | U87: 0 | V87: 0 | W87: 0 | X87: 0 | Y87: 25 | Z87: 25 | AA87: Monthly | AB87: Monthly | AC87: ShaLi | AD87: SukSa | AE87: 0 | AF87: 0 | AG87: 1 | AH87: 1 | AI87: ==W87+ Y87+D87+H87 | AJ87: ==X87+Z87+E87+I87 | AK87: ==IF(AI87=0,AJ87,0) | AL87: ==IF(AND(AI87>0,AJ87>AI87),AJ87-AI87,0) | AM87: ==IF(AI87=AJ87,AJ87,0) | AN87: ==IF(AJ87=0,AI87,0) | AO87: ==IF(AND(AJ87>0,AJ87<AI87),AI87-AJ87,0) | AP87: US-Accounts Receivable | AQ87: 14118 | AR87: 0 | AS87: 0
A88: prestigeawardslimited | B88: ExistingCustomerEOM | C88: ExistingCustomerEOM | D88: 0 | E88: 0 | F88: 0 | G88: 0 | H88: -5 | I88: -7 | K88: -44 | L88: -54 | M88: 3 | N88: 4 | O88: New | P88: New | Q88: 0 | R88: 0 | S88: 0 | T88: 0 | U88: 0 | V88: 0 | W88: 0 | X88: 0 | Y88: 49 | Z88: 61 | AA88: Prepay | AB88: Prepay | AC88: SukSa | AD88: SukSa | AE88: 0 | AF88: 0 | AG88: 1 | AH88: 1 | AI88: ==W88+ Y88+D88+H88 | AJ88: ==X88+Z88+E88+I88 | AK88: ==IF(AI88=0,AJ88,0) | AL88: ==IF(AND(AI88>0,AJ88>AI88),AJ88-AI88,0) | AM88: ==IF(AI88=AJ88,AJ88,0) | AN88: ==IF(AJ88=0,AI88,0) | AO88: ==IF(AND(AJ88>0,AJ88<AI88),AI88-AJ88,0) | AP88: US-Accounts Receivable | AQ88: 168766 | AR88: 0 | AS88: 0
A89: redeemerlutheranschool2 | B89: ExistingCustomerEOM | C89: ExistingCustomerEOM | D89: 0 | E89: -48 | F89: 0 | G89: 0 | H89: 0 | I89: 0 | K89: 0 | L89: 0 | M89: 1 | N89: 2 | O89: New | P89: New | Q89: 0 | R89: 0 | S89: 0 | T89: 0 | U89: 0 | V89: 0 | W89: 0 | X89: 0 | Y89: 56 | Z89: 96 | AA89: Monthly | AB89: Monthly | AC89: RafSy | AD89: RafSy | AE89: 0 | AF89: 0 | AG89: 2 | AH89: 3 | AI89: ==W89+ Y89+D89+H89 | AJ89: ==X89+Z89+E89+I89 | AK89: ==IF(AI89=0,AJ89,0) | AL89: ==IF(AND(AI89>0,AJ89>AI89),AJ89-AI89,0) | AM89: ==IF(AI89=AJ89,AJ89,0) | AN89: ==IF(AJ89=0,AI89,0) | AO89: ==IF(AND(AJ89>0,AJ89<AI89),AI89-AJ89,0) | AP89: US-Accounts Receivable | AQ89: 169660 | AR89: 0 | AS89: 0
A90: chemproservicesinc | B90: ExistingCustomerEOM | C90: ExistingCustomerEOM | D90: 0 | E90: -298 | F90: 0 | G90: 0 | H90: 0 | I90: 0 | K90: 0 | L90: 0 | M90: 3 | N90: 3 | O90: unknown | P90: New | Q90: 0 | R90: 0 | S90: 155 | T90: 0 | U90: 0 | V90: 0 | W90: 0 | X90: 0 | Y90: 628 | Z90: 596 | AA90: Monthly | AB90: Monthly | AC90: PhuPh | AD90: PhuPh | AE90: 0 | AF90: 0 | AG90: 13 | AH90: 14 | AI90: ==W90+ Y90+D90+H90 | AJ90: ==X90+Z90+E90+I90 | AK90: ==IF(AI90=0,AJ90,0) | AL90: ==IF(AND(AI90>0,AJ90>AI90),AJ90-AI90,0) | AM90: ==IF(AI90=AJ90,AJ90,0) | AN90: ==IF(AJ90=0,AI90,0) | AO90: ==IF(AND(AJ90>0,AJ90<AI90),AI90-AJ90,0) | AP90: US-Accounts Receivable | AQ90: 169931 | AR90: 0 | AS90: 0
A91: JKDesireLLC | B91: ExistingCustomerEOM | D91: 0 | E91: 0 | F91: -174 | G91: 0 | H91: 0 | I91: 0 | K91: 0 | L91: 0 | M91: 4 | N91: 0 | O91: New | Q91: 0 | R91: 0 | S91: 1740 | T91: 0 | U91: 0 | V91: 0 | W91: 0 | X91: 0 | Y91: 134 | Z91: 0 | AA91: Monthly | AC91: PhuPh | AE91: 0 | AF91: 0 | AG91: 1 | AH91: 0 | AI91: ==W91+ Y91+D91+H91 | AJ91: ==X91+Z91+E91+I91 | AK91: ==IF(AI91=0,AJ91,0) | AL91: ==IF(AND(AI91>0,AJ91>AI91),AJ91-AI91,0) | AM91: ==IF(AI91=AJ91,AJ91,0) | AN91: ==IF(AJ91=0,AI91,0) | AO91: ==IF(AND(AJ91>0,AJ91<AI91),AI91-AJ91,0) | AP91: US-Accounts Receivable | AQ91: 131438 | AR91: 0 | AS91: 0
A92: ibixsurfacetechnologies | B92: ExistingCustomerEOM | C92: ExistingCustomerEOM | D92: 0 | E92: 0 | F92: 0 | G92: 0 | H92: 0 | I92: 0 | K92: 0 | L92: 0 | M92: 2 | N92: 2 | O92: New | P92: New | Q92: 0 | R92: 0 | S92: 0 | T92: 0 | U92: 0 | V92: 0 | W92: 0 | X92: 0 | Y92: 80 | Z92: 120 | AA92: Monthly | AB92: Monthly | AC92: RafSy | AD92: RafSy | AE92: 0 | AF92: 0 | AG92: 2 | AH92: 3 | AI92: ==W92+ Y92+D92+H92 | AJ92: ==X92+Z92+E92+I92 | AK92: ==IF(AI92=0,AJ92,0) | AL92: ==IF(AND(AI92>0,AJ92>AI92),AJ92-AI92,0) | AM92: ==IF(AI92=AJ92,AJ92,0) | AN92: ==IF(AJ92=0,AI92,0) | AO92: ==IF(AND(AJ92>0,AJ92<AI92),AI92-AJ92,0) | AP92: US-Accounts Receivable | AQ92: 60040 | AR92: 0 | AS92: 0
A93: airsidesolutionsinc | B93: ExistingCustomerEOM | D93: 0 | E93: 0 | F93: 0 | G93: 0 | H93: 0 | I93: 0 | K93: 0 | L93: 0 | M93: 3 | N93: 0 | O93: New | Q93: 0 | R93: 0 | S93: 0 | T93: 0 | U93: 0 | V93: 0 | W93: 0 | X93: 0 | Y93: 147 | Z93: 0 | AA93: Monthly | AC93: RafSy | AE93: 0 | AF93: 0 | AG93: 3 | AH93: 0 | AI93: ==W93+ Y93+D93+H93 | AJ93: ==X93+Z93+E93+I93 | AK93: ==IF(AI93=0,AJ93,0) | AL93: ==IF(AND(AI93>0,AJ93>AI93),AJ93-AI93,0) | AM93: ==IF(AI93=AJ93,AJ93,0) | AN93: ==IF(AJ93=0,AI93,0) | AO93: ==IF(AND(AJ93>0,AJ93<AI93),AI93-AJ93,0) | AP93: US-Accounts Receivable | AQ93: 132616 | AR93: 0 | AS93: 0
A94: buildappswithoutcodedemo7 | B94: ExistingCustomerEOM | C94: ExistingCustomerEOM | D94: -183 | E94: -256 | F94: 0 | G94: 0 | H94: 0 | I94: 0 | K94: 0 | L94: 0 | M94: 4 | N94: 4 | O94: New | P94: New | Q94: 0 | R94: 0 | S94: 0 | T94: 0 | U94: 0 | V94: 0 | W94: 0 | X94: 0 | Y94: 183 | Z94: 256 | AA94: Monthly | AB94: Monthly | AC94: ShaLi | AD94: ShaLi | AE94: 0 | AF94: 0 | AG94: 1 | AH94: 1 | AI94: ==W94+ Y94+D94+H94 | AJ94: ==X94+Z94+E94+I94 | AK94: ==IF(AI94=0,AJ94,0) | AL94: ==IF(AND(AI94>0,AJ94>AI94),AJ94-AI94,0) | AM94: ==IF(AI94=AJ94,AJ94,0) | AN94: ==IF(AJ94=0,AI94,0) | AO94: ==IF(AND(AJ94>0,AJ94<AI94),AI94-AJ94,0) | AP94: CAN-Accounts Receivable | AQ94: 128389 | AR94: 0 | AS94: 0
A95: solarcontractordemo | B95: ExistingCustomerEOM | C95: ExistingCustomerEOM | D95: -147 | E95: -147 | F95: 0 | G95: 0 | H95: 0 | I95: 0 | K95: 0 | L95: 0 | M95: 5 | N95: 5 | O95: New | P95: New | Q95: 0 | R95: 0 | S95: 0 | T95: 0 | U95: 0 | V95: 0 | W95: 0 | X95: 0 | Y95: 147 | Z95: 147 | AA95: Monthly | AB95: Monthly | AC95: PhuPh | AD95: PhuPh | AE95: 0 | AF95: 0 | AG95: 1 | AH95: 1 | AI95: ==W95+ Y95+D95+H95 | AJ95: ==X95+Z95+E95+I95 | AK95: ==IF(AI95=0,AJ95,0) | AL95: ==IF(AND(AI95>0,AJ95>AI95),AJ95-AI95,0) | AM95: ==IF(AI95=AJ95,AJ95,0) | AN95: ==IF(AJ95=0,AI95,0) | AO95: ==IF(AND(AJ95>0,AJ95<AI95),AI95-AJ95,0) | AP95: US-Accounts Receivable | AQ95: 17057 | AR95: 0 | AS95: 0
A96: cashadvantage1 | B96: ExistingCustomerEOM | C96: ExistingCustomerEOM | D96: 0 | E96: 0 | F96: 0 | G96: 0 | H96: -16 | I96: -12 | K96: -144 | L96: -108 | M96: 1 | N96: 1 | O96: Classic | P96: Classic | Q96: 0 | R96: 0 | S96: 0 | T96: 0 | U96: 0 | V96: 0 | W96: 160 | X96: 120 | Y96: 0 | Z96: 0 | AA96: Prepay | AB96: Prepay | AC96: ShaLi | AD96: ShaLi | AE96: 0 | AF96: 0 | AG96: 4 | AH96: 3 | AI96: ==W96+ Y96+D96+H96 | AJ96: ==X96+Z96+E96+I96 | AK96: ==IF(AI96=0,AJ96,0) | AL96: ==IF(AND(AI96>0,AJ96>AI96),AJ96-AI96,0) | AM96: ==IF(AI96=AJ96,AJ96,0) | AN96: ==IF(AJ96=0,AI96,0) | AO96: ==IF(AND(AJ96>0,AJ96<AI96),AI96-AJ96,0) | AP96: CAN-Accounts Receivable | AQ96: 14790 | AR96: 0 | AS96: 0
A97: simpleinc980 | B97: ExistingCustomerEOM | C97: ExistingCustomerEOM | D97: 0 | E97: 0 | F97: 0 | G97: 0 | H97: 0 | I97: 0 | K97: 0 | L97: 0 | M97: 3 | N97: 3 | O97: New | P97: New | Q97: 0 | R97: 0 | S97: 0 | T97: 0 | U97: 0 | V97: 0 | W97: 0 | X97: 0 | Y97: 1155 | Z97: 1351 | AA97: Monthly | AB97: Monthly | AC97: PhuPh | AD97: PhuPh | AE97: 0 | AF97: 0 | AG97: 24 | AH97: 28 | AI97: ==W97+ Y97+D97+H97 | AJ97: ==X97+Z97+E97+I97 | AK97: ==IF(AI97=0,AJ97,0) | AL97: ==IF(AND(AI97>0,AJ97>AI97),AJ97-AI97,0) | AM97: ==IF(AI97=AJ97,AJ97,0) | AN97: ==IF(AJ97=0,AI97,0) | AO97: ==IF(AND(AJ97>0,AJ97<AI97),AI97-AJ97,0) | AP97: US-Accounts Receivable | AQ97: 101698 | AR97: 0 | AS97: 0
A98: Surfaceco | B98: ExistingCustomerEOM | C98: ExistingCustomerEOM | D98: 0 | E98: 0 | F98: 0 | G98: 0 | H98: 0 | I98: 0 | K98: 0 | L98: 0 | M98: 2 | N98: 2 | O98: New | P98: New | Q98: 0 | R98: 0 | S98: 0 | T98: 0 | U98: 0 | V98: 0 | W98: 0 | X98: 0 | Y98: 360 | Z98: 348 | AA98: Monthly | AB98: Monthly | AC98: ShaLi | AD98: ShaLi | AE98: 0 | AF98: 0 | AG98: 9 | AH98: 9 | AI98: ==W98+ Y98+D98+H98 | AJ98: ==X98+Z98+E98+I98 | AK98: ==IF(AI98=0,AJ98,0) | AL98: ==IF(AND(AI98>0,AJ98>AI98),AJ98-AI98,0) | AM98: ==IF(AI98=AJ98,AJ98,0) | AN98: ==IF(AJ98=0,AI98,0) | AO98: ==IF(AND(AJ98>0,AJ98<AI98),AI98-AJ98,0) | AP98: US-Accounts Receivable | AQ98: 104327 | AR98: 0 | AS98: 0
A99: loretech | B99: ExistingCustomerEOM | C99: ExistingCustomerEOM | D99: 0 | E99: 0 | F99: 0 | G99: 0 | H99: 0 | I99: 0 | K99: 0 | L99: 0 | M99: 4 | N99: 4 | O99: New | P99: New | Q99: 0 | R99: 0 | S99: 0 | T99: 0 | U99: 0 | V99: 0 | W99: 0 | X99: 0 | Y99: 517 | Z99: 578 | AA99: Monthly | AB99: Monthly | AC99: PhuPh | AD99: PhuPh | AE99: 0 | AF99: 0 | AG99: 2 | AH99: 2 | AI99: ==W99+ Y99+D99+H99 | AJ99: ==X99+Z99+E99+I99 | AK99: ==IF(AI99=0,AJ99,0) | AL99: ==IF(AND(AI99>0,AJ99>AI99),AJ99-AI99,0) | AM99: ==IF(AI99=AJ99,AJ99,0) | AN99: ==IF(AJ99=0,AI99,0) | AO99: ==IF(AND(AJ99>0,AJ99<AI99),AI99-AJ99,0) | AP99: US-Accounts Receivable | AQ99: 107700 | AR99: 0 | AS99: 0
A100: reelwasterecycling | B100: ExistingCustomerEOM | C100: ExistingCustomerEOM | D100: 0 | E100: 0 | F100: -62 | G100: 0 | H100: 0 | I100: 0 | K100: 0 | L100: 0 | M100: 1 | N100: 1 | O100: Classic | P100: Classic | Q100: 0 | R100: 0 | S100: 620 | T100: 0 | U100: 0 | V100: 0 | W100: 290 | X100: 310 | Y100: 325 | Z100: 325 | AA100: Monthly | AB100: Monthly | AC100: ShaLi | AD100: ShaLi | AE100: 0 | AF100: 0 | AG100: 1 | AH100: 1 | AI100: ==W100+ Y100+D100+H100 | AJ100: ==X100+Z100+E100+I100 | AK100: ==IF(AI100=0,AJ100,0) | AL100: ==IF(AND(AI100>0,AJ100>AI100),AJ100-AI100,0) | AM100: ==IF(AI100=AJ100,AJ100,0) | AN100: ==IF(AJ100=0,AI100,0) | AO100: ==IF(AND(AJ100>0,AJ100<AI100),AI100-AJ100,0) | AP100: US-Accounts Receivable | AQ100: 14565 | AR100: 0 | AS100: 0
A101: valleypublishing | B101: ExistingCustomerEOM | C101: ExistingCustomerEOM | D101: 0 | E101: 0 | F101: 0 | G101: 0 | H101: 0 | I101: 0 | K101: 0 | L101: 0 | M101: 1 | N101: 1 | O101: Classic | P101: Classic | Q101: 0 | R101: 0 | S101: 0 | T101: 0 | U101: 0 | V101: 0 | W101: 25 | X101: 25 | Y101: 0 | Z101: 0 | AA101: Monthly | AB101: Monthly | AC101: JaiPa | AD101: JaiPa | AE101: 0 | AF101: 0 | AG101: 1 | AH101: 1 | AI101: ==W101+ Y101+D101+H101 | AJ101: ==X101+Z101+E101+I101 | AK101: ==IF(AI101=0,AJ101,0) | AL101: ==IF(AND(AI101>0,AJ101>AI101),AJ101-AI101,0) | AM101: ==IF(AI101=AJ101,AJ101,0) | AN101: ==IF(AJ101=0,AI101,0) | AO101: ==IF(AND(AJ101>0,AJ101<AI101),AI101-AJ101,0) | AP101: US-Accounts Receivable | AQ101: 15712 | AR101: 0 | AS101: 0
A102: louschcreations | B102: ExistingCustomerEOM | C102: ExistingCustomerEOM | D102: 0 | E102: 0 | F102: 0 | G102: 0 | H102: -8 | I102: -8 | K102: -72 | L102: -72 | M102: 1 | N102: 1 | O102: Classic | P102: Classic | Q102: 0 | R102: 0 | S102: 0 | T102: 0 | U102: 0 | V102: 0 | W102: 80 | X102: 80 | Y102: 0 | Z102: 0 | AA102: Prepay | AB102: Prepay | AC102: SukSa | AD102: SukSa | AE102: 0 | AF102: 0 | AG102: 2 | AH102: 2 | AI102: ==W102+ Y102+D102+H102 | AJ102: ==X102+Z102+E102+I102 | AK102: ==IF(AI102=0,AJ102,0) | AL102: ==IF(AND(AI102>0,AJ102>AI102),AJ102-AI102,0) | AM102: ==IF(AI102=AJ102,AJ102,0) | AN102: ==IF(AJ102=0,AI102,0) | AO102: ==IF(AND(AJ102>0,AJ102<AI102),AI102-AJ102,0) | AP102: US-Accounts Receivable | AQ102: 25891 | AR102: 0 | AS102: 0
A103: deltataudelta | B103: ExistingCustomerEOM | C103: ExistingCustomerEOM | D103: 0 | E103: 0 | F103: 0 | G103: 0 | H103: 0 | I103: 0 | K103: 0 | L103: 0 | M103: 3 | N103: 3 | O103: New | P103: New | Q103: 0 | R103: 0 | S103: 0 | T103: 0 | U103: 0 | V103: 0 | W103: 0 | X103: 0 | Y103: 132 | Z103: 172 | AA103: Monthly | AB103: Monthly | AC103: JaiPa | AD103: HaPat | AE103: 0 | AF103: 0 | AG103: 3 | AH103: 4 | AI103: ==W103+ Y103+D103+H103 | AJ103: ==X103+Z103+E103+I103 | AK103: ==IF(AI103=0,AJ103,0) | AL103: ==IF(AND(AI103>0,AJ103>AI103),AJ103-AI103,0) | AM103: ==IF(AI103=AJ103,AJ103,0) | AN103: ==IF(AJ103=0,AI103,0) | AO103: ==IF(AND(AJ103>0,AJ103<AI103),AI103-AJ103,0) | AP103: US-Accounts Receivable | AQ103: 32842 | AR103: 0 | AS103: 0
A104: happe | B104: ExistingCustomerEOM | C104: ExistingCustomerEOM | D104: -60 | E104: -60 | F104: 0 | G104: 0 | H104: 0 | I104: 0 | K104: 0 | L104: 0 | M104: 1 | N104: 1 | O104: New | P104: New | Q104: 0 | R104: 0 | S104: 0 | T104: 0 | U104: 0 | V104: 0 | W104: 0 | X104: 0 | Y104: 60 | Z104: 60 | AA104: Monthly | AB104: Monthly | AC104: PhuPh | AD104: PhuPh | AE104: 0 | AF104: 0 | AG104: 1 | AH104: 1 | AI104: ==W104+ Y104+D104+H104 | AJ104: ==X104+Z104+E104+I104 | AK104: ==IF(AI104=0,AJ104,0) | AL104: ==IF(AND(AI104>0,AJ104>AI104),AJ104-AI104,0) | AM104: ==IF(AI104=AJ104,AJ104,0) | AN104: ==IF(AJ104=0,AI104,0) | AO104: ==IF(AND(AJ104>0,AJ104<AI104),AI104-AJ104,0) | AP104: US-Accounts Receivable | AQ104: 12066 | AR104: 0 | AS104: 0
A105: sencorediamondtools | B105: ExistingCustomerEOM | C105: ExistingCustomerEOM | D105: 0 | E105: 0 | F105: 0 | G105: 0 | H105: 0 | I105: 0 | K105: 0 | L105: 0 | M105: 1 | N105: 4 | O105: Classic | P105: New | Q105: 0 | R105: 0 | S105: 0 | T105: 0 | U105: 0 | V105: 0 | W105: 1000 | X105: 0 | Y105: 0 | Z105: 720 | AA105: Monthly | AB105: Monthly | AC105: PhuPh | AD105: PhuPh | AE105: 0 | AF105: 0 | AG105: 25 | AH105: 18 | AI105: ==W105+ Y105+D105+H105 | AJ105: ==X105+Z105+E105+I105 | AK105: ==IF(AI105=0,AJ105,0) | AL105: ==IF(AND(AI105>0,AJ105>AI105),AJ105-AI105,0) | AM105: ==IF(AI105=AJ105,AJ105,0) | AN105: ==IF(AJ105=0,AI105,0) | AO105: ==IF(AND(AJ105>0,AJ105<AI105),AI105-AJ105,0) | AP105: US-Accounts Receivable | AQ105: 49812 | AR105: 0 | AS105: 0
A106: nicolavalleyministorage | B106: ExistingCustChurn | D106: 0 | E106: 0 | F106: 0 | G106: 0 | H106: -5 | I106: 0 | K106: -44 | L106: 0 | M106: 3 | N106: 0 | O106: New | Q106: 0 | R106: 0 | S106: 0 | T106: 0 | U106: 0 | V106: 0 | W106: 0 | X106: 0 | Y106: 49 | Z106: 0 | AA106: Prepay | AC106: HaPat | AE106: 0 | AF106: 0 | AG106: 1 | AH106: 0 | AI106: ==W106+ Y106+D106+H106 | AJ106: ==X106+Z106+E106+I106 | AK106: ==IF(AI106=0,AJ106,0) | AL106: ==IF(AND(AI106>0,AJ106>AI106),AJ106-AI106,0) | AM106: ==IF(AI106=AJ106,AJ106,0) | AN106: ==IF(AJ106=0,AI106,0) | AO106: ==IF(AND(AJ106>0,AJ106<AI106),AI106-AJ106,0) | AP106: CAN-Accounts Receivable | AQ106: 172702 | AR106: 0 | AS106: 0
A107: lsut | B107: ExistingCustomerEOM | C107: ExistingCustomerEOM | D107: -16 | E107: -24 | F107: 0 | G107: 0 | H107: 0 | I107: 0 | K107: 0 | L107: 0 | M107: 1 | N107: 1 | O107: Classic | P107: Classic | Q107: 0 | R107: 0 | S107: 0 | T107: 0 | U107: 0 | V107: 0 | W107: 80 | X107: 120 | Y107: 0 | Z107: 0 | AA107: Monthly | AB107: Monthly | AC107: PhuPh | AD107: PhuPh | AE107: 0 | AF107: 0 | AG107: 2 | AH107: 3 | AI107: ==W107+ Y107+D107+H107 | AJ107: ==X107+Z107+E107+I107 | AK107: ==IF(AI107=0,AJ107,0) | AL107: ==IF(AND(AI107>0,AJ107>AI107),AJ107-AI107,0) | AM107: ==IF(AI107=AJ107,AJ107,0) | AN107: ==IF(AJ107=0,AI107,0) | AO107: ==IF(AND(AJ107>0,AJ107<AI107),AI107-AJ107,0) | AP107: CAN-Accounts Receivable | AQ107: 35369 | AR107: 0 | AS107: 0
A108: mcc | B108: ExistingCustomerEOM | C108: ExistingCustomerEOM | D108: -90 | E108: -90 | F108: 0 | G108: 0 | H108: 0 | I108: 0 | K108: 0 | L108: 0 | M108: 3 | N108: 3 | O108: New | P108: New | Q108: 0 | R108: 0 | S108: 0 | T108: 0 | U108: 0 | V108: 0 | W108: 0 | X108: 0 | Y108: 125 | Z108: 125 | AA108: Monthly | AB108: Monthly | AC108: PhuPh | AD108: PhuPh | AE108: 0 | AF108: 0 | AG108: 1 | AH108: 1 | AI108: ==W108+ Y108+D108+H108 | AJ108: ==X108+Z108+E108+I108 | AK108: ==IF(AI108=0,AJ108,0) | AL108: ==IF(AND(AI108>0,AJ108>AI108),AJ108-AI108,0) | AM108: ==IF(AI108=AJ108,AJ108,0) | AN108: ==IF(AJ108=0,AI108,0) | AO108: ==IF(AND(AJ108>0,AJ108<AI108),AI108-AJ108,0) | AP108: CAN-Accounts Receivable | AQ108: 21251 | AR108: 0 | AS108: 0
A109: tannerproperties | B109: ExistingCustomerEOM | C109: ExistingCustomerEOM | D109: 0 | E109: 0 | F109: 0 | G109: 0 | H109: 0 | I109: 0 | K109: 0 | L109: 0 | M109: 1 | N109: 1 | O109: New | P109: New | Q109: 0 | R109: 0 | S109: 0 | T109: 0 | U109: 0 | V109: 0 | W109: 0 | X109: 0 | Y109: 28 | Z109: 28 | AA109: Monthly | AB109: Monthly | AC109: ShaLi | AD109: ShaLi | AE109: 0 | AF109: 0 | AG109: 1 | AH109: 1 | AI109: ==W109+ Y109+D109+H109 | AJ109: ==X109+Z109+E109+I109 | AK109: ==IF(AI109=0,AJ109,0) | AL109: ==IF(AND(AI109>0,AJ109>AI109),AJ109-AI109,0) | AM109: ==IF(AI109=AJ109,AJ109,0) | AN109: ==IF(AJ109=0,AI109,0) | AO109: ==IF(AND(AJ109>0,AJ109<AI109),AI109-AJ109,0) | AP109: US-Accounts Receivable | AQ109: 172586 | AR109: 0 | AS109: 0
A110: HBLGroupSA | B110: ExistingCustomerEOM | C110: ExistingCustomerEOM | D110: 0 | E110: 0 | F110: 0 | G110: 0 | H110: 0 | I110: 0 | K110: 0 | L110: 0 | M110: 1 | N110: 1 | O110: New | P110: New | Q110: 0 | R110: 0 | S110: 0 | T110: 0 | U110: 0 | V110: 0 | W110: 600 | X110: 400 | Y110: 80 | Z110: 80 | AA110: Monthly | AB110: Monthly | AC110: PhuPh | AD110: PhuPh | AE110: 0 | AF110: 0 | AG110: 0 | AH110: 0 | AI110: ==W110+ Y110+D110+H110 | AJ110: ==X110+Z110+E110+I110 | AK110: ==IF(AI110=0,AJ110,0) | AL110: ==IF(AND(AI110>0,AJ110>AI110),AJ110-AI110,0) | AM110: ==IF(AI110=AJ110,AJ110,0) | AN110: ==IF(AJ110=0,AI110,0) | AO110: ==IF(AND(AJ110>0,AJ110<AI110),AI110-AJ110,0) | AP110: US-Accounts Receivable | AQ110: 41874 | AR110: 0 | AS110: 0
A111: deccanfoods4 | B111: NewCustomerEOM | C111: TrialerEOM | D111: 0 | E111: 0 | F111: 0 | G111: 0 | H111: 0 | I111: 0 | K111: 0 | L111: 0 | M111: 4 | N111: 1 | O111: New | P111: New | Q111: 0 | R111: 0 | S111: 0 | T111: 0 | U111: 0 | V111: 0 | W111: 0 | X111: 0 | Y111: 484 | Z111: 548 | AA111: Monthly | AB111: Monthly | AC111: PhuPh | AD111: PhuPh | AE111: 0 | AF111: 0 | AG111: 3 | AH111: 0 | AI111: ==W111+ Y111+D111+H111 | AJ111: ==X111+Z111+E111+I111 | AK111: ==IF(AI111=0,AJ111,0) | AL111: ==IF(AND(AI111>0,AJ111>AI111),AJ111-AI111,0) | AM111: ==IF(AI111=AJ111,AJ111,0) | AN111: ==IF(AJ111=0,AI111,0) | AO111: ==IF(AND(AJ111>0,AJ111<AI111),AI111-AJ111,0) | AP111: US-Accounts Receivable | AQ111: 176596 | AR111: 0 | AS111: 0
A112: clearviewbuildingservices | B112: ExistingCustomerEOM | D112: 0 | E112: 0 | F112: 0 | G112: 0 | H112: 0 | I112: 0 | K112: 0 | L112: 0 | M112: 4 | N112: 0 | O112: New | Q112: 0 | R112: 0 | S112: 0 | T112: 0 | U112: 0 | V112: 0 | W112: 0 | X112: 0 | Y112: 171 | Z112: 0 | AA112: Monthly | AC112: HaPat | AE112: 0 | AF112: 0 | AG112: 3 | AH112: 0 | AI112: ==W112+ Y112+D112+H112 | AJ112: ==X112+Z112+E112+I112 | AK112: ==IF(AI112=0,AJ112,0) | AL112: ==IF(AND(AI112>0,AJ112>AI112),AJ112-AI112,0) | AM112: ==IF(AI112=AJ112,AJ112,0) | AN112: ==IF(AJ112=0,AI112,0) | AO112: ==IF(AND(AJ112>0,AJ112<AI112),AI112-AJ112,0) | AP112: US-Accounts Receivable | AQ112: 126506 | AR112: 0 | AS112: 0
...

Sheet NRR By Customer
A1: Start of Month | B1: Start of Month | C1: Start of Month | D1: Cancellation | E1: Cancellation | F1: Cancellation | G1: Downgrades | H1: Downgrades | I1: Downgrades | J1: Expansion | K1: Expansion | L1: Expansion | M1: New ARR | N1: New ARR | O1: New ARR | P1: Other | Q1: Other | R1: Other | S1: OtherChurn | T1: OtherChurn | U1: OtherChurn | V1: Count | W1: Count | X1: Count
A2: US-Accounts Receivable | B2: CAN-Accounts Receivable | C2: UK-Accounts Receivable | D2: US-Accounts Receivable | E2: CAN-Accounts Receivable | F2: UK-Accounts Receivable | G2: US-Accounts Receivable | H2: CAN-Accounts Receivable | I2: UK-Accounts Receivable | J2: US-Accounts Receivable | K2: CAN-Accounts Receivable | L2: UK-Accounts Receivable | M2: US-Accounts Receivable | N2: CAN-Accounts Receivable | O2: UK-Accounts Receivable | P2: US-Accounts Receivable | Q2: CAN-Accounts Receivable | R2: UK-Accounts Receivable | S2: US-Accounts Receivable | T2: CAN-Accounts Receivable | U2: UK-Accounts Receivable | V2: US-Accounts Receivable | W2: CAN-Accounts Receivable | X2: UK-Accounts Receivable
A3: ==SUMIFS(Customers!AI:AI,Customers!AP:AP,A$2) | B3: ==SUMIFS(Customers!AI:AI,Customers!AP:AP,B$2) | C3: ==SUMIFS(Customers!AI:AI,Customers!AP:AP,C$2) | D3: ==SUMIFS(Customers!AN:AN,Customers!AP:AP,D$2)-S3 | E3: ==SUMIFS(Customers!AN:AN,Customers!AP:AP,E$2)-T3 | F3: ==SUMIFS(Customers!AN:AN,Customers!AP:AP,F$2)-U3 | G3: ==SUMIFS(Customers!AO:AO,Customers!AP:AP,G$2) | H3: ==SUMIFS(Customers!AO:AO,Customers!AP:AP,H$2) | I3: ==SUMIFS(Customers!AO:AO,Customers!AP:AP,I$2) | J3: ==SUMIFS(Customers!AL:AL,Customers!AP:AP,J$2) | K3: ==SUMIFS(Customers!AL:AL,Customers!AP:AP,K$2) | L3: ==SUMIFS(Customers!AL:AL,Customers!AP:AP,L$2) | M3: ==SUMIFS(Customers!AK:AK,Customers!AP:AP,M$2)-P3 | N3: ==SUMIFS(Customers!AK:AK,Customers!AP:AP,N$2)-Q3 | O3: ==SUMIFS(Customers!AK:AK,Customers!AP:AP,O$2)-R3 | P3: ==SUMIFS(Customers!AS:AS,Customers!AP:AP,P$2) | Q3: ==SUMIFS(Customers!AS:AS,Customers!AP:AP,Q$2) | R3: ==SUMIFS(Customers!AS:AS,Customers!AP:AP,R$2) | S3: ==SUMIFS(Customers!AR:AR,Customers!AP:AP,P$2) | T3: ==SUMIFS(Customers!AR:AR,Customers!AP:AP,Q$2) | U3: ==SUMIFS(Customers!AR:AR,Customers!AP:AP,R$2) | V3: ==COUNTIFS(Customers!Z:Z, ">0",Customers!AP:AP,V$2) | W3: ==COUNTIFS(Customers!Z:Z, ">0",Customers!AP:AP,W$2) | X3: ==COUNTIFS(Customers!Z:Z, ">0",Customers!AP:AP,X$2)

Sheet Accounts
A1: CompanyAccount | B1: CustomerGroupingPeriod1 | C1: CustomerGroupingPeriod2 | D1: DiscountOtherSaaSPeriod1 | E1: DiscountOtherSaaSPeriod2 | F1: DiscountOtherPSPeriod1 | G1: DiscountOtherPSPeriod2 | H1: DiscountPrepayPortionPeriod1 | I1: DiscountPrepayPortionPeriod2 | J1: InvoiceGrouping | K1: LiabilityPortionPeriod1 | L1: LiabilityPortionPeriod2 | M1: PackPaidCountPeriod1 | N1: PackPaidCountPeriod2 | O1: PlatformTogglePeriod1 | P1: PlatformTogglePeriod2 | Q1: PSExpenseAmountPeriod1 | R1: PSExpenseAmountPeriod2 | S1: PSIncomeAmountPeriod1 | T1: PSIncomeAmountPeriod2 | U1: SaasExpensePeriod1 | V1: SaasExpensePeriod2 | W1: SaaSIncomeAmountClassicPeriod1 | X1: SaaSIncomeAmountClassicPeriod2 | Y1: SaaSIncomeAmountNewPeriod1 | Z1: SaaSIncomeAmountNewPeriod2 | AA1: SaaSPayTypePeriod1 | AB1: SaaSPayTypePeriod2 | AC1: SalesRepSaaSPeriod1 | AD1: SalesRepSaaSPeriod2 | AE1: UncategorizedPortionPeriod1 | AF1: UncategorizedPortionPeriod2 | AG1: UserPaidCountPeriod1 | AH1: UserPaidCountPeriod2 | AI1: SaaSNetPeriod1 | AJ1: SaaSNetPeriod2 | AK1: SaaSExpandNew | AL1: SaaSExpansionUp | AM1: SaaSNoChange | AN1: SaaSContractionCancel | AO1: SaaSContractionDown | AP1: Currency | AQ1: CustomerRecordID | AR1: PrepPayExpiryPeriod1 | AS1: PrepPayExpiryPeriod2
A2: duralinesystemsinc2 | B2: ExistingCustomerEOM | C2: ExistingCustomerEOM | D2: 0 | E2: 0 | F2: -263.5 | G2: -108.5 | H2: 0 | I2: 0 | K2: 0 | L2: 0 | M2: 5 | N2: 5 | O2: New | P2: New | Q2: 0 | R2: 0 | S2: 2635 | T2: 1085 | U2: 0 | V2: 0 | W2: 0 | X2: 0 | Y2: 1090 | Z2: 1099 | AA2: Monthly | AB2: Monthly | AC2: HaPat | AD2: HaPat | AE2: 0 | AF2: 0 | AG2: 15 | AH2: 15 | AI2: ==W2+ Y2+D2+H2 | AJ2: ==X2+Z2+E2+I2 | AK2: ==IF(AI2=0,AJ2,0) | AL2: ==IF(AND(AI2>0,AJ2>AI2),AJ2-AI2,0) | AM2: ==IF(AI2=AJ2,AJ2,0) | AN2: ==IF(AJ2=0,AI2,0) | AO2: ==IF(AND(AJ2>0,AJ2<AI2),AI2-AJ2,0) | AP2: US-Accounts Receivable | AQ2: 156531 | AR2: 0 | AS2: 0
A3: foreigntaxcpa | B3: ExistingCustomerEOM | C3: ExistingCustomerEOM | D3: 0 | E3: 0 | F3: -46.5 | G3: 0 | H3: -140 | I3: 0 | K3: -420 | L3: 0 | M3: 3 | N3: 3 | O3: unknown | P3: unknown | Q3: 0 | R3: -77.5 | S3: 465 | T3: 77.5 | U3: 0 | V3: 0 | W3: 0 | X3: 0 | Y3: 885 | Z3: 956 | AA3: Prepay | AB3: Monthly | AC3: PhuPh | AD3: PhuPh | AE3: 0 | AF3: 0 | AG3: 14 | AH3: 16 | AI3: ==W3+ Y3+D3+H3 | AJ3: ==X3+Z3+E3+I3 | AK3: ==IF(AI3=0,AJ3,0) | AL3: ==IF(AND(AI3>0,AJ3>AI3),AJ3-AI3,0) | AM3: ==IF(AI3=AJ3,AJ3,0) | AN3: ==IF(AJ3=0,AI3,0) | AO3: ==IF(AND(AJ3>0,AJ3<AI3),AI3-AJ3,0) | AP3: US-Accounts Receivable | AQ3: 175034 | AR3: 0 | AS3: 0
A4: alerthomewatch | B4: ExistingCustomerEOM | C4: ExistingCustomerEOM | D4: 0 | E4: 0 | F4: 0 | G4: 0 | H4: 0 | I4: 0 | K4: 0 | L4: 0 | M4: 1 | N4: 1 | O4: New | P4: New | Q4: 0 | R4: 0 | S4: 0 | T4: 0 | U4: 0 | V4: 0 | W4: 0 | X4: 0 | Y4: 84 | Z4: 84 | AA4: Monthly | AB4: Monthly | AC4: PhuPh | AD4: PhuPh | AE4: 0 | AF4: 0 | AG4: 3 | AH4: 3 | AI4: ==W4+ Y4+D4+H4 | AJ4: ==X4+Z4+E4+I4 | AK4: ==IF(AI4=0,AJ4,0) | AL4: ==IF(AND(AI4>0,AJ4>AI4),AJ4-AI4,0) | AM4: ==IF(AI4=AJ4,AJ4,0) | AN4: ==IF(AJ4=0,AI4,0) | AO4: ==IF(AND(AJ4>0,AJ4<AI4),AI4-AJ4,0) | AP4: US-Accounts Receivable | AQ4: 96657 | AR4: 0 | AS4: 0
A5: CarlsonConcierge | B5: ExistingCustomerEOM | C5: ExistingCustomerEOM | D5: -11.2 | E5: -11.2 | F5: 0 | G5: 0 | H5: 0 | I5: 0 | K5: 0 | L5: 0 | M5: 1 | N5: 1 | O5: New | P5: New | Q5: 0 | R5: 0 | S5: 0 | T5: 0 | U5: 0 | V5: 0 | W5: 0 | X5: 0 | Y5: 56 | Z5: 56 | AA5: Monthly | AB5: Monthly | AC5: PhuPh | AD5: PhuPh | AE5: 0 | AF5: 0 | AG5: 2 | AH5: 2 | AI5: ==W5+ Y5+D5+H5 | AJ5: ==X5+Z5+E5+I5 | AK5: ==IF(AI5=0,AJ5,0) | AL5: ==IF(AND(AI5>0,AJ5>AI5),AJ5-AI5,0) | AM5: ==IF(AI5=AJ5,AJ5,0) | AN5: ==IF(AJ5=0,AI5,0) | AO5: ==IF(AND(AJ5>0,AJ5<AI5),AI5-AJ5,0) | AP5: US-Accounts Receivable | AQ5: 86456 | AR5: 0 | AS5: 0
A6: hwmadison | B6: ExistingCustomerEOM | C6: ExistingCustomerEOM | D6: 0 | E6: 0 | F6: 0 | G6: 0 | H6: 0 | I6: 0 | K6: 0 | L6: 0 | M6: 1 | N6: 1 | O6: New | P6: New | Q6: 0 | R6: 0 | S6: 0 | T6: 0 | U6: 0 | V6: 0 | W6: 0 | X6: 0 | Y6: 56 | Z6: 56 | AA6: Monthly | AB6: Monthly | AC6: PhuPh | AD6: PhuPh | AE6: 0 | AF6: 0 | AG6: 2 | AH6: 2 | AI6: ==W6+ Y6+D6+H6 | AJ6: ==X6+Z6+E6+I6 | AK6: ==IF(AI6=0,AJ6,0) | AL6: ==IF(AND(AI6>0,AJ6>AI6),AJ6-AI6,0) | AM6: ==IF(AI6=AJ6,AJ6,0) | AN6: ==IF(AJ6=0,AI6,0) | AO6: ==IF(AND(AJ6>0,AJ6<AI6),AI6-AJ6,0) | AP6: US-Accounts Receivable | AQ6: 132775 | AR6: 0 | AS6: 0
A7: leddy | B7: ExistingCustomerEOM | C7: ExistingCustomerEOM | D7: 0 | E7: 0 | F7: 0 | G7: 0 | H7: 0 | I7: 0 | K7: 0 | L7: 0 | M7: 1 | N7: 1 | O7: New | P7: New | Q7: 0 | R7: 0 | S7: 0 | T7: 0 | U7: 0 | V7: 0 | W7: 0 | X7: 0 | Y7: 28 | Z7: 28 | AA7: Monthly | AB7: Monthly | AC7: PhuPh | AD7: PhuPh | AE7: 0 | AF7: 0 | AG7: 1 | AH7: 1 | AI7: ==W7+ Y7+D7+H7 | AJ7: ==X7+Z7+E7+I7 | AK7: ==IF(AI7=0,AJ7,0) | AL7: ==IF(AND(AI7>0,AJ7>AI7),AJ7-AI7,0) | AM7: ==IF(AI7=AJ7,AJ7,0) | AN7: ==IF(AJ7=0,AI7,0) | AO7: ==IF(AND(AJ7>0,AJ7<AI7),AI7-AJ7,0) | AP7: US-Accounts Receivable | AQ7: 148689 | AR7: 0 | AS7: 0
A8: beyonddetailedsolutions | B8: ExistingCustomerEOM | C8: ExistingCustomerEOM | D8: 0 | E8: 0 | F8: 0 | G8: 0 | H8: -3 | I8: -3 | K8: -25 | L8: -25 | M8: 1 | N8: 1 | O8: New | P8: New | Q8: 0 | R8: 0 | S8: 0 | T8: 0 | U8: 0 | V8: 0 | W8: 0 | X8: 0 | Y8: 28 | Z8: 28 | AA8: Prepay | AB8: Prepay | AC8: PhuPh | AD8: PhuPh | AE8: 0 | AF8: 0 | AG8: 1 | AH8: 1 | AI8: ==W8+ Y8+D8+H8 | AJ8: ==X8+Z8+E8+I8 | AK8: ==IF(AI8=0,AJ8,0) | AL8: ==IF(AND(AI8>0,AJ8>AI8),AJ8-AI8,0) | AM8: ==IF(AI8=AJ8,AJ8,0) | AN8: ==IF(AJ8=0,AI8,0) | AO8: ==IF(AND(AJ8>0,AJ8<AI8),AI8-AJ8,0) | AP8: US-Accounts Receivable | AQ8: 150052 | AR8: 0 | AS8: 0
A9: guardianangel | B9: ExistingCustomerEOM | C9: ExistingCustomerEOM | D9: 0 | E9: 0 | F9: 0 | G9: 0 | H9: 0 | I9: 0 | K9: 0 | L9: 0 | M9: 0 | N9: 0 | O9: unknown | P9: unknown | Q9: 0 | R9: 0 | S9: 0 | T9: 0 | U9: 0 | V9: 0 | W9: 0 | X9: 0 | Y9: 0 | Z9: 0 | AE9: 0 | AF9: 0 | AG9: 0 | AH9: 0 | AI9: ==W9+ Y9+D9+H9 | AJ9: ==X9+Z9+E9+I9 | AK9: ==IF(AI9=0,AJ9,0) | AL9: ==IF(AND(AI9>0,AJ9>AI9),AJ9-AI9,0) | AM9: ==IF(AI9=AJ9,AJ9,0) | AN9: ==IF(AJ9=0,AI9,0) | AO9: ==IF(AND(AJ9>0,AJ9<AI9),AI9-AJ9,0) | AP9: US-Accounts Receivable | AQ9: 150132 | AR9: 0 | AS9: 0
A10: alliedhomewatch2 | B10: ExistingCustomerEOM | D10: 0 | E10: 0 | F10: 0 | G10: 0 | H10: 0 | I10: 0 | K10: 0 | L10: 0 | M10: 1 | N10: 0 | O10: New | Q10: 0 | R10: 0 | S10: 0 | T10: 0 | U10: 0 | V10: 0 | W10: 0 | X10: 0 | Y10: 28 | Z10: 0 | AA10: Monthly | AC10: PhuPh | AE10: 0 | AF10: 0 | AG10: 1 | AH10: 0 | AI10: ==W10+ Y10+D10+H10 | AJ10: ==X10+Z10+E10+I10 | AK10: ==IF(AI10=0,AJ10,0) | AL10: ==IF(AND(AI10>0,AJ10>AI10),AJ10-AI10,0) | AM10: ==IF(AI10=AJ10,AJ10,0) | AN10: ==IF(AJ10=0,AI10,0) | AO10: ==IF(AND(AJ10>0,AJ10<AI10),AI10-AJ10,0) | AP10: US-Accounts Receivable | AQ10: 152940 | AR10: 0 | AS10: 0
A11: casanapleshomewatch | B11: ExistingCustomerEOM | C11: ExistingCustomerEOM | D11: 0 | E11: 0 | F11: 0 | G11: 0 | H11: 0 | I11: 0 | K11: 0 | L11: 0 | M11: 1 | N11: 1 | O11: New | P11: New | Q11: 0 | R11: 0 | S11: 0 | T11: 0 | U11: 0 | V11: 0 | W11: 0 | X11: 0 | Y11: 28 | Z11: 28 | AA11: Monthly | AB11: Monthly | AC11: PhuPh | AD11: PhuPh | AE11: 0 | AF11: 0 | AG11: 1 | AH11: 1 | AI11: ==W11+ Y11+D11+H11 | AJ11: ==X11+Z11+E11+I11 | AK11: ==IF(AI11=0,AJ11,0) | AL11: ==IF(AND(AI11>0,AJ11>AI11),AJ11-AI11,0) | AM11: ==IF(AI11=AJ11,AJ11,0) | AN11: ==IF(AJ11=0,AI11,0) | AO11: ==IF(AND(AJ11>0,AJ11<AI11),AI11-AJ11,0) | AP11: US-Accounts Receivable | AQ11: 159752 | AR11: 0 | AS11: 0
A12: rimrocksoftware | B12: TrialerCancelled | D12: 0 | E12: 0 | F12: 0 | G12: 0 | H12: 0 | I12: 0 | K12: 0 | L12: 0 | M12: 2 | N12: 0 | O12: New | Q12: 0 | R12: 0 | S12: 0 | T12: 0 | U12: 0 | V12: 0 | W12: 0 | X12: 0 | Y12: 40 | Z12: 0 | AA12: Monthly | AC12: PhuPh | AE12: 0 | AF12: 0 | AG12: 1 | AH12: 0 | AI12: ==W12+ Y12+D12+H12 | AJ12: ==X12+Z12+E12+I12 | AK12: ==IF(AI12=0,AJ12,0) | AL12: ==IF(AND(AI12>0,AJ12>AI12),AJ12-AI12,0) | AM12: ==IF(AI12=AJ12,AJ12,0) | AN12: ==IF(AJ12=0,AI12,0) | AO12: ==IF(AND(AJ12>0,AJ12<AI12),AI12-AJ12,0) | AP12: US-Accounts Receivable | AQ12: 177742 | AR12: 0 | AS12: 0
A13: lightconsultancy | B13: ExistingCustomerEOM | C13: ExistingCustomerEOM | D13: -101 | E13: -101 | F13: 0 | G13: 0 | H13: 0 | I13: 0 | K13: 0 | L13: 0 | M13: 4 | N13: 4 | O13: New | P13: New | Q13: 0 | R13: 0 | S13: 0 | T13: 0 | U13: 0 | V13: 0 | W13: 0 | X13: 0 | Y13: 101 | Z13: 101 | AA13: Monthly | AB13: Monthly | AC13: PhuPh | AD13: PhuPh | AE13: 0 | AF13: 0 | AG13: 2 | AH13: 2 | AI13: ==W13+ Y13+D13+H13 | AJ13: ==X13+Z13+E13+I13 | AK13: ==IF(AI13=0,AJ13,0) | AL13: ==IF(AND(AI13>0,AJ13>AI13),AJ13-AI13,0) | AM13: ==IF(AI13=AJ13,AJ13,0) | AN13: ==IF(AJ13=0,AI13,0) | AO13: ==IF(AND(AJ13>0,AJ13<AI13),AI13-AJ13,0) | AP13: US-Accounts Receivable | AQ13: 173877 | AR13: 0 | AS13: 0
A14: upfrontservices | B14: NewCustomerEOM | C14: ExistingCustomerEOM | D14: 0 | E14: 0 | F14: 0 | G14: 0 | H14: 0 | I14: 0 | K14: 0 | L14: 0 | M14: 6 | N14: 6 | O14: New | P14: New | Q14: 0 | R14: 0 | S14: 0 | T14: 0 | U14: 0 | V14: 0 | W14: 0 | X14: 0 | Y14: 553 | Z14: 836 | AA14: Monthly | AB14: Monthly | AC14: PhuPh | AD14: PhuPh | AE14: 0 | AF14: 0 | AG14: 10 | AH14: 10 | AI14: ==W14+ Y14+D14+H14 | AJ14: ==X14+Z14+E14+I14 | AK14: ==IF(AI14=0,AJ14,0) | AL14: ==IF(AND(AI14>0,AJ14>AI14),AJ14-AI14,0) | AM14: ==IF(AI14=AJ14,AJ14,0) | AN14: ==IF(AJ14=0,AI14,0) | AO14: ==IF(AND(AJ14>0,AJ14<AI14),AI14-AJ14,0) | AP14: US-Accounts Receivable | AQ14: 176322 | AR14: 0 | AS14: 0
A15: ceo40groupinc | B15: NewCustomerEOM | C15: ExistingCustomerEOM | D15: 0 | E15: 0 | F15: 0 | G15: 0 | H15: 0 | I15: 0 | K15: 0 | L15: 0 | M15: 3 | N15: 3 | O15: New | P15: New | Q15: 0 | R15: 0 | S15: 0 | T15: 0 | U15: 0 | V15: 0 | W15: 0 | X15: 0 | Y15: 49 | Z15: 151 | AA15: Monthly | AB15: Monthly | AC15: ChWon | AD15: UrRao | AE15: 0 | AF15: 0 | AG15: 1 | AH15: 4 | AI15: ==W15+ Y15+D15+H15 | AJ15: ==X15+Z15+E15+I15 | AK15: ==IF(AI15=0,AJ15,0) | AL15: ==IF(AND(AI15>0,AJ15>AI15),AJ15-AI15,0) | AM15: ==IF(AI15=AJ15,AJ15,0) | AN15: ==IF(AJ15=0,AI15,0) | AO15: ==IF(AND(AJ15>0,AJ15<AI15),AI15-AJ15,0) | AP15: US-Accounts Receivable | AQ15: 176317 | AR15: 0 | AS15: 0
A16: theatticdepot2 | B16: NewCustomerEOM | C16: ExistingCustomerEOM | D16: 0 | E16: 0 | F16: 0 | G16: 0 | H16: -30.5 | I16: -16.2 | K16: -91.5 | L16: -145.8 | M16: 5 | N16: 5 | O16: New | P16: New | Q16: 0 | R16: 0 | S16: 0 | T16: 0 | U16: 0 | V16: 0 | W16: 0 | X16: 0 | Y16: 122 | Z16: 162 | AA16: Prepay | AB16: Prepay | AC16: ChWon | AD16: SukSa | AE16: 0 | AF16: 0 | AG16: 2 | AH16: 3 | AI16: ==W16+ Y16+D16+H16 | AJ16: ==X16+Z16+E16+I16 | AK16: ==IF(AI16=0,AJ16,0) | AL16: ==IF(AND(AI16>0,AJ16>AI16),AJ16-AI16,0) | AM16: ==IF(AI16=AJ16,AJ16,0) | AN16: ==IF(AJ16=0,AI16,0) | AO16: ==IF(AND(AJ16>0,AJ16<AI16),AI16-AJ16,0) | AP16: US-Accounts Receivable | AQ16: 176326 | AR16: 0 | AS16: 0
A17: pipemonsterplumbingllc | B17: NewCustChurn | D17: 0 | E17: 0 | F17: 0 | G17: 0 | H17: 0 | I17: 0 | K17: 0 | L17: 0 | M17: 4 | N17: 0 | O17: New | Q17: 0 | R17: 0 | S17: 0 | T17: 0 | U17: 0 | V17: 0 | W17: 0 | X17: 0 | Y17: 183 | Z17: 0 | AA17: Monthly | AC17: ChWon | AE17: 0 | AF17: 0 | AG17: 3 | AH17: 0 | AI17: ==W17+ Y17+D17+H17 | AJ17: ==X17+Z17+E17+I17 | AK17: ==IF(AI17=0,AJ17,0) | AL17: ==IF(AND(AI17>0,AJ17>AI17),AJ17-AI17,0) | AM17: ==IF(AI17=AJ17,AJ17,0) | AN17: ==IF(AJ17=0,AI17,0) | AO17: ==IF(AND(AJ17>0,AJ17<AI17),AI17-AJ17,0) | AP17: US-Accounts Receivable | AQ17: 176314 | AR17: 0 | AS17: 0
A18: hallknifeandforge | B18: ExistingCustomerEOM | C18: ExistingCustomerEOM | D18: 0 | E18: 0 | F18: 0 | G18: 0 | H18: 0 | I18: 0 | K18: 0 | L18: 0 | M18: 3 | N18: 3 | O18: New | P18: New | Q18: 0 | R18: 0 | S18: 0 | T18: 0 | U18: 0 | V18: 0 | W18: 0 | X18: 0 | Y18: 52 | Z18: 52 | AA18: Monthly | AB18: Monthly | AC18: JaiPa | AD18: JaiPa | AE18: 0 | AF18: 0 | AG18: 1 | AH18: 1 | AI18: ==W18+ Y18+D18+H18 | AJ18: ==X18+Z18+E18+I18 | AK18: ==IF(AI18=0,AJ18,0) | AL18: ==IF(AND(AI18>0,AJ18>AI18),AJ18-AI18,0) | AM18: ==IF(AI18=AJ18,AJ18,0) | AN18: ==IF(AJ18=0,AI18,0) | AO18: ==IF(AND(AJ18>0,AJ18<AI18),AI18-AJ18,0) | AP18: CAN-Accounts Receivable | AQ18: 168753 | AR18: 0 | AS18: 0
A19: ethiopiancommunityassociationofgreaterphil | B19: ExistingCustomerEOM | D19: 0 | E19: 0 | F19: 0 | G19: 0 | H19: -3 | I19: 0 | K19: -25 | L19: 0 | M19: 1 | N19: 0 | O19: New | Q19: 0 | R19: 0 | S19: 0 | T19: 0 | U19: 0 | V19: 0 | W19: 0 | X19: 0 | Y19: 28 | Z19: 0 | AA19: Prepay | AC19: RafSy | AE19: 0 | AF19: 0 | AG19: 1 | AH19: 0 | AI19: ==W19+ Y19+D19+H19 | AJ19: ==X19+Z19+E19+I19 | AK19: ==IF(AI19=0,AJ19,0) | AL19: ==IF(AND(AI19>0,AJ19>AI19),AJ19-AI19,0) | AM19: ==IF(AI19=AJ19,AJ19,0) | AN19: ==IF(AJ19=0,AI19,0) | AO19: ==IF(AND(AJ19>0,AJ19<AI19),AI19-AJ19,0) | AP19: US-Accounts Receivable | AQ19: 168777 | AR19: 0 | AS19: 0
A20: fairlanefurniturerestorers3 | B20: ExistingCustomerEOM | C20: ExistingCustomerEOM | D20: 0 | E20: 0 | F20: -155 | G20: -46.5 | H20: 0 | I20: 0 | K20: 0 | L20: 0 | M20: 2 | N20: 2 | O20: unknown | P20: unknown | Q20: 0 | R20: 0 | S20: 155 | T20: 465 | U20: 0 | V20: 0 | W20: 0 | X20: 0 | Y20: 416 | Z20: 809 | AA20: Monthly | AB20: Monthly | AC20: PhuPh | AD20: PhuPh | AE20: 0 | AF20: 0 | AG20: 11 | AH20: 13 | AI20: ==W20+ Y20+D20+H20 | AJ20: ==X20+Z20+E20+I20 | AK20: ==IF(AI20=0,AJ20,0) | AL20: ==IF(AND(AI20>0,AJ20>AI20),AJ20-AI20,0) | AM20: ==IF(AI20=AJ20,AJ20,0) | AN20: ==IF(AJ20=0,AI20,0) | AO20: ==IF(AND(AJ20>0,AJ20<AI20),AI20-AJ20,0) | AP20: US-Accounts Receivable | AQ20: 172556 | AR20: 0 | AS20: 0
A21: bieldentalcabinetsrebielcompanyinc | B21: ExistingCustomerEOM | C21: ExistingCustomerEOM | D21: 0 | E21: 0 | F21: 0 | G21: 0 | H21: -24.5 | I21: -11 | K21: -73.5 | L21: -99 | M21: 3 | N21: 4 | O21: unknown | P21: New | Q21: 0 | R21: 0 | S21: 155 | T21: 0 | U21: 0 | V21: 0 | W21: 0 | X21: 0 | Y21: 98 | Z21: 110 | AA21: Prepay | AB21: Prepay | AC21: ChWon | AD21: JaiPa | AE21: 0 | AF21: 0 | AG21: 2 | AH21: 2 | AI21: ==W21+ Y21+D21+H21 | AJ21: ==X21+Z21+E21+I21 | AK21: ==IF(AI21=0,AJ21,0) | AL21: ==IF(AND(AI21>0,AJ21>AI21),AJ21-AI21,0) | AM21: ==IF(AI21=AJ21,AJ21,0) | AN21: ==IF(AJ21=0,AI21,0) | AO21: ==IF(AND(AJ21>0,AJ21<AI21),AI21-AJ21,0) | AP21: US-Accounts Receivable | AQ21: 172829 | AR21: 0 | AS21: 0
A22: baldwinglass | B22: ExistingCustomerEOM | D22: 0 | E22: 0 | F22: 0 | G22: 0 | H22: 0 | I22: 0 | K22: 0 | L22: 0 | M22: 3 | N22: 0 | O22: New | Q22: 0 | R22: 0 | S22: 0 | T22: 0 | U22: 0 | V22: 0 | W22: 0 | X22: 0 | Y22: 49 | Z22: 0 | AA22: Monthly | AC22: ChWon | AE22: 0 | AF22: 0 | AG22: 1 | AH22: 0 | AI22: ==W22+ Y22+D22+H22 | AJ22: ==X22+Z22+E22+I22 | AK22: ==IF(AI22=0,AJ22,0) | AL22: ==IF(AND(AI22>0,AJ22>AI22),AJ22-AI22,0) | AM22: ==IF(AI22=AJ22,AJ22,0) | AN22: ==IF(AJ22=0,AI22,0) | AO22: ==IF(AND(AJ22>0,AJ22<AI22),AI22-AJ22,0) | AP22: US-Accounts Receivable | AQ22: 172574 | AR22: 0 | AS22: 0
A23: tcssllc3 | B23: ExistingCustomerEOM | C23: ExistingCustomerEOM | D23: 0 | E23: 0 | F23: 0 | G23: 0 | H23: 0 | I23: 0 | K23: 0 | L23: 0 | M23: 5 | N23: 5 | O23: unknown | P23: New | Q23: 0 | R23: 0 | S23: 77.5 | T23: 0 | U23: 0 | V23: 0 | W23: 0 | X23: 0 | Y23: 389 | Z23: 407 | AA23: Monthly | AB23: Monthly | AC23: PhuPh | AD23: PhuPh | AE23: 0 | AF23: 0 | AG23: 9 | AH23: 10 | AI23: ==W23+ Y23+D23+H23 | AJ23: ==X23+Z23+E23+I23 | AK23: ==IF(AI23=0,AJ23,0) | AL23: ==IF(AND(AI23>0,AJ23>AI23),AJ23-AI23,0) | AM23: ==IF(AI23=AJ23,AJ23,0) | AN23: ==IF(AJ23=0,AI23,0) | AO23: ==IF(AND(AJ23>0,AJ23<AI23),AI23-AJ23,0) | AP23: US-Accounts Receivable | AQ23: 174386 | AR23: 0 | AS23: 0
A24: boxgangmanufacturing2 | B24: ExistingCustomerEOM | C24: ExistingCustomerEOM | D24: 0 | E24: 0 | F24: 0 | G24: 0 | H24: -58 | I24: 0 | K24: -174 | L24: 0 | M24: 5 | N24: 4 | O24: New | P24: New | Q24: 0 | R24: 0 | S24: 0 | T24: 0 | U24: 0 | V24: 0 | W24: 0 | X24: 0 | Y24: 232 | Z24: 208 | AA24: Prepay | AB24: Monthly | AC24: MikPa | AD24: MikPa | AE24: 0 | AF24: 0 | AG24: 4 | AH24: 4 | AI24: ==W24+ Y24+D24+H24 | AJ24: ==X24+Z24+E24+I24 | AK24: ==IF(AI24=0,AJ24,0) | AL24: ==IF(AND(AI24>0,AJ24>AI24),AJ24-AI24,0) | AM24: ==IF(AI24=AJ24,AJ24,0) | AN24: ==IF(AJ24=0,AI24,0) | AO24: ==IF(AND(AJ24>0,AJ24<AI24),AI24-AJ24,0) | AP24: US-Accounts Receivable | AQ24: 164857 | AR24: 0 | AS24: 0
A25: advprosecurity | B25: ExistingCustomerEOM | C25: ExistingCustomerEOM | D25: 0 | E25: 0 | F25: 0 | G25: 0 | H25: -30 | I25: -30 | K25: -264 | L25: -264 | M25: 3 | N25: 3 | O25: New | P25: New | Q25: 0 | R25: 0 | S25: 0 | T25: 0 | U25: 0 | V25: 0 | W25: 0 | X25: 0 | Y25: 294 | Z25: 294 | AA25: Prepay | AB25: Prepay | AC25: ShaLi | AD25: ShaLi | AE25: 0 | AF25: 0 | AG25: 6 | AH25: 6 | AI25: ==W25+ Y25+D25+H25 | AJ25: ==X25+Z25+E25+I25 | AK25: ==IF(AI25=0,AJ25,0) | AL25: ==IF(AND(AI25>0,AJ25>AI25),AJ25-AI25,0) | AM25: ==IF(AI25=AJ25,AJ25,0) | AN25: ==IF(AJ25=0,AI25,0) | AO25: ==IF(AND(AJ25>0,AJ25<AI25),AI25-AJ25,0) | AP25: US-Accounts Receivable | AQ25: 164832 | AR25: 0 | AS25: 0
A26: arianhomecarecorporation | B26: ExistingCustomerEOM | D26: 0 | E26: 0 | F26: 0 | G26: 0 | H26: 0 | I26: 0 | K26: 0 | L26: 0 | M26: 4 | N26: 0 | O26: New | Q26: 0 | R26: 0 | S26: 0 | T26: 0 | U26: 0 | V26: 0 | W26: 0 | X26: 0 | Y26: 184 | Z26: 0 | AA26: Monthly | AC26: PhuPh | AE26: 0 | AF26: 0 | AG26: 4 | AH26: 0 | AI26: ==W26+ Y26+D26+H26 | AJ26: ==X26+Z26+E26+I26 | AK26: ==IF(AI26=0,AJ26,0) | AL26: ==IF(AND(AI26>0,AJ26>AI26),AJ26-AI26,0) | AM26: ==IF(AI26=AJ26,AJ26,0) | AN26: ==IF(AJ26=0,AI26,0) | AO26: ==IF(AND(AJ26>0,AJ26<AI26),AI26-AJ26,0) | AP26: CAN-Accounts Receivable | AQ26: 166319 | AR26: 0 | AS26: 0
A27: agpharma | B27: ExistingCustomerEOM | C27: ExistingCustomerEOM | D27: 0 | E27: 0 | F27: -36.25 | G27: 0 | H27: 0 | I27: 0 | K27: 0 | L27: 0 | M27: 3 | N27: 3 | O27: unknown | P27: New | Q27: 0 | R27: 0 | S27: 725 | T27: 0 | U27: 0 | V27: 0 | W27: 0 | X27: 0 | Y27: 421 | Z27: 479 | AA27: Monthly | AB27: Monthly | AC27: PhuPh | AD27: PhuPh | AE27: 0 | AF27: 0 | AG27: 10 | AH27: 11 | AI27: ==W27+ Y27+D27+H27 | AJ27: ==X27+Z27+E27+I27 | AK27: ==IF(AI27=0,AJ27,0) | AL27: ==IF(AND(AI27>0,AJ27>AI27),AJ27-AI27,0) | AM27: ==IF(AI27=AJ27,AJ27,0) | AN27: ==IF(AJ27=0,AI27,0) | AO27: ==IF(AND(AJ27>0,AJ27<AI27),AI27-AJ27,0) | AP27: US-Accounts Receivable | AQ27: 166164 | AR27: 0 | AS27: 0
A28: bptest | B28: ExistingCustomerEOM | D28: 0 | E28: 0 | F28: 0 | G28: 0 | H28: -8 | I28: 0 | K28: -72 | L28: 0 | M28: 2 | N28: 0 | O28: New | Q28: 0 | R28: 0 | S28: 0 | T28: 0 | U28: 0 | V28: 0 | W28: 0 | X28: 0 | Y28: 80 | Z28: 0 | AA28: Prepay | AC28: RafSy | AE28: 0 | AF28: 0 | AG28: 2 | AH28: 0 | AI28: ==W28+ Y28+D28+H28 | AJ28: ==X28+Z28+E28+I28 | AK28: ==IF(AI28=0,AJ28,0) | AL28: ==IF(AND(AI28>0,AJ28>AI28),AJ28-AI28,0) | AM28: ==IF(AI28=AJ28,AJ28,0) | AN28: ==IF(AJ28=0,AI28,0) | AO28: ==IF(AND(AJ28>0,AJ28<AI28),AI28-AJ28,0) | AP28: US-Accounts Receivable | AQ28: 165958 | AR28: 0 | AS28: 0
A29: permitsbymirza2 | B29: ExistingCustomerEOM | D29: 0 | E29: 0 | F29: 0 | G29: 0 | H29: 0 | I29: 0 | K29: 0 | L29: 0 | M29: 3 | N29: 0 | O29: New | Q29: 0 | R29: 0 | S29: 0 | T29: 0 | U29: 0 | V29: 0 | W29: 0 | X29: 0 | Y29: 89 | Z29: 0 | AA29: Monthly | AC29: RafSy | AE29: 0 | AF29: 0 | AG29: 2 | AH29: 0 | AI29: ==W29+ Y29+D29+H29 | AJ29: ==X29+Z29+E29+I29 | AK29: ==IF(AI29=0,AJ29,0) | AL29: ==IF(AND(AI29>0,AJ29>AI29),AJ29-AI29,0) | AM29: ==IF(AI29=AJ29,AJ29,0) | AN29: ==IF(AJ29=0,AI29,0) | AO29: ==IF(AND(AJ29>0,AJ29<AI29),AI29-AJ29,0) | AP29: US-Accounts Receivable | AQ29: 167628 | AR29: 0 | AS29: 0
A30: trendysurfaces | B30: ExistingCustomerEOM | C30: ExistingCustomerEOM | D30: 0 | E30: 0 | F30: 0 | G30: 0 | H30: 0 | I30: 0 | K30: 0 | L30: 0 | M30: 1 | N30: 1 | O30: New | P30: New | Q30: 0 | R30: 0 | S30: 0 | T30: 0 | U30: 0 | V30: 0 | W30: 0 | X30: 0 | Y30: 84 | Z30: 56 | AA30: Monthly | AB30: Monthly | AC30: RafSy | AD30: RafSy | AE30: 0 | AF30: 0 | AG30: 3 | AH30: 2 | AI30: ==W30+ Y30+D30+H30 | AJ30: ==X30+Z30+E30+I30 | AK30: ==IF(AI30=0,AJ30,0) | AL30: ==IF(AND(AI30>0,AJ30>AI30),AJ30-AI30,0) | AM30: ==IF(AI30=AJ30,AJ30,0) | AN30: ==IF(AJ30=0,AI30,0) | AO30: ==IF(AND(AJ30>0,AJ30<AI30),AI30-AJ30,0) | AP30: US-Accounts Receivable | AQ30: 159898 | AR30: 0 | AS30: 0
A31: tipsyponypartybarllc | B31: ExistingCustomerEOM | C31: ExistingCustomerEOM | D31: 0 | E31: 0 | F31: 0 | G31: 0 | H31: -11 | I31: -11 | K31: -74 | L31: -74 | M31: 6 | N31: 6 | O31: New | P31: New | Q31: 0 | R31: 0 | S31: 0 | T31: 0 | U31: 0 | V31: 0 | W31: 0 | X31: 0 | Y31: 85 | Z31: 85 | AA31: Prepay | AB31: Prepay | AC31: SukSa | AD31: SukSa | AE31: 0 | AF31: 0 | AG31: 1 | AH31: 1 | AI31: ==W31+ Y31+D31+H31 | AJ31: ==X31+Z31+E31+I31 | AK31: ==IF(AI31=0,AJ31,0) | AL31: ==IF(AND(AI31>0,AJ31>AI31),AJ31-AI31,0) | AM31: ==IF(AI31=AJ31,AJ31,0) | AN31: ==IF(AJ31=0,AI31,0) | AO31: ==IF(AND(AJ31>0,AJ31<AI31),AI31-AJ31,0) | AP31: US-Accounts Receivable | AQ31: 161000 | AR31: 0 | AS31: 0
A32: dinosaw2 | B32: ExistingCustomerEOM | C32: ExistingCustomerEOM | D32: 0 | E32: 0 | F32: 0 | G32: 0 | H32: 0 | I32: 0 | K32: 0 | L32: 0 | M32: 4 | N32: 4 | O32: New | P32: New | Q32: 0 | R32: 0 | S32: 0 | T32: 0 | U32: 0 | V32: 0 | W32: 0 | X32: 0 | Y32: 61 | Z32: 61 | AA32: Monthly | AB32: Monthly | AC32: RafSy | AD32: RafSy | AE32: 0 | AF32: 0 | AG32: 1 | AH32: 1 | AI32: ==W32+ Y32+D32+H32 | AJ32: ==X32+Z32+E32+I32 | AK32: ==IF(AI32=0,AJ32,0) | AL32: ==IF(AND(AI32>0,AJ32>AI32),AJ32-AI32,0) | AM32: ==IF(AI32=AJ32,AJ32,0) | AN32: ==IF(AJ32=0,AI32,0) | AO32: ==IF(AND(AJ32>0,AJ32<AI32),AI32-AJ32,0) | AP32: US-Accounts Receivable | AQ32: 160992 | AR32: 0 | AS32: 0
A33: nextsteporlando4 | B33: ExistingCustomerEOM | C33: ExistingCustomerEOM | D33: 0 | E33: 0 | F33: 0 | G33: 0 | H33: 0 | I33: 0 | K33: 0 | L33: 0 | M33: 3 | N33: 3 | O33: New | P33: New | Q33: 0 | R33: 0 | S33: 0 | T33: 0 | U33: 0 | V33: 0 | W33: 0 | X33: 0 | Y33: 52 | Z33: 52 | AA33: Monthly | AB33: Monthly | AC33: SukSa | AD33: SukSa | AE33: 0 | AF33: 0 | AG33: 1 | AH33: 1 | AI33: ==W33+ Y33+D33+H33 | AJ33: ==X33+Z33+E33+I33 | AK33: ==IF(AI33=0,AJ33,0) | AL33: ==IF(AND(AI33>0,AJ33>AI33),AJ33-AI33,0) | AM33: ==IF(AI33=AJ33,AJ33,0) | AN33: ==IF(AJ33=0,AI33,0) | AO33: ==IF(AND(AJ33>0,AJ33<AI33),AI33-AJ33,0) | AP33: US-Accounts Receivable | AQ33: 162151 | AR33: 0 | AS33: 0
A34: turnservllc2 | B34: ExistingCustomerEOM | C34: ExistingCustomerEOM | D34: 0 | E34: 0 | F34: -725 | G34: 0 | H34: 0 | I34: 0 | K34: 0 | L34: 0 | M34: 6 | N34: 6 | O34: unknown | P34: New | Q34: 0 | R34: 0 | S34: 3625 | T34: 0 | U34: 0 | V34: 0 | W34: 0 | X34: 0 | Y34: 1628 | Z34: 1518 | AA34: Monthly | AB34: Monthly | AC34: MikPa | AD34: MikPa | AE34: 0 | AF34: 0 | AG34: 35 | AH34: 23 | AI34: ==W34+ Y34+D34+H34 | AJ34: ==X34+Z34+E34+I34 | AK34: ==IF(AI34=0,AJ34,0) | AL34: ==IF(AND(AI34>0,AJ34>AI34),AJ34-AI34,0) | AM34: ==IF(AI34=AJ34,AJ34,0) | AN34: ==IF(AJ34=0,AI34,0) | AO34: ==IF(AND(AJ34>0,AJ34<AI34),AI34-AJ34,0) | AP34: US-Accounts Receivable | AQ34: 163490 | AR34: 0 | AS34: 0
A35: blackhausflooring | B35: ExistingCustChurn | D35: 0 | E35: 0 | F35: 0 | G35: 0 | H35: -9 | I35: 0 | K35: -64 | L35: 0 | M35: 5 | N35: 0 | O35: unknown | Q35: 0 | R35: 0 | S35: 0 | T35: 0 | U35: 0 | V35: 0 | W35: 0 | X35: 0 | Y35: 73 | Z35: 0 | AA35: Prepay | AC35: JaiPa | AE35: 0 | AF35: 0 | AG35: 1 | AH35: 0 | AI35: ==W35+ Y35+D35+H35 | AJ35: ==X35+Z35+E35+I35 | AK35: ==IF(AI35=0,AJ35,0) | AL35: ==IF(AND(AI35>0,AJ35>AI35),AJ35-AI35,0) | AM35: ==IF(AI35=AJ35,AJ35,0) | AN35: ==IF(AJ35=0,AI35,0) | AO35: ==IF(AND(AJ35>0,AJ35<AI35),AI35-AJ35,0) | AP35: US-Accounts Receivable | AQ35: 163512 | AR35: 0 | AS35: 0
A36: cascadestainlesssolutionsllc | B36: ExistingCustomerEOM | D36: 0 | E36: 0 | F36: 0 | G36: 0 | H36: 0 | I36: 0 | K36: 0 | L36: 0 | M36: 5 | N36: 0 | O36: New | Q36: 0 | R36: 0 | S36: 0 | T36: 0 | U36: 0 | V36: 0 | W36: 0 | X36: 0 | Y36: 122 | Z36: 0 | AA36: Monthly | AC36: SukSa | AE36: 0 | AF36: 0 | AG36: 2 | AH36: 0 | AI36: ==W36+ Y36+D36+H36 | AJ36: ==X36+Z36+E36+I36 | AK36: ==IF(AI36=0,AJ36,0) | AL36: ==IF(AND(AI36>0,AJ36>AI36),AJ36-AI36,0) | AM36: ==IF(AI36=AJ36,AJ36,0) | AN36: ==IF(AJ36=0,AI36,0) | AO36: ==IF(AND(AJ36>0,AJ36<AI36),AI36-AJ36,0) | AP36: US-Accounts Receivable | AQ36: 155176 | AR36: 0 | AS36: 0
A37: colonyroofing | B37: ExistingCustomerEOM | C37: ExistingCustomerEOM | D37: 0 | E37: 0 | F37: 0 | G37: 0 | H37: 0 | I37: 0 | K37: 0 | L37: 0 | M37: 3 | N37: 3 | O37: New | P37: New | Q37: 0 | R37: 0 | S37: 0 | T37: 0 | U37: 0 | V37: 0 | W37: 0 | X37: 0 | Y37: 322 | Z37: 322 | AA37: Monthly | AB37: Monthly | AC37: MikPa | AD37: MikPa | AE37: 0 | AF37: 0 | AG37: 7 | AH37: 7 | AI37: ==W37+ Y37+D37+H37 | AJ37: ==X37+Z37+E37+I37 | AK37: ==IF(AI37=0,AJ37,0) | AL37: ==IF(AND(AI37>0,AJ37>AI37),AJ37-AI37,0) | AM37: ==IF(AI37=AJ37,AJ37,0) | AN37: ==IF(AJ37=0,AI37,0) | AO37: ==IF(AND(AJ37>0,AJ37<AI37),AI37-AJ37,0) | AP37: US-Accounts Receivable | AQ37: 156444 | AR37: 0 | AS37: 0
A38: pioneersourcingsolutionsllc | B38: ExistingCustomerEOM | C38: ExistingCustomerEOM | D38: 0 | E38: 0 | F38: 0 | G38: 0 | H38: -3 | I38: -3 | K38: -25 | L38: -25 | M38: 1 | N38: 1 | O38: New | P38: New | Q38: 0 | R38: 0 | S38: 0 | T38: 0 | U38: 0 | V38: 0 | W38: 0 | X38: 0 | Y38: 28 | Z38: 28 | AA38: Prepay | AB38: Prepay | AC38: RafSy | AD38: RafSy | AE38: 0 | AF38: 0 | AG38: 1 | AH38: 1 | AI38: ==W38+ Y38+D38+H38 | AJ38: ==X38+Z38+E38+I38 | AK38: ==IF(AI38=0,AJ38,0) | AL38: ==IF(AND(AI38>0,AJ38>AI38),AJ38-AI38,0) | AM38: ==IF(AI38=AJ38,AJ38,0) | AN38: ==IF(AJ38=0,AI38,0) | AO38: ==IF(AND(AJ38>0,AJ38<AI38),AI38-AJ38,0) | AP38: US-Accounts Receivable | AQ38: 158737 | AR38: 0 | AS38: 0
A39: jdshouseoftrophies | B39: ExistingCustomerEOM | C39: ExistingCustomerEOM | D39: 0 | E39: 0 | F39: 0 | G39: -155 | H39: 0 | I39: 0 | K39: 0 | L39: 0 | M39: 3 | N39: 3 | O39: New | P39: unknown | Q39: 0 | R39: 0 | S39: 0 | T39: 155 | U39: 0 | V39: 0 | W39: 0 | X39: 0 | Y39: 196 | Z39: 196 | AA39: Monthly | AB39: Monthly | AC39: PhuPh | AD39: PhuPh | AE39: 0 | AF39: 0 | AG39: 4 | AH39: 4 | AI39: ==W39+ Y39+D39+H39 | AJ39: ==X39+Z39+E39+I39 | AK39: ==IF(AI39=0,AJ39,0) | AL39: ==IF(AND(AI39>0,AJ39>AI39),AJ39-AI39,0) | AM39: ==IF(AI39=AJ39,AJ39,0) | AN39: ==IF(AJ39=0,AI39,0) | AO39: ==IF(AND(AJ39>0,AJ39<AI39),AI39-AJ39,0) | AP39: US-Accounts Receivable | AQ39: 158724 | AR39: 0 | AS39: 0
A40: finelinecreativeartscenter | B40: ExistingCustomerEOM | C40: ExistingCustomerEOM | D40: 0 | E40: 0 | F40: 0 | G40: 0 | H40: -5.6 | I40: -5.6 | K40: -50.4 | L40: -50.4 | M40: 1 | N40: 1 | O40: New | P40: New | Q40: 0 | R40: 0 | S40: 0 | T40: 0 | U40: 0 | V40: 0 | W40: 0 | X40: 0 | Y40: 56 | Z40: 56 | AA40: Prepay | AB40: Prepay | AC40: RafSy | AD40: RafSy | AE40: 0 | AF40: 0 | AG40: 2 | AH40: 2 | AI40: ==W40+ Y40+D40+H40 | AJ40: ==X40+Z40+E40+I40 | AK40: ==IF(AI40=0,AJ40,0) | AL40: ==IF(AND(AI40>0,AJ40>AI40),AJ40-AI40,0) | AM40: ==IF(AI40=AJ40,AJ40,0) | AN40: ==IF(AJ40=0,AI40,0) | AO40: ==IF(AND(AJ40>0,AJ40<AI40),AI40-AJ40,0) | AP40: US-Accounts Receivable | AQ40: 158733 | AR40: 0 | AS40: 0
A41: pghorticulturelimited | B41: ExistingCustomerEOM | C41: ExistingCustomerEOM | D41: 0 | E41: 0 | F41: 0 | G41: 0 | H41: -24.8 | I41: -27.6 | K41: -223.2 | L41: -248.4 | M41: 4 | N41: 4 | O41: New | P41: New | Q41: 0 | R41: 0 | S41: 0 | T41: 0 | U41: 0 | V41: 0 | W41: 0 | X41: 0 | Y41: 248 | Z41: 276 | AA41: Prepay | AB41: Prepay | AC41: ShaLi | AD41: ShaLi | AE41: 0 | AF41: 0 | AG41: 5 | AH41: 6 | AI41: ==W41+ Y41+D41+H41 | AJ41: ==X41+Z41+E41+I41 | AK41: ==IF(AI41=0,AJ41,0) | AL41: ==IF(AND(AI41>0,AJ41>AI41),AJ41-AI41,0) | AM41: ==IF(AI41=AJ41,AJ41,0) | AN41: ==IF(AJ41=0,AI41,0) | AO41: ==IF(AND(AJ41>0,AJ41<AI41),AI41-AJ41,0) | AP41: US-Accounts Receivable | AQ41: 159868 | AR41: 0 | AS41: 0
A42: ebasesolutions2 | B42: ExistingCustomerEOM | C42: ExistingCustomerEOM | D42: 0 | E42: 0 | F42: 0 | G42: 0 | H42: 0 | I42: 0 | K42: 0 | L42: 0 | M42: 3 | N42: 3 | O42: New | P42: New | Q42: 0 | R42: 0 | S42: 0 | T42: 0 | U42: 0 | V42: 0 | W42: 0 | X42: 0 | Y42: 212 | Z42: 270 | AA42: Monthly | AB42: Monthly | AC42: MikPa | AD42: MikPa | AE42: 0 | AF42: 0 | AG42: 5 | AH42: 6 | AI42: ==W42+ Y42+D42+H42 | AJ42: ==X42+Z42+E42+I42 | AK42: ==IF(AI42=0,AJ42,0) | AL42: ==IF(AND(AI42>0,AJ42>AI42),AJ42-AI42,0) | AM42: ==IF(AI42=AJ42,AJ42,0) | AN42: ==IF(AJ42=0,AI42,0) | AO42: ==IF(AND(AJ42>0,AJ42<AI42),AI42-AJ42,0) | AP42: CAN-Accounts Receivable | AQ42: 151557 | AR42: 0 | AS42: 0
A43: bandkmurphyplumbingheatingandcoolingllc | B43: ExistingCustomerEOM | C43: ExistingCustomerEOM | D43: 0 | E43: 0 | F43: 0 | G43: 0 | H43: -14 | I43: -14 | K43: -124 | L43: -124 | M43: 3 | N43: 3 | O43: New | P43: New | Q43: 0 | R43: 0 | S43: 0 | T43: 0 | U43: 0 | V43: 0 | W43: 0 | X43: 0 | Y43: 138 | Z43: 138 | AA43: Prepay | AB43: Prepay | AC43: JaiPa | AD43: JaiPa | AE43: 0 | AF43: 0 | AG43: 3 | AH43: 3 | AI43: ==W43+ Y43+D43+H43 | AJ43: ==X43+Z43+E43+I43 | AK43: ==IF(AI43=0,AJ43,0) | AL43: ==IF(AND(AI43>0,AJ43>AI43),AJ43-AI43,0) | AM43: ==IF(AI43=AJ43,AJ43,0) | AN43: ==IF(AJ43=0,AI43,0) | AO43: ==IF(AND(AJ43>0,AJ43<AI43),AI43-AJ43,0) | AP43: US-Accounts Receivable | AQ43: 152999 | AR43: 0 | AS43: 0
A44: bramattcomputingltd | B44: ExistingCustomerEOM | C44: ExistingCustomerEOM | D44: 0 | E44: 0 | F44: 0 | G44: 0 | H44: -25.7 | I44: -31.7 | K44: -231.3 | L44: -285.3 | M44: 4 | N44: 5 | O44: New | P44: New | Q44: 0 | R44: 0 | S44: 0 | T44: 0 | U44: 0 | V44: 0 | W44: 0 | X44: 0 | Y44: 257 | Z44: 317 | AA44: Prepay | AB44: Prepay | AC44: HaPat | AD44: HaPat | AE44: 0 | AF44: 0 | AG44: 5 | AH44: 5 | AI44: ==W44+ Y44+D44+H44 | AJ44: ==X44+Z44+E44+I44 | AK44: ==IF(AI44=0,AJ44,0) | AL44: ==IF(AND(AI44>0,AJ44>AI44),AJ44-AI44,0) | AM44: ==IF(AI44=AJ44,AJ44,0) | AN44: ==IF(AJ44=0,AI44,0) | AO44: ==IF(AND(AJ44>0,AJ44<AI44),AI44-AJ44,0) | AP44: US-Accounts Receivable | AQ44: 152961 | AR44: 0 | AS44: 0
A45: beaconseed | B45: ExistingCustomerEOM | C45: ExistingCustomerEOM | D45: 0 | E45: 0 | F45: 0 | G45: 0 | H45: 0 | I45: 0 | K45: 0 | L45: 0 | M45: 3 | N45: 3 | O45: New | P45: New | Q45: 0 | R45: 0 | S45: 0 | T45: 0 | U45: 0 | V45: 0 | W45: 0 | X45: 0 | Y45: 98 | Z45: 147 | AA45: Monthly | AB45: Monthly | AC45: SukSa | AD45: SukSa | AE45: 0 | AF45: 0 | AG45: 2 | AH45: 3 | AI45: ==W45+ Y45+D45+H45 | AJ45: ==X45+Z45+E45+I45 | AK45: ==IF(AI45=0,AJ45,0) | AL45: ==IF(AND(AI45>0,AJ45>AI45),AJ45-AI45,0) | AM45: ==IF(AI45=AJ45,AJ45,0) | AN45: ==IF(AJ45=0,AI45,0) | AO45: ==IF(AND(AJ45>0,AJ45<AI45),AI45-AJ45,0) | AP45: US-Accounts Receivable | AQ45: 152970 | AR45: 0 | AS45: 0
A46: wtidistributioninc | B46: ExistingCustomerEOM | C46: ExistingCustomerEOM | D46: 0 | E46: 0 | F46: 0 | G46: 0 | H46: -4 | I46: -4 | K46: -36 | L46: -36 | M46: 2 | N46: 2 | O46: New | P46: New | Q46: 0 | R46: 0 | S46: 0 | T46: 0 | U46: 0 | V46: 0 | W46: 0 | X46: 0 | Y46: 40 | Z46: 40 | AA46: Prepay | AB46: Prepay | AC46: RafSy | AD46: RafSy | AE46: 0 | AF46: 0 | AG46: 1 | AH46: 1 | AI46: ==W46+ Y46+D46+H46 | AJ46: ==X46+Z46+E46+I46 | AK46: ==IF(AI46=0,AJ46,0) | AL46: ==IF(AND(AI46>0,AJ46>AI46),AJ46-AI46,0) | AM46: ==IF(AI46=AJ46,AJ46,0) | AN46: ==IF(AJ46=0,AI46,0) | AO46: ==IF(AND(AJ46>0,AJ46<AI46),AI46-AJ46,0) | AP46: US-Accounts Receivable | AQ46: 154920 | AR46: 0 | AS46: 0
A47: wcninc | B47: ExistingCustChurn | D47: 0 | E47: 0 | F47: 0 | G47: 0 | H47: -10 | I47: 0 | K47: -88 | L47: 0 | M47: 3 | N47: 0 | O47: New | Q47: 0 | R47: 0 | S47: 0 | T47: 0 | U47: 0 | V47: 0 | W47: 0 | X47: 0 | Y47: 98 | Z47: 0 | AA47: Prepay | AC47: SukSa | AE47: 0 | AF47: 0 | AG47: 2 | AH47: 0 | AI47: ==W47+ Y47+D47+H47 | AJ47: ==X47+Z47+E47+I47 | AK47: ==IF(AI47=0,AJ47,0) | AL47: ==IF(AND(AI47>0,AJ47>AI47),AJ47-AI47,0) | AM47: ==IF(AI47=AJ47,AJ47,0) | AN47: ==IF(AJ47=0,AI47,0) | AO47: ==IF(AND(AJ47>0,AJ47<AI47),AI47-AJ47,0) | AP47: US-Accounts Receivable | AQ47: 155173 | AR47: 0 | AS47: 0
A48: amssoftware | B48: ExistingCustomerEOM | C48: ExistingCustomerEOM | D48: 0 | E48: 0 | F48: 0 | G48: 0 | H48: 0 | I48: 0 | K48: 0 | L48: 0 | M48: 4 | N48: 4 | O48: New | P48: New | Q48: 0 | R48: 0 | S48: 0 | T48: 0 | U48: 0 | V48: 0 | W48: 0 | X48: 0 | Y48: 390 | Z48: 289 | AA48: Monthly | AB48: Monthly | AC48: PhuPh | AD48: PhuPh | AE48: 0 | AF48: 0 | AG48: 9 | AH48: 7 | AI48: ==W48+ Y48+D48+H48 | AJ48: ==X48+Z48+E48+I48 | AK48: ==IF(AI48=0,AJ48,0) | AL48: ==IF(AND(AI48>0,AJ48>AI48),AJ48-AI48,0) | AM48: ==IF(AI48=AJ48,AJ48,0) | AN48: ==IF(AJ48=0,AI48,0) | AO48: ==IF(AND(AJ48>0,AJ48<AI48),AI48-AJ48,0) | AP48: US-Accounts Receivable | AQ48: 147134 | AR48: 0 | AS48: 0
A49: sandbaradvisors | B49: ExistingCustomerEOM | C49: ExistingCustomerEOM | D49: 0 | E49: 0 | F49: 0 | G49: 0 | H49: 0 | I49: 0 | K49: 0 | L49: 0 | M49: 4 | N49: 4 | O49: New | P49: New | Q49: 0 | R49: 0 | S49: 0 | T49: 0 | U49: 0 | V49: 0 | W49: 0 | X49: 0 | Y49: 61 | Z49: 61 | AA49: Monthly | AB49: Monthly | AC49: JaiPa | AD49: JaiPa | AE49: 0 | AF49: 0 | AG49: 1 | AH49: 1 | AI49: ==W49+ Y49+D49+H49 | AJ49: ==X49+Z49+E49+I49 | AK49: ==IF(AI49=0,AJ49,0) | AL49: ==IF(AND(AI49>0,AJ49>AI49),AJ49-AI49,0) | AM49: ==IF(AI49=AJ49,AJ49,0) | AN49: ==IF(AJ49=0,AI49,0) | AO49: ==IF(AND(AJ49>0,AJ49<AI49),AI49-AJ49,0) | AP49: US-Accounts Receivable | AQ49: 147194 | AR49: 0 | AS49: 0
A50: crconsulting | B50: ExistingCustomerEOM | D50: 0 | E50: 0 | F50: 0 | G50: 0 | H50: -10 | I50: 0 | K50: -88 | L50: 0 | M50: 3 | N50: 0 | O50: New | Q50: 0 | R50: 0 | S50: 0 | T50: 0 | U50: 0 | V50: 0 | W50: 0 | X50: 0 | Y50: 98 | Z50: 0 | AA50: Prepay | AC50: SukSa | AE50: 0 | AF50: 0 | AG50: 2 | AH50: 0 | AI50: ==W50+ Y50+D50+H50 | AJ50: ==X50+Z50+E50+I50 | AK50: ==IF(AI50=0,AJ50,0) | AL50: ==IF(AND(AI50>0,AJ50>AI50),AJ50-AI50,0) | AM50: ==IF(AI50=AJ50,AJ50,0) | AN50: ==IF(AJ50=0,AI50,0) | AO50: ==IF(AND(AJ50>0,AJ50<AI50),AI50-AJ50,0) | AP50: US-Accounts Receivable | AQ50: 148720 | AR50: 0 | AS50: 0
A51: flautoequipment | B51: ExistingCustomerEOM | C51: ExistingCustomerEOM | D51: 0 | E51: 0 | F51: 0 | G51: 0 | H51: 0 | I51: 0 | K51: 0 | L51: 0 | M51: 3 | N51: 3 | O51: New | P51: New | Q51: 0 | R51: 0 | S51: 0 | T51: 0 | U51: 0 | V51: 0 | W51: 0 | X51: 0 | Y51: 67 | Z51: 85 | AA51: Monthly | AB51: Monthly | AC51: RafSy | AD51: RafSy | AE51: 0 | AF51: 0 | AG51: 2 | AH51: 3 | AI51: ==W51+ Y51+D51+H51 | AJ51: ==X51+Z51+E51+I51 | AK51: ==IF(AI51=0,AJ51,0) | AL51: ==IF(AND(AI51>0,AJ51>AI51),AJ51-AI51,0) | AM51: ==IF(AI51=AJ51,AJ51,0) | AN51: ==IF(AJ51=0,AI51,0) | AO51: ==IF(AND(AJ51>0,AJ51<AI51),AI51-AJ51,0) | AP51: US-Accounts Receivable | AQ51: 147223 | AR51: 0 | AS51: 0
A52: northamericanconnexions | B52: ExistingCustChurn | D52: 0 | E52: 0 | F52: 0 | G52: 0 | H52: 0 | I52: 0 | K52: 0 | L52: 0 | M52: 4 | N52: 0 | O52: New | Q52: 0 | R52: 0 | S52: 0 | T52: 0 | U52: 0 | V52: 0 | W52: 0 | X52: 0 | Y52: 138 | Z52: 0 | AA52: Monthly | AC52: SukSa | AE52: 0 | AF52: 0 | AG52: 3 | AH52: 0 | AI52: ==W52+ Y52+D52+H52 | AJ52: ==X52+Z52+E52+I52 | AK52: ==IF(AI52=0,AJ52,0) | AL52: ==IF(AND(AI52>0,AJ52>AI52),AJ52-AI52,0) | AM52: ==IF(AI52=AJ52,AJ52,0) | AN52: ==IF(AJ52=0,AI52,0) | AO52: ==IF(AND(AJ52>0,AJ52<AI52),AI52-AJ52,0) | AP52: US-Accounts Receivable | AQ52: 148726 | AR52: 0 | AS52: 0
A53: lafittesseafood | B53: ExistingCustomerEOM | C53: ExistingCustomerEOM | D53: 0 | E53: 0 | F53: 0 | G53: 0 | H53: -18 | I53: -18 | K53: -109 | L53: -109 | M53: 5 | N53: 5 | O53: New | P53: New | Q53: 0 | R53: 0 | S53: 0 | T53: 0 | U53: 0 | V53: 0 | W53: 0 | X53: 0 | Y53: 127 | Z53: 127 | AA53: Prepay | AB53: Prepay | AC53: SukSa | AD53: SukSa | AE53: 0 | AF53: 0 | AG53: 4 | AH53: 4 | AI53: ==W53+ Y53+D53+H53 | AJ53: ==X53+Z53+E53+I53 | AK53: ==IF(AI53=0,AJ53,0) | AL53: ==IF(AND(AI53>0,AJ53>AI53),AJ53-AI53,0) | AM53: ==IF(AI53=AJ53,AJ53,0) | AN53: ==IF(AJ53=0,AI53,0) | AO53: ==IF(AND(AJ53>0,AJ53<AI53),AI53-AJ53,0) | AP53: US-Accounts Receivable | AQ53: 148736 | AR53: 0 | AS53: 0
A54: sabrinadesigns | B54: ExistingCustomerEOM | D54: 0 | E54: 0 | F54: 0 | G54: 0 | H54: 0 | I54: 0 | K54: 0 | L54: 0 | M54: 3 | N54: 0 | O54: New | Q54: 0 | R54: 0 | S54: 0 | T54: 0 | U54: 0 | V54: 0 | W54: 0 | X54: 0 | Y54: 52 | Z54: 0 | AA54: Monthly | AC54: RafSy | AE54: 0 | AF54: 0 | AG54: 1 | AH54: 0 | AI54: ==W54+ Y54+D54+H54 | AJ54: ==X54+Z54+E54+I54 | AK54: ==IF(AI54=0,AJ54,0) | AL54: ==IF(AND(AI54>0,AJ54>AI54),AJ54-AI54,0) | AM54: ==IF(AI54=AJ54,AJ54,0) | AN54: ==IF(AJ54=0,AI54,0) | AO54: ==IF(AND(AJ54>0,AJ54<AI54),AI54-AJ54,0) | AP54: US-Accounts Receivable | AQ54: 140564 | AR54: 0 | AS54: 0
A55: psbassociateaccountingtaxservices | B55: ExistingCustomerEOM | C55: ExistingCustomerEOM | D55: 0 | E55: 0 | F55: 0 | G55: 0 | H55: 0 | I55: 0 | K55: 0 | L55: 0 | M55: 2 | N55: 2 | O55: New | P55: New | Q55: 0 | R55: 0 | S55: 0 | T55: 0 | U55: 0 | V55: 0 | W55: 0 | X55: 0 | Y55: 74 | Z55: 74 | AA55: Monthly | AB55: Monthly | AC55: RafSy | AD55: RafSy | AE55: 0 | AF55: 0 | AG55: 2 | AH55: 2 | AI55: ==W55+ Y55+D55+H55 | AJ55: ==X55+Z55+E55+I55 | AK55: ==IF(AI55=0,AJ55,0) | AL55: ==IF(AND(AI55>0,AJ55>AI55),AJ55-AI55,0) | AM55: ==IF(AI55=AJ55,AJ55,0) | AN55: ==IF(AJ55=0,AI55,0) | AO55: ==IF(AND(AJ55>0,AJ55<AI55),AI55-AJ55,0) | AP55: CAN-Accounts Receivable | AQ55: 140559 | AR55: 0 | AS55: 0
A56: avtekconsulting | B56: ExistingCustomerEOM | D56: 0 | E56: 0 | F56: 0 | G56: 0 | H56: 0 | I56: 0 | K56: 0 | L56: 0 | M56: 6 | N56: 0 | O56: New | Q56: 0 | R56: 0 | S56: 0 | T56: 0 | U56: 0 | V56: 0 | W56: 0 | X56: 0 | Y56: 137 | Z56: 0 | AA56: Monthly | AC56: RafSy | AE56: 0 | AF56: 0 | AG56: 2 | AH56: 0 | AI56: ==W56+ Y56+D56+H56 | AJ56: ==X56+Z56+E56+I56 | AK56: ==IF(AI56=0,AJ56,0) | AL56: ==IF(AND(AI56>0,AJ56>AI56),AJ56-AI56,0) | AM56: ==IF(AI56=AJ56,AJ56,0) | AN56: ==IF(AJ56=0,AI56,0) | AO56: ==IF(AND(AJ56>0,AJ56<AI56),AI56-AJ56,0) | AP56: US-Accounts Receivable | AQ56: 140554 | AR56: 0 | AS56: 0
A57: monify2 | B57: ExistingCustomerEOM | C57: ExistingCustomerEOM | D57: 0 | E57: 0 | F57: -145 | G57: 0 | H57: 0 | I57: 0 | K57: 0 | L57: 0 | M57: 6 | N57: 6 | O57: unknown | P57: New | Q57: 0 | R57: 0 | S57: 1450 | T57: 0 | U57: 0 | V57: 0 | W57: 0 | X57: 0 | Y57: 85 | Z57: 483 | AA57: Monthly | AB57: Monthly | AC57: PhuPh | AD57: PhuPh | AE57: 0 | AF57: 0 | AG57: 1 | AH57: 2 | AI57: ==W57+ Y57+D57+H57 | AJ57: ==X57+Z57+E57+I57 | AK57: ==IF(AI57=0,AJ57,0) | AL57: ==IF(AND(AI57>0,AJ57>AI57),AJ57-AI57,0) | AM57: ==IF(AI57=AJ57,AJ57,0) | AN57: ==IF(AJ57=0,AI57,0) | AO57: ==IF(AND(AJ57>0,AJ57<AI57),AI57-AJ57,0) | AP57: US-Accounts Receivable | AQ57: 143676 | AR57: 0 | AS57: 0
A58: coastaltransfers | B58: ExistingCustomerEOM | C58: ExistingCustomerEOM | D58: 0 | E58: 0 | F58: 0 | G58: 0 | H58: 0 | I58: 0 | K58: 0 | L58: 0 | M58: 2 | N58: 2 | O58: New | P58: New | Q58: 0 | R58: 0 | S58: 0 | T58: 0 | U58: 0 | V58: 0 | W58: 0 | X58: 0 | Y58: 68 | Z58: 68 | AA58: Monthly | AB58: Monthly | AC58: JaiPa | AD58: JaiPa | AE58: 0 | AF58: 0 | AG58: 2 | AH58: 2 | AI58: ==W58+ Y58+D58+H58 | AJ58: ==X58+Z58+E58+I58 | AK58: ==IF(AI58=0,AJ58,0) | AL58: ==IF(AND(AI58>0,AJ58>AI58),AJ58-AI58,0) | AM58: ==IF(AI58=AJ58,AJ58,0) | AN58: ==IF(AJ58=0,AI58,0) | AO58: ==IF(AND(AJ58>0,AJ58<AI58),AI58-AJ58,0) | AP58: US-Accounts Receivable | AQ58: 143652 | AR58: 0 | AS58: 0
A59: faroutdesign2 | B59: ExistingCustomerEOM | D59: 0 | E59: 0 | F59: 0 | G59: 0 | H59: -34 | I59: 0 | K59: -285 | L59: 0 | M59: 3 | N59: 0 | O59: unknown | Q59: 0 | R59: 0 | S59: 465 | T59: 0 | U59: 0 | V59: 0 | W59: 0 | X59: 0 | Y59: 319 | Z59: 0 | AA59: Prepay | AC59: PhuPh | AE59: 0 | AF59: 0 | AG59: 8 | AH59: 0 | AI59: ==W59+ Y59+D59+H59 | AJ59: ==X59+Z59+E59+I59 | AK59: ==IF(AI59=0,AJ59,0) | AL59: ==IF(AND(AI59>0,AJ59>AI59),AJ59-AI59,0) | AM59: ==IF(AI59=AJ59,AJ59,0) | AN59: ==IF(AJ59=0,AI59,0) | AO59: ==IF(AND(AJ59>0,AJ59<AI59),AI59-AJ59,0) | AP59: US-Accounts Receivable | AQ59: 145914 | AR59: 0 | AS59: 0
A60: access2mobilityinc | B60: ExistingCustomerEOM | C60: ExistingCustomerEOM | D60: 0 | E60: 0 | F60: 0 | G60: 0 | H60: -67 | I60: -67 | K60: -516 | L60: -526 | M60: 4 | N60: 4 | O60: New | P60: New | Q60: 0 | R60: 0 | S60: 0 | T60: 0 | U60: 0 | V60: 0 | W60: 0 | X60: 0 | Y60: 583 | Z60: 918 | AA60: Prepay | AB60: Prepay | AC60: PhuPh | AD60: PhuPh | AE60: 0 | AF60: 0 | AG60: 11 | AH60: 11 | AI60: ==W60+ Y60+D60+H60 | AJ60: ==X60+Z60+E60+I60 | AK60: ==IF(AI60=0,AJ60,0) | AL60: ==IF(AND(AI60>0,AJ60>AI60),AJ60-AI60,0) | AM60: ==IF(AI60=AJ60,AJ60,0) | AN60: ==IF(AJ60=0,AI60,0) | AO60: ==IF(AND(AJ60>0,AJ60<AI60),AI60-AJ60,0) | AP60: US-Accounts Receivable | AQ60: 132821 | AR60: 0 | AS60: 0
A61: legendarygroupinc | B61: ExistingCustomerEOM | C61: ExistingCustomerEOM | D61: 0 | E61: 0 | F61: 0 | G61: 0 | H61: 0 | I61: 0 | K61: 0 | L61: 0 | M61: 3 | N61: 3 | O61: New | P61: New | Q61: 0 | R61: 0 | S61: 0 | T61: 0 | U61: 0 | V61: 0 | W61: 0 | X61: 0 | Y61: 49 | Z61: 49 | AA61: Monthly | AB61: Monthly | AC61: HaPat | AD61: JaiPa | AE61: 0 | AF61: 0 | AG61: 1 | AH61: 1 | AI61: ==W61+ Y61+D61+H61 | AJ61: ==X61+Z61+E61+I61 | AK61: ==IF(AI61=0,AJ61,0) | AL61: ==IF(AND(AI61>0,AJ61>AI61),AJ61-AI61,0) | AM61: ==IF(AI61=AJ61,AJ61,0) | AN61: ==IF(AJ61=0,AI61,0) | AO61: ==IF(AND(AJ61>0,AJ61<AI61),AI61-AJ61,0) | AP61: US-Accounts Receivable | AQ61: 133892 | AR61: 0 | AS61: 0
A62: caandgfinanceandaccountancy | B62: ExistingCustomerEOM | C62: ExistingCustomerEOM | D62: -73 | E62: -73 | F62: 0 | G62: 0 | H62: 0 | I62: 0 | K62: 0 | L62: 0 | M62: 5 | N62: 5 | O62: New | P62: New | Q62: 0 | R62: 0 | S62: 0 | T62: 0 | U62: 0 | V62: 0 | W62: 0 | X62: 0 | Y62: 73 | Z62: 73 | AA62: Monthly | AB62: Monthly | AC62: PhuPh | AD62: PhuPh | AE62: 0 | AF62: 0 | AG62: 1 | AH62: 1 | AI62: ==W62+ Y62+D62+H62 | AJ62: ==X62+Z62+E62+I62 | AK62: ==IF(AI62=0,AJ62,0) | AL62: ==IF(AND(AI62>0,AJ62>AI62),AJ62-AI62,0) | AM62: ==IF(AI62=AJ62,AJ62,0) | AN62: ==IF(AJ62=0,AI62,0) | AO62: ==IF(AND(AJ62>0,AJ62<AI62),AI62-AJ62,0) | AP62: US-Accounts Receivable | AQ62: 135127 | AR62: 0 | AS62: 0
A63: arczonecominc | B63: ExistingCustomerEOM | C63: ExistingCustomerEOM | D63: 0 | E63: 0 | F63: 0 | G63: 0 | H63: -30 | I63: -17 | K63: -264 | L63: -149 | M63: 3 | N63: 3 | O63: New | P63: New | Q63: 0 | R63: 0 | S63: 0 | T63: 0 | U63: 0 | V63: 0 | W63: 0 | X63: 0 | Y63: 294 | Z63: 166 | AA63: Prepay | AB63: Prepay | AC63: ShaLi | AD63: ShaLi | AE63: 0 | AF63: 0 | AG63: 6 | AH63: 4 | AI63: ==W63+ Y63+D63+H63 | AJ63: ==X63+Z63+E63+I63 | AK63: ==IF(AI63=0,AJ63,0) | AL63: ==IF(AND(AI63>0,AJ63>AI63),AJ63-AI63,0) | AM63: ==IF(AI63=AJ63,AJ63,0) | AN63: ==IF(AJ63=0,AI63,0) | AO63: ==IF(AND(AJ63>0,AJ63<AI63),AI63-AJ63,0) | AP63: US-Accounts Receivable | AQ63: 137273 | AR63: 0 | AS63: 0
A64: irrigaid | B64: ExistingCustomerEOM | C64: ExistingCustomerEOM | D64: 0 | E64: 0 | F64: 0 | G64: 0 | H64: -7 | I64: -7 | K64: -54 | L64: -54 | M64: 4 | N64: 4 | O64: New | P64: New | Q64: 0 | R64: 0 | S64: 0 | T64: 0 | U64: 0 | V64: 0 | W64: 0 | X64: 0 | Y64: 61 | Z64: 61 | AA64: Prepay | AB64: Prepay | AC64: SukSa | AD64: SukSa | AE64: 0 | AF64: 0 | AG64: 1 | AH64: 1 | AI64: ==W64+ Y64+D64+H64 | AJ64: ==X64+Z64+E64+I64 | AK64: ==IF(AI64=0,AJ64,0) | AL64: ==IF(AND(AI64>0,AJ64>AI64),AJ64-AI64,0) | AM64: ==IF(AI64=AJ64,AJ64,0) | AN64: ==IF(AJ64=0,AI64,0) | AO64: ==IF(AND(AJ64>0,AJ64<AI64),AI64-AJ64,0) | AP64: US-Accounts Receivable | AQ64: 138280 | AR64: 0 | AS64: 0
A65: aflagandflagpole | B65: ExistingCustomerEOM | C65: ExistingCustomerEOM | D65: 0 | E65: 0 | F65: 0 | G65: 0 | H65: -37 | I65: -28 | K65: -280 | L65: -216 | M65: 5 | N65: 5 | O65: New | P65: New | Q65: 0 | R65: 0 | S65: 0 | T65: 0 | U65: 0 | V65: 0 | W65: 0 | X65: 0 | Y65: 317 | Z65: 244 | AA65: Prepay | AB65: Prepay | AC65: HaPat | AD65: HaPat | AE65: 0 | AF65: 0 | AG65: 5 | AH65: 4 | AI65: ==W65+ Y65+D65+H65 | AJ65: ==X65+Z65+E65+I65 | AK65: ==IF(AI65=0,AJ65,0) | AL65: ==IF(AND(AI65>0,AJ65>AI65),AJ65-AI65,0) | AM65: ==IF(AI65=AJ65,AJ65,0) | AN65: ==IF(AJ65=0,AI65,0) | AO65: ==IF(AND(AJ65>0,AJ65<AI65),AI65-AJ65,0) | AP65: US-Accounts Receivable | AQ65: 139361 | AR65: 0 | AS65: 0
A66: terapiasaheba | B66: ExistingCustomerEOM | C66: ExistingCustomerEOM | D66: 0 | E66: 0 | F66: 0 | G66: 0 | H66: -15 | I66: 0 | K66: -132 | L66: 0 | M66: 3 | N66: 3 | O66: New | P66: New | Q66: 0 | R66: 0 | S66: 0 | T66: 0 | U66: 0 | V66: 0 | W66: 0 | X66: 0 | Y66: 147 | Z66: 147 | AA66: Prepay | AB66: Monthly | AC66: JaiPa | AD66: JaiPa | AE66: 0 | AF66: 0 | AG66: 3 | AH66: 3 | AI66: ==W66+ Y66+D66+H66 | AJ66: ==X66+Z66+E66+I66 | AK66: ==IF(AI66=0,AJ66,0) | AL66: ==IF(AND(AI66>0,AJ66>AI66),AJ66-AI66,0) | AM66: ==IF(AI66=AJ66,AJ66,0) | AN66: ==IF(AJ66=0,AI66,0) | AO66: ==IF(AND(AJ66>0,AJ66<AI66),AI66-AJ66,0) | AP66: US-Accounts Receivable | AQ66: 121978 | AR66: 0 | AS66: 0
A67: madscienceofmilwaukeeinc2inspire | B67: ExistingCustomerEOM | C67: ExistingCustomerEOM | D67: 0 | E67: 0 | F67: 0 | G67: 0 | H67: -18 | I67: -16 | K67: -154 | L67: -135 | M67: 3 | N67: 3 | O67: New | P67: New | Q67: 0 | R67: 0 | S67: 0 | T67: 0 | U67: 0 | V67: 0 | W67: 0 | X67: 0 | Y67: 172 | Z67: 151 | AA67: Prepay | AB67: Prepay | AC67: ShaLi | AD67: ShaLi | AE67: 0 | AF67: 0 | AG67: 4 | AH67: 4 | AI67: ==W67+ Y67+D67+H67 | AJ67: ==X67+Z67+E67+I67 | AK67: ==IF(AI67=0,AJ67,0) | AL67: ==IF(AND(AI67>0,AJ67>AI67),AJ67-AI67,0) | AM67: ==IF(AI67=AJ67,AJ67,0) | AN67: ==IF(AJ67=0,AI67,0) | AO67: ==IF(AND(AJ67>0,AJ67<AI67),AI67-AJ67,0) | AP67: US-Accounts Receivable | AQ67: 125417 | AR67: 0 | AS67: 0
A68: jsbdesignsco | B68: ExistingCustomerEOM | C68: ExistingCustomerEOM | D68: 0 | E68: 0 | F68: 0 | G68: 0 | H68: 0 | I68: 0 | K68: 0 | L68: 0 | M68: 5 | N68: 5 | O68: New | P68: New | Q68: 0 | R68: 0 | S68: 0 | T68: 0 | U68: 0 | V68: 0 | W68: 0 | X68: 0 | Y68: 73 | Z68: 73 | AA68: Monthly | AB68: Monthly | AC68: SukSa | AD68: SukSa | AE68: 0 | AF68: 0 | AG68: 1 | AH68: 1 | AI68: ==W68+ Y68+D68+H68 | AJ68: ==X68+Z68+E68+I68 | AK68: ==IF(AI68=0,AJ68,0) | AL68: ==IF(AND(AI68>0,AJ68>AI68),AJ68-AI68,0) | AM68: ==IF(AI68=AJ68,AJ68,0) | AN68: ==IF(AJ68=0,AI68,0) | AO68: ==IF(AND(AJ68>0,AJ68<AI68),AI68-AJ68,0) | AP68: US-Accounts Receivable | AQ68: 126788 | AR68: 0 | AS68: 0
A69: trioniccorp2 | B69: ExistingCustomerEOM | C69: ExistingCustomerEOM | D69: 0 | E69: 0 | F69: 0 | G69: 0 | H69: 0 | I69: 0 | K69: 0 | L69: 0 | M69: 3 | N69: 3 | O69: New | P69: New | Q69: 0 | R69: 0 | S69: 0 | T69: 0 | U69: 0 | V69: 0 | W69: 0 | X69: 0 | Y69: 98 | Z69: 98 | AA69: Monthly | AB69: Monthly | AC69: SukSa | AD69: SukSa | AE69: 0 | AF69: 0 | AG69: 2 | AH69: 2 | AI69: ==W69+ Y69+D69+H69 | AJ69: ==X69+Z69+E69+I69 | AK69: ==IF(AI69=0,AJ69,0) | AL69: ==IF(AND(AI69>0,AJ69>AI69),AJ69-AI69,0) | AM69: ==IF(AI69=AJ69,AJ69,0) | AN69: ==IF(AJ69=0,AI69,0) | AO69: ==IF(AND(AJ69>0,AJ69<AI69),AI69-AJ69,0) | AP69: US-Accounts Receivable | AQ69: 127596 | AR69: 0 | AS69: 0
A70: zoleantllc | B70: ExistingCustomerEOM | C70: ExistingCustomerEOM | D70: 0 | E70: 0 | F70: 0 | G70: 0 | H70: 0 | I70: 0 | K70: 0 | L70: 0 | M70: 2 | N70: 2 | O70: New | P70: New | Q70: 0 | R70: 0 | S70: 0 | T70: 0 | U70: 0 | V70: 0 | W70: 0 | X70: 0 | Y70: 120 | Z70: 120 | AA70: Monthly | AB70: Monthly | AC70: RafSy | AD70: RafSy | AE70: 0 | AF70: 0 | AG70: 3 | AH70: 3 | AI70: ==W70+ Y70+D70+H70 | AJ70: ==X70+Z70+E70+I70 | AK70: ==IF(AI70=0,AJ70,0) | AL70: ==IF(AND(AI70>0,AJ70>AI70),AJ70-AI70,0) | AM70: ==IF(AI70=AJ70,AJ70,0) | AN70: ==IF(AJ70=0,AI70,0) | AO70: ==IF(AND(AJ70>0,AJ70<AI70),AI70-AJ70,0) | AP70: US-Accounts Receivable | AQ70: 129579 | AR70: 0 | AS70: 0
A71: huetherheatingandcooling3 | B71: ExistingCustomerEOM | C71: ExistingCustomerEOM | D71: 0 | E71: 0 | F71: 0 | G71: 0 | H71: -8 | I71: -8 | K71: -72 | L71: -72 | M71: 2 | N71: 2 | O71: New | P71: New | Q71: 0 | R71: 0 | S71: 0 | T71: 0 | U71: 0 | V71: 0 | W71: 0 | X71: 0 | Y71: 80 | Z71: 80 | AA71: Prepay | AB71: Prepay | AC71: RafSy | AD71: RafSy | AE71: 0 | AF71: 0 | AG71: 2 | AH71: 2 | AI71: ==W71+ Y71+D71+H71 | AJ71: ==X71+Z71+E71+I71 | AK71: ==IF(AI71=0,AJ71,0) | AL71: ==IF(AND(AI71>0,AJ71>AI71),AJ71-AI71,0) | AM71: ==IF(AI71=AJ71,AJ71,0) | AN71: ==IF(AJ71=0,AI71,0) | AO71: ==IF(AND(AJ71>0,AJ71<AI71),AI71-AJ71,0) | AP71: US-Accounts Receivable | AQ71: 131538 | AR71: 0 | AS71: 0
... A84: freedupsolutions | B84: ExistingCustomerEOM | C84: ExistingCustomerEOM | D84: -45 | E84: -45 | F84: 0 | G84: 0 | H84: 0 | I84: 0 | K84: 0 | L84: 0 | M84: 3 | N84: 3 | O84: New | P84: New | Q84: 0 | R84: 0 | S84: 0 | T84: 0 | U84: 0 | V84: 0 | W84: 0 | X84: 0 | Y84: 45 | Z84: 45 | AA84: Monthly | AB84: Monthly | AC84: ShaLi | AD84: ShaLi | AE84: 0 | AF84: 0 | AG84: 1 | AH84: 1 | AI84: ==W84+ Y84+D84+H84 | AJ84: ==X84+Z84+E84+I84 | AK84: ==IF(AI84=0,AJ84,0) | AL84: ==IF(AND(AI84>0,AJ84>AI84),AJ84-AI84,0) | AM84: ==IF(AI84=AJ84,AJ84,0) | AN84: ==IF(AJ84=0,AI84,0) | AO84: ==IF(AND(AJ84>0,AJ84<AI84),AI84-AJ84,0) | AP84: US-Accounts Receivable | AQ84: 4271 | AR84: 0 | AS84: 0
A85: gasketguyofoklahoma2 | B85: ExistingCustomerEOM | D85: 0 | E85: 0 | F85: 0 | G85: 0 | H85: -61 | I85: 0 | K85: -183 | L85: 0 | M85: 4 | N85: 0 | O85: New | Q85: 0 | R85: 0 | S85: 0 | T85: 0 | U85: 0 | V85: 0 | W85: 0 | X85: 0 | Y85: 244 | Z85: 0 | AA85: Prepay | AC85: PhuPh | AE85: 0 | AF85: 0 | AG85: 4 | AH85: 0 | AI85: ==W85+ Y85+D85+H85 | AJ85: ==X85+Z85+E85+I85 | AK85: ==IF(AI85=0,AJ85,0) | AL85: ==IF(AND(AI85>0,AJ85>AI85),AJ85-AI85,0) | AM85: ==IF(AI85=AJ85,AJ85,0) | AN85: ==IF(AJ85=0,AI85,0) | AO85: ==IF(AND(AJ85>0,AJ85<AI85),AI85-AJ85,0) | AP85: US-Accounts Receivable | AQ85: 164848 | AR85: 0 | AS85: 0
A86: templatepaulettedreher | B86: ExistingCustomerEOM | C86: ExistingCustomerEOM | D86: -59 | E86: -59 | F86: 0 | G86: 0 | H86: 0 | I86: 0 | K86: 0 | L86: 0 | M86: 4 | N86: 4 | O86: New | P86: New | Q86: 0 | R86: 0 | S86: 0 | T86: 0 | U86: 0 | V86: 0 | W86: 0 | X86: 0 | Y86: 59 | Z86: 59 | AA86: Monthly | AB86: Monthly | AC86: PhuPh | AD86: PhuPh | AE86: 0 | AF86: 0 | AG86: 1 | AH86: 1 | AI86: ==W86+ Y86+D86+H86 | AJ86: ==X86+Z86+E86+I86 | AK86: ==IF(AI86=0,AJ86,0) | AL86: ==IF(AND(AI86>0,AJ86>AI86),AJ86-AI86,0) | AM86: ==IF(AI86=AJ86,AJ86,0) | AN86: ==IF(AJ86=0,AI86,0) | AO86: ==IF(AND(AJ86>0,AJ86<AI86),AI86-AJ86,0) | AP86: US-Accounts Receivable | AQ86: 12018 | AR86: 0 | AS86: 0
A87: mehrcpa | B87: ExistingCustomerEOM | C87: ExistingCustomerEOM | D87: -25 | E87: -25 | F87: 0 | G87: 0 | H87: 0 | I87: 0 | K87: 0 | L87: 0 | M87: 1 | N87: 1 | O87: New | P87: New | Q87: 0 | R87: 0 | S87: 0 | T87: 0 | U87: 0 | V87: 0 | W87: 0 | X87: 0 | Y87: 25 | Z87: 25 | AA87: Monthly | AB87: Monthly | AC87: ShaLi | AD87: SukSa | AE87: 0 | AF87: 0 | AG87: 1 | AH87: 1 | AI87: ==W87+ Y87+D87+H87 | AJ87: ==X87+Z87+E87+I87 | AK87: ==IF(AI87=0,AJ87,0) | AL87: ==IF(AND(AI87>0,AJ87>AI87),AJ87-AI87,0) | AM87: ==IF(AI87=AJ87,AJ87,0) | AN87: ==IF(AJ87=0,AI87,0) | AO87: ==IF(AND(AJ87>0,AJ87<AI87),AI87-AJ87,0) | AP87: US-Accounts Receivable | AQ87: 14118 | AR87: 0 | AS87: 0
A88: prestigeawardslimited | B88: ExistingCustomerEOM | C88: ExistingCustomerEOM | D88: 0 | E88: 0 | F88: 0 | G88: 0 | H88: -5 | I88: -7 | K88: -44 | L88: -54 | M88: 3 | N88: 4 | O88: New | P88: New | Q88: 0 | R88: 0 | S88: 0 | T88: 0 | U88: 0 | V88: 0 | W88: 0 | X88: 0 | Y88: 49 | Z88: 61 | AA88: Prepay | AB88: Prepay | AC88: SukSa | AD88: SukSa | AE88: 0 | AF88: 0 | AG88: 1 | AH88: 1 | AI88: ==W88+ Y88+D88+H88 | AJ88: ==X88+Z88+E88+I88 | AK88: ==IF(AI88=0,AJ88,0) | AL88: ==IF(AND(AI88>0,AJ88>AI88),AJ88-AI88,0) | AM88: ==IF(AI88=AJ88,AJ88,0) | AN88: ==IF(AJ88=0,AI88,0) | AO88: ==IF(AND(AJ88>0,AJ88<AI88),AI88-AJ88,0) | AP88: US-Accounts Receivable | AQ88: 168766 | AR88: 0 | AS88: 0
A89: redeemerlutheranschool2 | B89: ExistingCustomerEOM | C89: ExistingCustomerEOM | D89: 0 | E89: -48 | F89: 0 | G89: 0 | H89: 0 | I89: 0 | K89: 0 | L89: 0 | M89: 1 | N89: 2 | O89: New | P89: New | Q89: 0 | R89: 0 | S89: 0 | T89: 0 | U89: 0 | V89: 0 | W89: 0 | X89: 0 | Y89: 56 | Z89: 96 | AA89: Monthly | AB89: Monthly | AC89: RafSy | AD89: RafSy | AE89: 0 | AF89: 0 | AG89: 2 | AH89: 3 | AI89: ==W89+ Y89+D89+H89 | AJ89: ==X89+Z89+E89+I89 | AK89: ==IF(AI89=0,AJ89,0) | AL89: ==IF(AND(AI89>0,AJ89>AI89),AJ89-AI89,0) | AM89: ==IF(AI89=AJ89,AJ89,0) | AN89: ==IF(AJ89=0,AI89,0) | AO89: ==IF(AND(AJ89>0,AJ89<AI89),AI89-AJ89,0) | AP89: US-Accounts Receivable | AQ89: 169660 | AR89: 0 | AS89: 0
A90: chemproservicesinc | B90: ExistingCustomerEOM | C90: ExistingCustomerEOM | D90: 0 | E90: -298 | F90: 0 | G90: 0 | H90: 0 | I90: 0 | K90: 0 | L90: 0 | M90: 3 | N90: 3 | O90: unknown | P90: New | Q90: 0 | R90: 0 | S90: 155 | T90: 0 | U90: 0 | V90: 0 | W90: 0 | X90: 0 | Y90: 628 | Z90: 596 | AA90: Monthly | AB90: Monthly | AC90: PhuPh | AD90: PhuPh | AE90: 0 | AF90: 0 | AG90: 13 | AH90: 14 | AI90: ==W90+ Y90+D90+H90 | AJ90: ==X90+Z90+E90+I90 | AK90: ==IF(AI90=0,AJ90,0) | AL90: ==IF(AND(AI90>0,AJ90>AI90),AJ90-AI90,0) | AM90: ==IF(AI90=AJ90,AJ90,0) | AN90: ==IF(AJ90=0,AI90,0) | AO90: ==IF(AND(AJ90>0,AJ90<AI90),AI90-AJ90,0) | AP90: US-Accounts Receivable | AQ90: 169931 | AR90: 0 | AS90: 0
A91: advanceddatasolutions2 | B91: ExistingCustomerEOM | C91: ExistingCustomerEOM | D91: 0 | E91: 0 | F91: 0 | G91: 0 | H91: 0 | I91: 0 | K91: 0 | L91: 0 | M91: 4 | N91: 4 | O91: New | P91: New | Q91: 0 | R91: 0 | S91: 0 | T91: 0 | U91: 0 | V91: 0 | W91: 0 | X91: 0 | Y91: 418 | Z91: 418 | AA91: Monthly | AB91: Monthly | AC91: PhuPh | AD91: PhuPh | AE91: 0 | AF91: 0 | AG91: 10 | AH91: 10 | AI91: ==W91+ Y91+D91+H91 | AJ91: ==X91+Z91+E91+I91 | AK91: ==IF(AI91=0,AJ91,0) | AL91: ==IF(AND(AI91>0,AJ91>AI91),AJ91-AI91,0) | AM91: ==IF(AI91=AJ91,AJ91,0) | AN91: ==IF(AJ91=0,AI91,0) | AO91: ==IF(AND(AJ91>0,AJ91<AI91),AI91-AJ91,0) | AP91: US-Accounts Receivable | AQ91: 109599 | AR91: 0 | AS91: 0
A92: JKDesireLLC | B92: ExistingCustomerEOM | D92: 0 | E92: 0 | F92: 0 | G92: 0 | H92: 0 | I92: 0 | K92: 0 | L92: 0 | M92: 5 | N92: 0 | O92: New | Q92: 0 | R92: 0 | S92: 0 | T92: 0 | U92: 0 | V92: 0 | W92: 0 | X92: 0 | Y92: 73 | Z92: 0 | AA92: Monthly | AC92: PhuPh | AE92: 0 | AF92: 0 | AG92: 1 | AH92: 0 | AI92: ==W92+ Y92+D92+H92 | AJ92: ==X92+Z92+E92+I92 | AK92: ==IF(AI92=0,AJ92,0) | AL92: ==IF(AND(AI92>0,AJ92>AI92),AJ92-AI92,0) | AM92: ==IF(AI92=AJ92,AJ92,0) | AN92: ==IF(AJ92=0,AI92,0) | AO92: ==IF(AND(AJ92>0,AJ92<AI92),AI92-AJ92,0) | AP92: US-Accounts Receivable | AQ92: 131438 | AR92: 0 | AS92: 0
A93: ibixsurfacetechnologies | B93: ExistingCustomerEOM | C93: ExistingCustomerEOM | D93: 0 | E93: 0 | F93: 0 | G93: 0 | H93: 0 | I93: 0 | K93: 0 | L93: 0 | M93: 2 | N93: 2 | O93: New | P93: New | Q93: 0 | R93: 0 | S93: 0 | T93: 0 | U93: 0 | V93: 0 | W93: 0 | X93: 0 | Y93: 80 | Z93: 120 | AA93: Monthly | AB93: Monthly | AC93: RafSy | AD93: RafSy | AE93: 0 | AF93: 0 | AG93: 2 | AH93: 3 | AI93: ==W93+ Y93+D93+H93 | AJ93: ==X93+Z93+E93+I93 | AK93: ==IF(AI93=0,AJ93,0) | AL93: ==IF(AND(AI93>0,AJ93>AI93),AJ93-AI93,0) | AM93: ==IF(AI93=AJ93,AJ93,0) | AN93: ==IF(AJ93=0,AI93,0) | AO93: ==IF(AND(AJ93>0,AJ93<AI93),AI93-AJ93,0) | AP93: US-Accounts Receivable | AQ93: 60040 | AR93: 0 | AS93: 0
A94: airsidesolutionsinc | B94: ExistingCustomerEOM | D94: 0 | E94: 0 | F94: 0 | G94: 0 | H94: 0 | I94: 0 | K94: 0 | L94: 0 | M94: 3 | N94: 0 | O94: New | Q94: 0 | R94: 0 | S94: 0 | T94: 0 | U94: 0 | V94: 0 | W94: 0 | X94: 0 | Y94: 147 | Z94: 0 | AA94: Monthly | AC94: RafSy | AE94: 0 | AF94: 0 | AG94: 3 | AH94: 0 | AI94: ==W94+ Y94+D94+H94 | AJ94: ==X94+Z94+E94+I94 | AK94: ==IF(AI94=0,AJ94,0) | AL94: ==IF(AND(AI94>0,AJ94>AI94),AJ94-AI94,0) | AM94: ==IF(AI94=AJ94,AJ94,0) | AN94: ==IF(AJ94=0,AI94,0) | AO94: ==IF(AND(AJ94>0,AJ94<AI94),AI94-AJ94,0) | AP94: US-Accounts Receivable | AQ94: 132616 | AR94: 0 | AS94: 0
A95: buildappswithoutcodedemo7 | B95: ExistingCustomerEOM | C95: ExistingCustomerEOM | D95: -122 | E95: -122 | F95: 0 | G95: 0 | H95: 0 | I95: 0 | K95: 0 | L95: 0 | M95: 4 | N95: 4 | O95: New | P95: New | Q95: 0 | R95: 0 | S95: 0 | T95: 0 | U95: 0 | V95: 0 | W95: 0 | X95: 0 | Y95: 122 | Z95: 122 | AA95: Monthly | AB95: Monthly | AC95: ShaLi | AD95: ShaLi | AE95: 0 | AF95: 0 | AG95: 2 | AH95: 2 | AI95: ==W95+ Y95+D95+H95 | AJ95: ==X95+Z95+E95+I95 | AK95: ==IF(AI95=0,AJ95,0) | AL95: ==IF(AND(AI95>0,AJ95>AI95),AJ95-AI95,0) | AM95: ==IF(AI95=AJ95,AJ95,0) | AN95: ==IF(AJ95=0,AI95,0) | AO95: ==IF(AND(AJ95>0,AJ95<AI95),AI95-AJ95,0) | AP95: CAN-Accounts Receivable | AQ95: 128389 | AR95: 0 | AS95: 0
A96: solarcontractordemo | B96: ExistingCustomerEOM | C96: ExistingCustomerEOM | D96: -25 | E96: -25 | F96: 0 | G96: 0 | H96: 0 | I96: 0 | K96: 0 | L96: 0 | M96: 1 | N96: 1 | O96: New | P96: New | Q96: 0 | R96: 0 | S96: 0 | T96: 0 | U96: 0 | V96: 0 | W96: 0 | X96: 0 | Y96: 25 | Z96: 25 | AA96: Monthly | AB96: Monthly | AC96: PhuPh | AD96: PhuPh | AE96: 0 | AF96: 0 | AG96: 1 | AH96: 1 | AI96: ==W96+ Y96+D96+H96 | AJ96: ==X96+Z96+E96+I96 | AK96: ==IF(AI96=0,AJ96,0) | AL96: ==IF(AND(AI96>0,AJ96>AI96),AJ96-AI96,0) | AM96: ==IF(AI96=AJ96,AJ96,0) | AN96: ==IF(AJ96=0,AI96,0) | AO96: ==IF(AND(AJ96>0,AJ96<AI96),AI96-AJ96,0) | AP96: US-Accounts Receivable | AQ96: 17057 | AR96: 0 | AS96: 0
A97: cashadvantage1 | B97: ExistingCustomerEOM | C97: ExistingCustomerEOM | D97: 0 | E97: 0 | F97: 0 | G97: 0 | H97: -16 | I97: -12 | K97: -144 | L97: -108 | M97: 1 | N97: 1 | O97: Classic | P97: Classic | Q97: 0 | R97: 0 | S97: 0 | T97: 0 | U97: 0 | V97: 0 | W97: 160 | X97: 120 | Y97: 0 | Z97: 0 | AA97: Prepay | AB97: Prepay | AC97: ShaLi | AD97: ShaLi | AE97: 0 | AF97: 0 | AG97: 4 | AH97: 3 | AI97: ==W97+ Y97+D97+H97 | AJ97: ==X97+Z97+E97+I97 | AK97: ==IF(AI97=0,AJ97,0) | AL97: ==IF(AND(AI97>0,AJ97>AI97),AJ97-AI97,0) | AM97: ==IF(AI97=AJ97,AJ97,0) | AN97: ==IF(AJ97=0,AI97,0) | AO97: ==IF(AND(AJ97>0,AJ97<AI97),AI97-AJ97,0) | AP97: CAN-Accounts Receivable | AQ97: 14790 | AR97: 0 | AS97: 0
A98: sbsqbo | B98: ExistingCustomerEOM | C98: ExistingCustomerEOM | D98: -214 | E98: -214 | F98: 0 | G98: 0 | H98: 0 | I98: 0 | K98: 0 | L98: 0 | M98: 6 | N98: 6 | O98: New | P98: New | Q98: 0 | R98: 0 | S98: 0 | T98: 0 | U98: 0 | V98: 0 | W98: 0 | X98: 0 | Y98: 214 | Z98: 214 | AA98: Monthly | AB98: Monthly | AC98: PhuPh | AD98: PhuPh | AE98: 0 | AF98: 0 | AG98: 4 | AH98: 4 | AI98: ==W98+ Y98+D98+H98 | AJ98: ==X98+Z98+E98+I98 | AK98: ==IF(AI98=0,AJ98,0) | AL98: ==IF(AND(AI98>0,AJ98>AI98),AJ98-AI98,0) | AM98: ==IF(AI98=AJ98,AJ98,0) | AN98: ==IF(AJ98=0,AI98,0) | AO98: ==IF(AND(AJ98>0,AJ98<AI98),AI98-AJ98,0) | AP98: US-Accounts Receivable | AQ98: 12018 | AR98: 0 | AS98: 0
A99: simpleinc980 | B99: ExistingCustomerEOM | C99: ExistingCustomerEOM | D99: 0 | E99: 0 | F99: 0 | G99: 0 | H99: 0 | I99: 0 | K99: 0 | L99: 0 | M99: 3 | N99: 3 | O99: New | P99: New | Q99: 0 | R99: 0 | S99: 0 | T99: 0 | U99: 0 | V99: 0 | W99: 0 | X99: 0 | Y99: 1155 | Z99: 1351 | AA99: Monthly | AB99: Monthly | AC99: PhuPh | AD99: PhuPh | AE99: 0 | AF99: 0 | AG99: 24 | AH99: 28 | AI99: ==W99+ Y99+D99+H99 | AJ99: ==X99+Z99+E99+I99 | AK99: ==IF(AI99=0,AJ99,0) | AL99: ==IF(AND(AI99>0,AJ99>AI99),AJ99-AI99,0) | AM99: ==IF(AI99=AJ99,AJ99,0) | AN99: ==IF(AJ99=0,AI99,0) | AO99: ==IF(AND(AJ99>0,AJ99<AI99),AI99-AJ99,0) | AP99: US-Accounts Receivable | AQ99: 101698 | AR99: 0 | AS99: 0
A100: Surfaceco | B100: ExistingCustomerEOM | C100: ExistingCustomerEOM | D100: 0 | E100: 0 | F100: 0 | G100: 0 | H100: 0 | I100: 0 | K100: 0 | L100: 0 | M100: 2 | N100: 2 | O100: New | P100: New | Q100: 0 | R100: 0 | S100: 0 | T100: 0 | U100: 0 | V100: 0 | W100: 0 | X100: 0 | Y100: 360 | Z100: 348 | AA100: Monthly | AB100: Monthly | AC100: ShaLi | AD100: ShaLi | AE100: 0 | AF100: 0 | AG100: 9 | AH100: 9 | AI100: ==W100+ Y100+D100+H100 | AJ100: ==X100+Z100+E100+I100 | AK100: ==IF(AI100=0,AJ100,0) | AL100: ==IF(AND(AI100>0,AJ100>AI100),AJ100-AI100,0) | AM100: ==IF(AI100=AJ100,AJ100,0) | AN100: ==IF(AJ100=0,AI100,0) | AO100: ==IF(AND(AJ100>0,AJ100<AI100),AI100-AJ100,0) | AP100: US-Accounts Receivable | AQ100: 104327 | AR100: 0 | AS100: 0
A101: loretech | B101: ExistingCustomerEOM | C101: ExistingCustomerEOM | D101: 0 | E101: 0 | F101: 0 | G101: 0 | H101: 0 | I101: 0 | K101: 0 | L101: 0 | M101: 4 | N101: 4 | O101: New | P101: New | Q101: 0 | R101: 0 | S101: 0 | T101: 0 | U101: 0 | V101: 0 | W101: 0 | X101: 0 | Y101: 428 | Z101: 489 | AA101: Monthly | AB101: Monthly | AC101: PhuPh | AD101: PhuPh | AE101: 0 | AF101: 0 | AG101: 8 | AH101: 9 | AI101: ==W101+ Y101+D101+H101 | AJ101: ==X101+Z101+E101+I101 | AK101: ==IF(AI101=0,AJ101,0) | AL101: ==IF(AND(AI101>0,AJ101>AI101),AJ101-AI101,0) | AM101: ==IF(AI101=AJ101,AJ101,0) | AN101: ==IF(AJ101=0,AI101,0) | AO101: ==IF(AND(AJ101>0,AJ101<AI101),AI101-AJ101,0) | AP101: US-Accounts Receivable | AQ101: 107700 | AR101: 0 | AS101: 0
A102: reelwasterecycling | B102: ExistingCustomerEOM | C102: ExistingCustomerEOM | D102: 0 | E102: 0 | F102: -62 | G102: 0 | H102: 0 | I102: 0 | K102: 0 | L102: 0 | M102: 1 | N102: 1 | O102: unknown | P102: Classic | Q102: 0 | R102: 0 | S102: 620 | T102: 0 | U102: 0 | V102: 0 | W102: 225 | X102: 245 | Y102: 325 | Z102: 325 | AA102: Monthly | AB102: Monthly | AC102: ShaLi | AD102: ShaLi | AE102: 0 | AF102: 0 | AG102: 7 | AH102: 8 | AI102: ==W102+ Y102+D102+H102 | AJ102: ==X102+Z102+E102+I102 | AK102: ==IF(AI102=0,AJ102,0) | AL102: ==IF(AND(AI102>0,AJ102>AI102),AJ102-AI102,0) | AM102: ==IF(AI102=AJ102,AJ102,0) | AN102: ==IF(AJ102=0,AI102,0) | AO102: ==IF(AND(AJ102>0,AJ102<AI102),AI102-AJ102,0) | AP102: US-Accounts Receivable | AQ102: 14565 | AR102: 0 | AS102: 0
A103: valleypublishing | B103: ExistingCustomerEOM | C103: ExistingCustomerEOM | D103: 0 | E103: 0 | F103: 0 | G103: 0 | H103: 0 | I103: 0 | K103: 0 | L103: 0 | M103: 1 | N103: 1 | O103: Classic | P103: Classic | Q103: 0 | R103: 0 | S103: 0 | T103: 0 | U103: 0 | V103: 0 | W103: 25 | X103: 25 | Y103: 0 | Z103: 0 | AA103: Monthly | AB103: Monthly | AC103: JaiPa | AD103: JaiPa | AE103: 0 | AF103: 0 | AG103: 1 | AH103: 1 | AI103: ==W103+ Y103+D103+H103 | AJ103: ==X103+Z103+E103+I103 | AK103: ==IF(AI103=0,AJ103,0) | AL103: ==IF(AND(AI103>0,AJ103>AI103),AJ103-AI103,0) | AM103: ==IF(AI103=AJ103,AJ103,0) | AN103: ==IF(AJ103=0,AI103,0) | AO103: ==IF(AND(AJ103>0,AJ103<AI103),AI103-AJ103,0) | AP103: US-Accounts Receivable | AQ103: 15712 | AR103: 0 | AS103: 0
A104: louschcreations | B104: ExistingCustomerEOM | C104: ExistingCustomerEOM | D104: 0 | E104: 0 | F104: 0 | G104: 0 | H104: -8 | I104: -8 | K104: -72 | L104: -72 | M104: 1 | N104: 1 | O104: Classic | P104: Classic | Q104: 0 | R104: 0 | S104: 0 | T104: 0 | U104: 0 | V104: 0 | W104: 80 | X104: 80 | Y104: 0 | Z104: 0 | AA104: Prepay | AB104: Prepay | AC104: SukSa | AD104: SukSa | AE104: 0 | AF104: 0 | AG104: 2 | AH104: 2 | AI104: ==W104+ Y104+D104+H104 | AJ104: ==X104+Z104+E104+I104 | AK104: ==IF(AI104=0,AJ104,0) | AL104: ==IF(AND(AI104>0,AJ104>AI104),AJ104-AI104,0) | AM104: ==IF(AI104=AJ104,AJ104,0) | AN104: ==IF(AJ104=0,AI104,0) | AO104: ==IF(AND(AJ104>0,AJ104<AI104),AI104-AJ104,0) | AP104: US-Accounts Receivable | AQ104: 25891 | AR104: 0 | AS104: 0
A105: deltataudelta | B105: ExistingCustomerEOM | C105: ExistingCustomerEOM | D105: 0 | E105: 0 | F105: 0 | G105: 0 | H105: 0 | I105: 0 | K105: 0 | L105: 0 | M105: 3 | N105: 3 | O105: New | P105: New | Q105: 0 | R105: 0 | S105: 0 | T105: 0 | U105: 0 | V105: 0 | W105: 0 | X105: 0 | Y105: 132 | Z105: 172 | AA105: Monthly | AB105: Monthly | AC105: JaiPa | AD105: HaPat | AE105: 0 | AF105: 0 | AG105: 3 | AH105: 4 | AI105: ==W105+ Y105+D105+H105 | AJ105: ==X105+Z105+E105+I105 | AK105: ==IF(AI105=0,AJ105,0) | AL105: ==IF(AND(AI105>0,AJ105>AI105),AJ105-AI105,0) | AM105: ==IF(AI105=AJ105,AJ105,0) | AN105: ==IF(AJ105=0,AI105,0) | AO105: ==IF(AND(AJ105>0,AJ105<AI105),AI105-AJ105,0) | AP105: US-Accounts Receivable | AQ105: 32842 | AR105: 0 | AS105: 0
A106: happe | B106: ExistingCustomerEOM | C106: ExistingCustomerEOM | D106: -35 | E106: -35 | F106: 0 | G106: 0 | H106: 0 | I106: 0 | K106: 0 | L106: 0 | M106: 2 | N106: 2 | O106: New | P106: New | Q106: 0 | R106: 0 | S106: 0 | T106: 0 | U106: 0 | V106: 0 | W106: 0 | X106: 0 | Y106: 35 | Z106: 35 | AA106: Monthly | AB106: Monthly | AC106: PhuPh | AD106: PhuPh | AE106: 0 | AF106: 0 | AG106: 1 | AH106: 1 | AI106: ==W106+ Y106+D106+H106 | AJ106: ==X106+Z106+E106+I106 | AK106: ==IF(AI106=0,AJ106,0) | AL106: ==IF(AND(AI106>0,AJ106>AI106),AJ106-AI106,0) | AM106: ==IF(AI106=AJ106,AJ106,0) | AN106: ==IF(AJ106=0,AI106,0) | AO106: ==IF(AND(AJ106>0,AJ106<AI106),AI106-AJ106,0) | AP106: US-Accounts Receivable | AQ106: 12066 | AR106: 0 | AS106: 0
A107: sencorediamondtools | B107: ExistingCustomerEOM | C107: ExistingCustomerEOM | D107: 0 | E107: 0 | F107: 0 | G107: 0 | H107: 0 | I107: 0 | K107: 0 | L107: 0 | M107: 1 | N107: 4 | O107: Classic | P107: New | Q107: 0 | R107: 0 | S107: 0 | T107: 0 | U107: 0 | V107: 0 | W107: 1000 | X107: 0 | Y107: 0 | Z107: 720 | AA107: Monthly | AB107: Monthly | AC107: PhuPh | AD107: PhuPh | AE107: 0 | AF107: 0 | AG107: 25 | AH107: 18 | AI107: ==W107+ Y107+D107+H107 | AJ107: ==X107+Z107+E107+I107 | AK107: ==IF(AI107=0,AJ107,0) | AL107: ==IF(AND(AI107>0,AJ107>AI107),AJ107-AI107,0) | AM107: ==IF(AI107=AJ107,AJ107,0) | AN107: ==IF(AJ107=0,AI107,0) | AO107: ==IF(AND(AJ107>0,AJ107<AI107),AI107-AJ107,0) | AP107: US-Accounts Receivable | AQ107: 49812 | AR107: 0 | AS107: 0
A108: nicolavalleyministorage | B108: ExistingCustChurn | D108: 0 | E108: 0 | F108: 0 | G108: 0 | H108: -5 | I108: 0 | K108: -44 | L108: 0 | M108: 3 | N108: 0 | O108: New | Q108: 0 | R108: 0 | S108: 0 | T108: 0 | U108: 0 | V108: 0 | W108: 0 | X108: 0 | Y108: 49 | Z108: 0 | AA108: Prepay | AC108: HaPat | AE108: 0 | AF108: 0 | AG108: 1 | AH108: 0 | AI108: ==W108+ Y108+D108+H108 | AJ108: ==X108+Z108+E108+I108 | AK108: ==IF(AI108=0,AJ108,0) | AL108: ==IF(AND(AI108>0,AJ108>AI108),AJ108-AI108,0) | AM108: ==IF(AI108=AJ108,AJ108,0) | AN108: ==IF(AJ108=0,AI108,0) | AO108: ==IF(AND(AJ108>0,AJ108<AI108),AI108-AJ108,0) | AP108: CAN-Accounts Receivable | AQ108: 172702 | AR108: 0 | AS108: 0
A109: lsut | B109: ExistingCustomerEOM | C109: ExistingCustomerEOM | D109: -16 | E109: -24 | F109: 0 | G109: 0 | H109: 0 | I109: 0 | K109: 0 | L109: 0 | M109: 1 | N109: 1 | O109: Classic | P109: Classic | Q109: 0 | R109: 0 | S109: 0 | T109: 0 | U109: 0 | V109: 0 | W109: 80 | X109: 120 | Y109: 0 | Z109: 0 | AA109: Monthly | AB109: Monthly | AC109: PhuPh | AD109: PhuPh | AE109: 0 | AF109: 0 | AG109: 2 | AH109: 3 | AI109: ==W109+ Y109+D109+H109 | AJ109: ==X109+Z109+E109+I109 | AK109: ==IF(AI109=0,AJ109,0) | AL109: ==IF(AND(AI109>0,AJ109>AI109),AJ109-AI109,0) | AM109: ==IF(AI109=AJ109,AJ109,0) | AN109: ==IF(AJ109=0,AI109,0) | AO109: ==IF(AND(AJ109>0,AJ109<AI109),AI109-AJ109,0) | AP109: CAN-Accounts Receivable | AQ109: 35369 | AR109: 0 | AS109: 0
A110: mcc | B110: ExistingCustomerEOM | C110: ExistingCustomerEOM | D110: 0 | E110: 0 | F110: 0 | G110: 0 | H110: 0 | I110: 0 | K110: 0 | L110: 0 | M110: 2 | N110: 2 | O110: New | P110: New | Q110: 0 | R110: 0 | S110: 0 | T110: 0 | U110: 0 | V110: 0 | W110: 0 | X110: 0 | Y110: 35 | Z110: 35 | AA110: Monthly | AB110: Monthly | AC110: PhuPh | AD110: PhuPh | AE110: 0 | AF110: 0 | AG110: 1 | AH110: 1 | AI110: ==W110+ Y110+D110+H110 | AJ110: ==X110+Z110+E110+I110 | AK110: ==IF(AI110=0,AJ110,0) | AL110: ==IF(AND(AI110>0,AJ110>AI110),AJ110-AI110,0) | AM110: ==IF(AI110=AJ110,AJ110,0) | AN110: ==IF(AJ110=0,AI110,0) | AO110: ==IF(AND(AJ110>0,AJ110<AI110),AI110-AJ110,0) | AP110: CAN-Accounts Receivable | AQ110: 21251 | AR110: 0 | AS110: 0
A111: tannerproperties | B111: ExistingCustomerEOM | C111: ExistingCustomerEOM | D111: 0 | E111: 0 | F111: 0 | G111: 0 | H111: 0 | I111: 0 | K111: 0 | L111: 0 | M111: 1 | N111: 1 | O111: New | P111: New | Q111: 0 | R111: 0 | S111: 0 | T111: 0 | U111: 0 | V111: 0 | W111: 0 | X111: 0 | Y111: 28 | Z111: 28 | AA111: Monthly | AB111: Monthly | AC111: ShaLi | AD111: ShaLi | AE111: 0 | AF111: 0 | AG111: 1 | AH111: 1 | AI111: ==W111+ Y111+D111+H111 | AJ111: ==X111+Z111+E111+I111 | AK111: ==IF(AI111=0,AJ111,0) | AL111: ==IF(AND(AI111>0,AJ111>AI111),AJ111-AI111,0) | AM111: ==IF(AI111=AJ111,AJ111,0) | AN111: ==IF(AJ111=0,AI111,0) | AO111: ==IF(AND(AJ111>0,AJ111<AI111),AI111-AJ111,0) | AP111: US-Accounts Receivable | AQ111: 172586 | AR111: 0 | AS111: 0
A112: HBLGroupSA | B112: ExistingCustomerEOM | C112: ExistingCustomerEOM | D112: 0 | E112: 0 | F112: 0 | G112: 0 | H112: 0 | I112: 0 | K112: 0 | L112: 0 | M112: 1 | N112: 1 | O112: Classic | P112: Classic | Q112: 0 | R112: 0 | S112: 0 | T112: 0 | U112: 0 | V112: 0 | W112: 40 | X112: 40 | Y112: 0 | Z112: 0 | AA112: Monthly | AB112: Monthly | AC112: PhuPh | AD112: PhuPh | AE112: 0 | AF112: 0 | AG112: 1 | AH112: 1 | AI112: ==W112+ Y112+D112+H112 | AJ112: ==X112+Z112+E112+I112 | AK112: ==IF(AI112=0,AJ112,0) | AL112: ==IF(AND(AI112>0,AJ112>AI112),AJ112-AI112,0) | AM112: ==IF(AI112=AJ112,AJ112,0) | AN112: ==IF(AJ112=0,AI112,0) | AO112: ==IF(AND(AJ112>0,AJ112<AI112),AI112-AJ112,0) | AP112: US-Accounts Receivable | AQ112: 41874 | AR112: 0 | AS112: 0
...

Sheet NRR By Account
A1: Start of Month | B1: Start of Month | C1: Start of Month | D1: Cancellation | E1: Cancellation | F1: Cancellation | G1: Downgrades | H1: Downgrades | I1: Downgrades | J1: Expansion | K1: Expansion | L1: Expansion | M1: New ARR | N1: New ARR | O1: New ARR | P1: Other | Q1: Other | R1: Other | S1: OtherChurn | T1: OtherChurn | U1: OtherChurn | V1: Count | W1: Count | X1: Count
A2: US-Accounts Receivable | B2: CAN-Accounts Receivable | C2: UK-Accounts Receivable | D2: US-Accounts Receivable | E2: CAN-Accounts Receivable | F2: UK-Accounts Receivable | G2: US-Accounts Receivable | H2: CAN-Accounts Receivable | I2: UK-Accounts Receivable | J2: US-Accounts Receivable | K2: CAN-Accounts Receivable | L2: UK-Accounts Receivable | M2: US-Accounts Receivable | N2: CAN-Accounts Receivable | O2: UK-Accounts Receivable | P2: US-Accounts Receivable | Q2: CAN-Accounts Receivable | R2: UK-Accounts Receivable | S2: US-Accounts Receivable | T2: CAN-Accounts Receivable | U2: UK-Accounts Receivable | V2: US-Accounts Receivable | W2: CAN-Accounts Receivable | X2: UK-Accounts Receivable
A3: ==SUMIFS(Accounts!AI:AI,Accounts!AP:AP,A$2) | B3: ==SUMIFS(Accounts!AI:AI,Accounts!AP:AP,B$2) | C3: ==SUMIFS(Accounts!AI:AI,Accounts!AP:AP,C$2) | D3: ==SUMIFS(Accounts!AN:AN,Accounts!AP:AP,D$2)-S3 | E3: ==SUMIFS(Accounts!AN:AN,Accounts!AP:AP,E$2)-T3 | F3: ==SUMIFS(Accounts!AN:AN,Accounts!AP:AP,F$2)-U3 | G3: ==SUMIFS(Accounts!AO:AO,Accounts!AP:AP,G$2) | H3: ==SUMIFS(Accounts!AO:AO,Accounts!AP:AP,H$2) | I3: ==SUMIFS(Accounts!AO:AO,Accounts!AP:AP,I$2) | J3: ==SUMIFS(Accounts!AL:AL,Accounts!AP:AP,J$2) | K3: ==SUMIFS(Accounts!AL:AL,Accounts!AP:AP,K$2) | L3: ==SUMIFS(Accounts!AL:AL,Accounts!AP:AP,L$2) | M3: ==SUMIFS(Accounts!AK:AK,Accounts!AP:AP,M$2)-P3 | N3: ==SUMIFS(Accounts!AK:AK,Accounts!AP:AP,N$2)-Q3 | O3: ==SUMIFS(Accounts!AK:AK,Accounts!AP:AP,O$2)-R3 | P3: ==SUMIFS(Customers!AS:AS,Customers!AP:AP,P$2) | Q3: ==SUMIFS(Customers!AS:AS,Customers!AP:AP,Q$2) | R3: ==SUMIFS(Customers!AS:AS,Customers!AP:AP,R$2) | S3: ==SUMIFS(Customers!AR:AR,Customers!AP:AP,P$2) | T3: ==SUMIFS(Customers!AR:AR,Customers!AP:AP,Q$2) | U3: ==SUMIFS(Customers!AR:AR,Customers!AP:AP,R$2) | V3: ==COUNTIFS(Accounts!Z:Z, ">0",Accounts!AP:AP,V$2) | W3: ==COUNTIFS(Accounts!Z:Z, ">0",Accounts!AP:AP,W$2) | X3: ==COUNTIFS(Accounts!Z:Z, ">0",Accounts!AP:AP,X$2)

Sheet SaaS Totals
A1: Use FX? | B1: TRUE
B2: F/X to CAD | C2: Start | D2: Less PreExpiry Income | E2: Net Change | F2: NRR Amount | G2: NRR% | H2: New+PrepExiry | I2: End
A3: US | B3: 1.33 | C3: ='NRR By Customer'!$A$3*IF($B$1=TRUE,$B3,1) -> 0 | D3: =C3-('NRR By Customer'!$S$3*IF($B$1=TRUE,$B3,1)) -> 0 | E3: =(('NRR By Customer'!$J$3)-('NRR By Customer'!$D$3)-('NRR By Customer'!$G$3))*IF($B$1=TRUE,$B3,1) -> 0 | F3: =D3+E3 -> 0 | G3: =F3/D3 -> #DIV/0! | H3: =('NRR By Customer'!$M$3+'NRR By Customer'!$P$3)*IF($B$1=TRUE,$B3,1) -> 0 | I3: =F3+H3 -> 0
A4: CAN | B4: 1 | C4: ='NRR By Customer'!$B$3*IF($B$1=TRUE,$B4,1) -> 0 | D4: =C4-('NRR By Customer'!$T$3*IF($B$1=TRUE,$B4,1)) -> 0 | E4: =(('NRR By Customer'!$K$3)-('NRR By Customer'!$E$3)-('NRR By Customer'!$H$3))*IF($B$1=TRUE,$B4,1) -> 0 | F4: =D4+E4 -> 0 | G4: =F4/D4 -> #DIV/0! | H4: =('NRR By Customer'!$N$3+'NRR By Customer'!$Q$3)*IF($B$1=TRUE,$B4,1) -> 0 | I4: =F4+H4 -> 0
A5: UK | B5: 1.7 | C5: ='NRR By Customer'!$C$3*IF($B$1=TRUE,$B5,1) -> 0 | D5: =C5-('NRR By Customer'!$U$3*IF($B$1=TRUE,$B5,1)) -> 0 | E5: =(('NRR By Customer'!$L$3)-('NRR By Customer'!$F$3)-('NRR By Customer'!$I$3))*IF($B$1=TRUE,$B5,1) -> 0 | F5: =D5+E5 -> 0 | G5: =F5/D5 -> #DIV/0! | H5: =('NRR By Customer'!O$3+'NRR By Customer'!$R$3)*IF($B$1=TRUE,$B5,1) -> 0 | I5: =F5+H5 -> 0
A6: Total | C6: =SUM(C3:C5) -> 0 | D6: =SUM(D3:D5) -> 0 | E6: =SUM(E3:E5) -> 0 | F6: =SUM(F3:F5) -> 0 | G6: =F6/D6 -> #DIV/0! | H6: =SUM(H3:H5) -> 0 | I6: =SUM(I3:I5) -> 0
