Workbook

Sheet Customers
A1: CompanyAccount | B1: CustomerGroupingPeriod1 | C1: CustomerGroupingPeriod2 | D1: DiscountOtherSaaSPeriod1 | E1: DiscountOtherSaaSPeriod2 | F1: DiscountOtherPSPeriod1 | G1: DiscountOtherPSPeriod2 | H1: DiscountPrepayPortionPeriod1 | I1: DiscountPrepayPortionPeriod2 | J1: InvoiceGrouping | K1: LiabilityPortionPeriod1 | L1: LiabilityPortionPeriod2 | M1: PackPaidCountPeriod1 | N1: PackPaidCountPeriod2 | O1: PlatformTogglePeriod1 | P1: PlatformTogglePeriod2 | Q1: PSExpenseAmountPeriod1 | R1: PSExpenseAmountPeriod2 | S1: PSIncomeAmountPeriod1 | T1: PSIncomeAmountPeriod2 | U1: SaasExpensePeriod1 | V1: SaasExpensePeriod2 | W1: SaaSIncomeAmountClassicPeriod1 | X1: SaaSIncomeAmountClassicPeriod2 | Y1: SaaSIncomeAmountNewPeriod1 | Z1: SaaSIncomeAmountNewPeriod2 | AA1: SaaSPayTypePeriod1 | AB1: SaaSPayTypePeriod2 | AC1: SalesRepSaaSPeriod1 | AD1: SalesRepSaaSPeriod2 | AE1: UncategorizedPortionPeriod1 | AF1: UncategorizedPortionPeriod2 | AG1: UserPaidCountPeriod1 | AH1: UserPaidCountPeriod2 | AI1: SaaSNetPeriod1 | AJ1: SaaSNetPeriod2 | AK1: SaaSExpandNew | AL1: SaaSExpansionUp | AM1: SaaSNoChange | AN1: SaaSContractionCancel | AO1: SaaSContractionDown | AP1: Currency | AQ1: CustomerRecordID | AR1: PerPayExpriyPeriod1 | AS1: PerPayExpriyPeriod2
A2: freedupsolutions | B2: ExistingCustomerEOM | C2: ExistingCustomerEOM | D2: -186 | E2: -186 | F2: 0 | G2: 0 | H2: 0 | I2: 0 | K2: 0 | L2: 0 | M2: 3 | N2: 3 | O2: New | P2: New | Q2: 0 | R2: 0 | S2: 0 | T2: 0 | U2: 0 | V2: 0 | W2: 0 | X2: 0 | Y2: 186 | Z2: 186 | AA2: Monthly | AB2: Monthly | AC2: ShaLi | AD2: ShaLi | AE2: 0 | AF2: 0 | AG2: 2 | AH2: 2 | AI2: =W2+ Y2+D2+H2 -> 0 | AJ2: =X2+Z2+E2+I2 -> 0 | AK2: =IF(AI2=0,AJ2,0) -> 0 | AL2: =IF(AND(AI2>0,AJ2>AI2),AJ2-AI2,0) -> 0 | AM2: =IF(AI2=AJ2,AJ2,0) -> 0 | AN2: =IF(AJ2=0,AI2,0) -> 0 | AO2: =IF(AND(AJ2>0,AJ2<AI2),AI2-AJ2,0) -> 0 | AP2: US-Accounts Receivable | AQ2: 4271 | AR2: 0 | AS2: 0
A3: therylangroupllc | B3: ExistingCustomerEOM | C3: ExistingCustomerEOM | D3: -80 | E3: -80 | F3: 0 | G3: 0 | H3: 0 | I3: 0 | K3: 0 | L3: 0 | M3: 1 | N3: 1 | O3: Classic | P3: Classic | Q3: 0 | R3: 0 | S3: 0 | T3: 0 | U3: 0 | V3: 0 | W3: 80 | X3: 80 | Y3: 0 | Z3: 0 | AA3: Monthly | AB3: Monthly | AC3: PhuPh | AD3: PhuPh | AE3: 0 | AF3: 0 | AG3: 1 | AH3: 1 | AI3: =W3+ Y3+D3+H3 -> 0 | AJ3: =X3+Z3+E3+I3 -> 0 | AK3: =IF(AI3=0,AJ3,0) -> 0 | AL3: =IF(AND(AI3>0,AJ3>AI3),AJ3-AI3,0) -> 0 | AM3: =IF(AI3=AJ3,AJ3,0) -> 0 | AN3: =IF(AJ3=0,AI3,0) -> 0 | AO3: =IF(AND(AJ3>0,AJ3<AI3),AI3-AJ3,0) -> 0 | AP3: US-Accounts Receivable | AQ3: 11547 | AR3: 0 | AS3: 0
A4: atlanticgraphics | B4: ExistingCustomerEOM | C4: ExistingCustomerEOM | D4: 0 | E4: 0 | F4: 0 | G4: 0 | H4: 0 | I4: 0 | K4: 0 | L4: 0 | M4: 3 | N4: 3 | O4: New | P4: New | Q4: 0 | R4: 0 | S4: 0 | T4: 0 | U4: 0 | V4: 0 | W4: 0 | X4: 0 | Y4: 365 | Z4: 365 | AA4: Monthly | AB4: Monthly | AC4: PhuPh | AD4: PhuPh | AE4: 0 | AF4: 0 | AG4: 9 | AH4: 9 | AI4: =W4+ Y4+D4+H4 -> 365 | AJ4: =X4+Z4+E4+I4 -> 365 | AK4: =IF(AI4=0,AJ4,0) -> 0 | AL4: =IF(AND(AI4>0,AJ4>AI4),AJ4-AI4,0) -> 0 | AM4: =IF(AI4=AJ4,AJ4,0) -> 365 | AN4: =IF(AJ4=0,AI4,0) -> 0 | AO4: =IF(AND(AJ4>0,AJ4<AI4),AI4-AJ4,0) -> 0 | AP4: US-Accounts Receivable | AQ4: 63546 | AR4: 0 | AS4: 0
A5: rhinebeckaerodromemuseum | B5: ExistingCustomerEOM | C5: ExistingCustomerEOM | D5: 0 | E5: 0 | F5: 0 | G5: 0 | H5: 0 | I5: 0 | K5: 0 | L5: 0 | M5: 1 | N5: 1 | O5: New | P5: New | Q5: 0 | R5: 0 | S5: 0 | T5: 0 | U5: 0 | V5: 0 | W5: 0 | X5: 0 | Y5: 28 | Z5: 28 | AA5: Monthly | AB5: Monthly | AC5: SukSa | AD5: SukSa | AE5: 0 | AF5: 0 | AG5: 1 | AH5: 1 | AI5: =W5+ Y5+D5+H5 -> 28 | AJ5: =X5+Z5+E5+I5 -> 28 | AK5: =IF(AI5=0,AJ5,0) -> 0 | AL5: =IF(AND(AI5>0,AJ5>AI5),AJ5-AI5,0) -> 0 | AM5: =IF(AI5=AJ5,AJ5,0) -> 28 | AN5: =IF(AJ5=0,AI5,0) -> 0 | AO5: =IF(AND(AJ5>0,AJ5<AI5),AI5-AJ5,0) -> 0 | AP5: US-Accounts Receivable | AQ5: 79741 | AR5: 0 | AS5: 0
A6: petersammsequipmentltd | B6: ExistingCustomerEOM | C6: ExistingCustomerEOM | D6: 0 | E6: 0 | F6: 0 | G6: 0 | H6: -5 | I6: -5 | K6: -44 | L6: -44 | M6: 3 | N6: 3 | O6: New | P6: New | Q6: 0 | R6: 0 | S6: 0 | T6: 0 | U6: 0 | V6: 0 | W6: 0 | X6: 0 | Y6: 49 | Z6: 49 | AA6: Prepay | AB6: Prepay | AC6: RafSy | AD6: RafSy | AE6: 0 | AF6: 0 | AG6: 1 | AH6: 1 | AI6: =W6+ Y6+D6+H6 -> 44 | AJ6: =X6+Z6+E6+I6 -> 44 | AK6: =IF(AI6=0,AJ6,0) -> 0 | AL6: =IF(AND(AI6>0,AJ6>AI6),AJ6-AI6,0) -> 0 | AM6: =IF(AI6=AJ6,AJ6,0) -> 44 | AN6: =IF(AJ6=0,AI6,0) -> 0 | AO6: =IF(AND(AJ6>0,AJ6<AI6),AI6-AJ6,0) -> 0 | AP6: US-Accounts Receivable | AQ6: 93516 | AR6: 0 | AS6: 0
A7: nwseaport | B7: ExistingCustomerEOM | C7: ExistingCustomerEOM | D7: 0 | E7: 0 | F7: 0 | G7: 0 | H7: -3 | I7: -3 | K7: -25 | L7: -25 | M7: 1 | N7: 1 | O7: New | P7: New | Q7: 0 | R7: 0 | S7: 0 | T7: 0 | U7: 0 | V7: 0 | W7: 0 | X7: 0 | Y7: 28 | Z7: 28 | AA7: Prepay | AB7: Prepay | AC7: SukSa | AD7: SukSa | AE7: 0 | AF7: 0 | AG7: 1 | AH7: 1 | AI7: =W7+ Y7+D7+H7 -> 25 | AJ7: =X7+Z7+E7+I7 -> 25 | AK7: =IF(AI7=0,AJ7,0) -> 0 | AL7: =IF(AND(AI7>0,AJ7>AI7),AJ7-AI7,0) -> 0 | AM7: =IF(AI7=AJ7,AJ7,0) -> 25 | AN7: =IF(AJ7=0,AI7,0) -> 0 | AO7: =IF(AND(AJ7>0,AJ7<AI7),AI7-AJ7,0) -> 0 | AP7: US-Accounts Receivable | AQ7: 95174 | AR7: 0 | AS7: 0
A8: pbaccounting | B8: ExistingCustomerEOM | C8: ExistingCustomerEOM | D8: -37 | E8: -37 | F8: 0 | G8: 0 | H8: 0 | I8: 0 | K8: 0 | L8: 0 | M8: 2 | N8: 2 | O8: New | P8: New | Q8: 0 | R8: 0 | S8: 0 | T8: 0 | U8: 0 | V8: 0 | W8: 0 | X8: 0 | Y8: 37 | Z8: 37 | AA8: Monthly | AB8: Monthly | AC8: PhuPh | AD8: PhuPh | AE8: 0 | AF8: 0 | AG8: 1 | AH8: 1 | AI8: =W8+ Y8+D8+H8 -> 0 | AJ8: =X8+Z8+E8+I8 -> 0 | AK8: =IF(AI8=0,AJ8,0) -> 0 | AL8: =IF(AND(AI8>0,AJ8>AI8),AJ8-AI8,0) -> 0 | AM8: =IF(AI8=AJ8,AJ8,0) -> 0 | AN8: =IF(AJ8=0,AI8,0) -> 0 | AO8: =IF(AND(AJ8>0,AJ8<AI8),AI8-AJ8,0) -> 0 | AP8: US-Accounts Receivable | AQ8: 94821 | AR8: 0 | AS8: 0
A9: alerthomewatch | B9: ExistingCustomerEOM | C9: ExistingCustomerEOM | D9: 0 | E9: 0 | F9: 0 | G9: 0 | H9: 0 | I9: 0 | K9: 0 | L9: 0 | M9: 1 | N9: 1 | O9: New | P9: New | Q9: 0 | R9: 0 | S9: 0 | T9: 0 | U9: 0 | V9: 0 | W9: 0 | X9: 0 | Y9: 84 | Z9: 84 | AA9: Monthly | AB9: Monthly | AC9: PhuPh | AD9: PhuPh | AE9: 0 | AF9: 0 | AG9: 3 | AH9: 3 | AI9: =W9+ Y9+D9+H9 -> 84 | AJ9: =X9+Z9+E9+I9 -> 84 | AK9: =IF(AI9=0,AJ9,0) -> 0 | AL9: =IF(AND(AI9>0,AJ9>AI9),AJ9-AI9,0) -> 0 | AM9: =IF(AI9=AJ9,AJ9,0) -> 84 | AN9: =IF(AJ9=0,AI9,0) -> 0 | AO9: =IF(AND(AJ9>0,AJ9<AI9),AI9-AJ9,0) -> 0 | AP9: US-Accounts Receivable | AQ9: 96657 | AR9: 0 | AS9: 0
A10: themovingcompany | B10: ExistingCustomerEOM | C10: ExistingCustomerEOM | D10: 0 | E10: 0 | F10: 0 | G10: 0 | H10: -3 | I10: -3 | K10: -25 | L10: -25 | M10: 1 | N10: 1 | O10: New | P10: New | Q10: 0 | R10: 0 | S10: 0 | T10: 0 | U10: 0 | V10: 0 | W10: 0 | X10: 0 | Y10: 28 | Z10: 28 | AA10: Prepay | AB10: Prepay | AC10: JaiPa | AD10: JaiPa | AE10: 0 | AF10: 0 | AG10: 1 | AH10: 1 | AI10: =W10+ Y10+D10+H10 -> 25 | AJ10: =X10+Z10+E10+I10 -> 25 | AK10: =IF(AI10=0,AJ10,0) -> 0 | AL10: =IF(AND(AI10>0,AJ10>AI10),AJ10-AI10,0) -> 0 | AM10: =IF(AI10=AJ10,AJ10,0) -> 25 | AN10: =IF(AJ10=0,AI10,0) -> 0 | AO10: =IF(AND(AJ10>0,AJ10<AI10),AI10-AJ10,0) -> 0 | AP10: US-Accounts Receivable | AQ10: 97379 | AR10: 0 | AS10: 0
A11: innovativeenergy | B11: ExistingCustomerEOM | C11: ExistingCustomerEOM | D11: 0 | E11: 0 | F11: 0 | G11: 0 | H11: 0 | I11: 0 | K11: 0 | L11: 0 | M11: 3 | N11: 3 | O11: New | P11: New | Q11: 0 | R11: 0 | S11: 0 | T11: 0 | U11: 0 | V11: 0 | W11: 0 | X11: 0 | Y11: 343 | Z11: 343 | AA11: Monthly | AB11: Monthly | AC11: HaPat | AD11: HaPat | AE11: 0 | AF11: 0 | AG11: 7 | AH11: 7 | AI11: =W11+ Y11+D11+H11 -> 343 | AJ11: =X11+Z11+E11+I11 -> 343 | AK11: =IF(AI11=0,AJ11,0) -> 0 | AL11: =IF(AND(AI11>0,AJ11>AI11),AJ11-AI11,0) -> 0 | AM11: =IF(AI11=AJ11,AJ11,0) -> 343 | AN11: =IF(AJ11=0,AI11,0) -> 0 | AO11: =IF(AND(AJ11>0,AJ11<AI11),AI11-AJ11,0) -> 0 | AP11: US-Accounts Receivable | AQ11: 98394 | AR11: 0 | AS11: 0
A12: CarlsonConcierge | B12: ExistingCustomerEOM | C12: ExistingCustomerEOM | D12: -11.2 | E12: -11.2 | F12: 0 | G12: 0 | H12: 0 | I12: 0 | K12: 0 | L12: 0 | M12: 1 | N12: 1 | O12: New | P12: New | Q12: 0 | R12: 0 | S12: 0 | T12: 0 | U12: 0 | V12: 0 | W12: 0 | X12: 0 | Y12: 56 | Z12: 56 | AA12: Monthly | AB12: Monthly | AC12: PhuPh | AD12: PhuPh | AE12: 0 | AF12: 0 | AG12: 2 | AH12: 2 | AI12: =W12+ Y12+D12+H12 -> 44.8 | AJ12: =X12+Z12+E12+I12 -> 44.8 | AK12: =IF(AI12=0,AJ12,0) -> 0 | AL12: =IF(AND(AI12>0,AJ12>AI12),AJ12-AI12,0) -> 0 | AM12: =IF(AI12=AJ12,AJ12,0) -> 44.8 | AN12: =IF(AJ12=0,AI12,0) -> 0 | AO12: =IF(AND(AJ12>0,AJ12<AI12),AI12-AJ12,0) -> 0 | AP12: US-Accounts Receivable | AQ12: 86456 | AR12: 0 | AS12: 0
A13: bbbsilCo1 | B13: ExistingCustomerEOM | C13: ExistingCustomerEOM | D13: 0 | E13: 0 | F13: 0 | G13: 0 | H13: -9 | I13: -18 | K13: -75 | L13: -150 | M13: 1 | N13: 1 | O13: New | P13: New | Q13: 0 | R13: 0 | S13: 0 | T13: 0 | U13: 0 | V13: 0 | W13: 0 | X13: 0 | Y13: 84 | Z13: 168 | AA13: Prepay | AB13: Prepay | AC13: RafSy | AD13: RafSy | AE13: 0 | AF13: 0 | AG13: 3 | AH13: 3 | AI13: =W13+ Y13+D13+H13 -> 75 | AJ13: =X13+Z13+E13+I13 -> 150 | AK13: =IF(AI13=0,AJ13,0) -> 0 | AL13: =IF(AND(AI13>0,AJ13>AI13),AJ13-AI13,0) -> 75 | AM13: =IF(AI13=AJ13,AJ13,0) -> 0 | AN13: =IF(AJ13=0,AI13,0) -> 0 | AO13: =IF(AND(AJ13>0,AJ13<AI13),AI13-AJ13,0) -> 0 | AP13: US-Accounts Receivable | AQ13: 98976 | AR13: 0 | AS13: 0
... A32: NewEnglandLanguageSchoolInc | B32: ExistingCustomerEOM | C32: ExistingCustomerEOM | D32: -5.6 | E32: -5.6 | F32: 0 | G32: 0 | H32: 0 | I32: 0 | K32: 0 | L32: 0 | M32: 1 | N32: 1 | O32: New | P32: New | Q32: 0 | R32: 0 | S32: 0 | T32: 0 | U32: 0 | V32: 0 | W32: 0 | X32: 0 | Y32: 28 | Z32: 28 | AA32: Monthly | AB32: Monthly | AC32: PhuPh | AD32: PhuPh | AE32: 0 | AF32: 0 | AG32: 1 | AH32: 1 | AI32: =W32+ Y32+D32+H32 -> 22.4 | AJ32: =X32+Z32+E32+I32 -> 22.4 | AK32: =IF(AI32=0,AJ32,0) -> 0 | AL32: =IF(AND(AI32>0,AJ32>AI32),AJ32-AI32,0) -> 0 | AM32: =IF(AI32=AJ32,AJ32,0) -> 22.4 | AN32: =IF(AJ32=0,AI32,0) -> 0 | AO32: =IF(AND(AJ32>0,AJ32<AI32),AI32-AJ32,0) -> 0 | AP32: US-Accounts Receivable | AQ32: 98759 | AR32: 0 | AS32: 0
A33: NovusFireProtectionConsultingInc | B33: ExistingCustomerEOM | C33: ExistingCustomerEOM | D33: 0 | E33: 0 | F33: 0 | G33: 0 | H33: 0 | I33: 0 | K33: 0 | L33: 0 | M33: 0 | N33: 0 | O33: unknown | P33: unknown | Q33: 0 | R33: 0 | S33: 0 | T33: 0 | U33: 0 | V33: 0 | W33: 0 | X33: 0 | Y33: 0 | Z33: 0 | AE33: 0 | AF33: 0 | AG33: 0 | AH33: 0 | AI33: =W33+ Y33+D33+H33 -> 0 | AJ33: =X33+Z33+E33+I33 -> 0 | AK33: =IF(AI33=0,AJ33,0) -> 0 | AL33: =IF(AND(AI33>0,AJ33>AI33),AJ33-AI33,0) -> 0 | AM33: =IF(AI33=AJ33,AJ33,0) -> 0 | AN33: =IF(AJ33=0,AI33,0) -> 0 | AO33: =IF(AND(AJ33>0,AJ33<AI33),AI33-AJ33,0) -> 0 | AP33: CAN-Accounts Receivable | AQ33: 85984 | AR33: 0 | AS33: 0
A34: BenShaffer | B34: ExistingCustomerEOM | C34: ExistingCustomerEOM | D34: -43.5 | E34: -43.5 | F34: 0 | G34: 0 | H34: 0 | I34: 0 | K34: 0 | L34: 0 | M34: 0 | N34: 0 | O34: unknown | P34: New | Q34: -77.5 | R34: 0 | S34: 77.5 | T34: 0 | U34: 0 | V34: 0 | W34: 0 | X34: 0 | Y34: 1402 | Z34: 1402 | AA34: Monthly | AB34: Monthly | AC34: HaPat | AD34: HaPat | AE34: 0 | AF34: 0 | AG34: 0 | AH34: 0 | AI34: =W34+ Y34+D34+H34 -> 1358.5 | AJ34: =X34+Z34+E34+I34 -> 1358.5 | AK34: =IF(AI34=0,AJ34,0) -> 0 | AL34: =IF(AND(AI34>0,AJ34>AI34),AJ34-AI34,0) -> 0 | AM34: =IF(AI34=AJ34,AJ34,0) -> 1358.5 | AN34: =IF(AJ34=0,AI34,0) -> 0 | AO34: =IF(AND(AJ34>0,AJ34<AI34),AI34-AJ34,0) -> 0 | AP34: US-Accounts Receivable | AQ34: 119118 | AR34: 0 | AS34: 0
A35: tristaterigging | B35: ExistingCustomerEOM | C35: ExistingCustomerEOM | D35: 0 | E35: 0 | F35: 0 | G35: 0 | H35: 0 | I35: 0 | K35: 0 | L35: 0 | M35: 4 | N35: 4 | O35: New | P35: New | Q35: 0 | R35: 0 | S35: 0 | T35: 0 | U35: 0 | V35: 0 | W35: 0 | X35: 0 | Y35: 614 | Z35: 565 | AA35: Monthly | AB35: Monthly | AC35: HaPat | AD35: HaPat | AE35: 0 | AF35: 0 | AG35: 11 | AH35: 10 | AI35: =W35+ Y35+D35+H35 -> 614 | AJ35: =X35+Z35+E35+I35 -> 565 | AK35: =IF(AI35=0,AJ35,0) -> 0 | AL35: =IF(AND(AI35>0,AJ35>AI35),AJ35-AI35,0) -> 0 | AM35: =IF(AI35=AJ35,AJ35,0) -> 0 | AN35: =IF(AJ35=0,AI35,0) -> 0 | AO35: =IF(AND(AJ35>0,AJ35<AI35),AI35-AJ35,0) -> 49 | AP35: US-Accounts Receivable | AQ35: 161002 | AR35: 0 | AS35: 0
A36: mobilitycityofcoloradosprings | B36: ExistingCustomerEOM | C36: ExistingCustomerEOM | D36: -2801.4 | E36: -2795.6 | F36: 0 | G36: 0 | H36: 0 | I36: 0 | K36: 0 | L36: 0 | M36: 4 | N36: 4 | O36: New | P36: New | Q36: -77.5 | R36: -232.5 | S36: 77.5 | T36: 232.5 | U36: 0 | V36: 0 | W36: 80 | X36: 0 | Y36: 14022.23 | Z36: 14085.93 | AA36: Monthly | AB36: Monthly | AC36: HaPat | AD36: HaPat | AE36: 0 | AF36: 0 | AG36: 1 | AH36: 1 | AI36: =W36+ Y36+D36+H36 -> 11300.83 | AJ36: =X36+Z36+E36+I36 -> 11290.33 | AK36: =IF(AI36=0,AJ36,0) -> 0 | AL36: =IF(AND(AI36>0,AJ36>AI36),AJ36-AI36,0) -> 0 | AM36: =IF(AI36=AJ36,AJ36,0) -> 0 | AN36: =IF(AJ36=0,AI36,0) -> 0 | AO36: =IF(AND(AJ36>0,AJ36<AI36),AI36-AJ36,0) -> 10.5 | AP36: US-Accounts Receivable | AQ36: 133608 | AR36: 0 | AS36: 0
A37: deccanfoods4 | B37: ExistingCustomerEOM | C37: ExistingCustomerEOM | D37: 0 | E37: 0 | F37: -31 | G37: 0 | H37: 0 | I37: 0 | K37: 0 | L37: 0 | M37: 4 | N37: 4 | O37: unknown | P37: New | Q37: 0 | R37: 0 | S37: 310 | T37: 0 | U37: 0 | V37: 0 | W37: 0 | X37: 0 | Y37: 508 | Z37: 508 | AA37: Monthly | AB37: Monthly | AC37: PhuPh | AD37: PhuPh | AE37: 0 | AF37: 0 | AG37: 3 | AH37: 3 | AI37: =W37+ Y37+D37+H37 -> 508 | AJ37: =X37+Z37+E37+I37 -> 508 | AK37: =IF(AI37=0,AJ37,0) -> 0 | AL37: =IF(AND(AI37>0,AJ37>AI37),AJ37-AI37,0) -> 0 | AM37: =IF(AI37=AJ37,AJ37,0) -> 508 | AN37: =IF(AJ37=0,AI37,0) -> 0 | AO37: =IF(AND(AJ37>0,AJ37<AI37),AI37-AJ37,0) -> 0 | AP37: US-Accounts Receivable | AQ37: 176596 | AR37: 0 | AS37: 0
A38: allfloridawallsystems2 | B38: ExistingCustomerEOM | C38: ExistingCustomerEOM | D38: 0 | E38: 0 | F38: 0 | G38: 0 | H38: 0 | I38: 0 | K38: 0 | L38: 0 | M38: 4 | N38: 4 | O38: New | P38: New | Q38: 0 | R38: 0 | S38: 0 | T38: 0 | U38: 0 | V38: 0 | W38: 0 | X38: 0 | Y38: 544 | Z38: 544 | AA38: Monthly | AB38: Monthly | AC38: HaPat | AD38: HaPat | AE38: 0 | AF38: 0 | AG38: 10 | AH38: 10 | AI38: =W38+ Y38+D38+H38 -> 544 | AJ38: =X38+Z38+E38+I38 -> 544 | AK38: =IF(AI38=0,AJ38,0) -> 0 | AL38: =IF(AND(AI38>0,AJ38>AI38),AJ38-AI38,0) -> 0 | AM38: =IF(AI38=AJ38,AJ38,0) -> 544 | AN38: =IF(AJ38=0,AI38,0) -> 0 | AO38: =IF(AND(AJ38>0,AJ38<AI38),AI38-AJ38,0) -> 0 | AP38: US-Accounts Receivable | AQ38: 186453 | AR38: 0 | AS38: 0
A39: templatepaulettedreher | B39: ExistingCustomerEOM | C39: ExistingCustomerEOM | D39: -273 | E39: -273 | F39: 0 | G39: 0 | H39: 0 | I39: 0 | K39: 0 | L39: 0 | M39: 6 | N39: 6 | O39: New | P39: New | Q39: 0 | R39: 0 | S39: 0 | T39: 0 | U39: 0 | V39: 0 | W39: 0 | X39: 0 | Y39: 273 | Z39: 273 | AA39: Monthly | AB39: Monthly | AC39: PhuPh | AD39: PhuPh | AE39: 0 | AF39: 0 | AG39: 4 | AH39: 4 | AI39: =W39+ Y39+D39+H39 -> 0 | AJ39: =X39+Z39+E39+I39 -> 0 | AK39: =IF(AI39=0,AJ39,0) -> 0 | AL39: =IF(AND(AI39>0,AJ39>AI39),AJ39-AI39,0) -> 0 | AM39: =IF(AI39=AJ39,AJ39,0) -> 0 | AN39: =IF(AJ39=0,AI39,0) -> 0 | AO39: =IF(AND(AJ39>0,AJ39<AI39),AI39-AJ39,0) -> 0 | AP39: US-Accounts Receivable | AQ39: 12018 | AR39: 0 | AS39: 0
A40: mehrcpa | B40: ExistingCustomerEOM | C40: ExistingCustomerEOM | D40: -25 | E40: -25 | F40: 0 | G40: 0 | H40: 0 | I40: 0 | K40: 0 | L40: 0 | M40: 1 | N40: 1 | O40: New | P40: New | Q40: 0 | R40: 0 | S40: 0 | T40: 0 | U40: 0 | V40: 0 | W40: 0 | X40: 0 | Y40: 25 | Z40: 25 | AA40: Monthly | AB40: Monthly | AC40: ShaLi | AD40: SukSa | AE40: 0 | AF40: 0 | AG40: 1 | AH40: 1 | AI40: =W40+ Y40+D40+H40 -> 0 | AJ40: =X40+Z40+E40+I40 -> 0 | AK40: =IF(AI40=0,AJ40,0) -> 0 | AL40: =IF(AND(AI40>0,AJ40>AI40),AJ40-AI40,0) -> 0 | AM40: =IF(AI40=AJ40,AJ40,0) -> 0 | AN40: =IF(AJ40=0,AI40,0) -> 0 | AO40: =IF(AND(AJ40>0,AJ40<AI40),AI40-AJ40,0) -> 0 | AP40: US-Accounts Receivable | AQ40: 14118 | AR40: 0 | AS40: 0
A41: reelwasterecycling | B41: ExistingCustomerEOM | C41: ExistingCustomerEOM | D41: 0 | E41: 0 | F41: -31 | G41: 0 | H41: 0 | I41: 0 | K41: 0 | L41: 0 | M41: 1 | N41: 1 | O41: Classic | P41: Classic | Q41: 0 | R41: 0 | S41: 310 | T41: 0 | U41: 0 | V41: 0 | W41: 310 | X41: 310 | Y41: 325 | Z41: 325 | AA41: Monthly | AB41: Monthly | AC41: ShaLi | AD41: ShaLi | AE41: 0 | AF41: 0 | AG41: 1 | AH41: 1 | AI41: =W41+ Y41+D41+H41 -> 635 | AJ41: =X41+Z41+E41+I41 -> 635 | AK41: =IF(AI41=0,AJ41,0) -> 0 | AL41: =IF(AND(AI41>0,AJ41>AI41),AJ41-AI41,0) -> 0 | AM41: =IF(AI41=AJ41,AJ41,0) -> 635 | AN41: =IF(AJ41=0,AI41,0) -> 0 | AO41: =IF(AND(AJ41>0,AJ41<AI41),AI41-AJ41,0) -> 0 | AP41: US-Accounts Receivable | AQ41: 14565 | AR41: 0 | AS41: 0
A42: valleypublishing | B42: ExistingCustomerEOM | C42: ExistingCustomerEOM | D42: 0 | E42: 0 | F42: 0 | G42: 0 | H42: 0 | I42: 0 | K42: 0 | L42: 0 | M42: 1 | N42: 1 | O42: Classic | P42: Classic | Q42: 0 | R42: 0 | S42: 0 | T42: 0 | U42: 0 | V42: 0 | W42: 25 | X42: 25 | Y42: 0 | Z42: 0 | AA42: Monthly | AB42: Monthly | AC42: JaiPa | AD42: JaiPa | AE42: 0 | AF42: 0 | AG42: 1 | AH42: 1 | AI42: =W42+ Y42+D42+H42 -> 25 | AJ42: =X42+Z42+E42+I42 -> 25 | AK42: =IF(AI42=0,AJ42,0) -> 0 | AL42: =IF(AND(AI42>0,AJ42>AI42),AJ42-AI42,0) -> 0 | AM42: =IF(AI42=AJ42,AJ42,0) -> 25 | AN42: =IF(AJ42=0,AI42,0) -> 0 | AO42: =IF(AND(AJ42>0,AJ42<AI42),AI42-AJ42,0) -> 0 | AP42: US-Accounts Receivable | AQ42: 15712 | AR42: 0 | AS42: 0
A43: louschcreations | B43: ExistingCustomerEOM | C43: ExistingCustomerEOM | D43: 0 | E43: 0 | F43: 0 | G43: 0 | H43: -8 | I43: -8 | K43: -72 | L43: -72 | M43: 1 | N43: 1 | O43: Classic | P43: Classic | Q43: 0 | R43: 0 | S43: 0 | T43: 0 | U43: 0 | V43: 0 | W43: 80 | X43: 80 | Y43: 0 | Z43: 0 | AA43: Prepay | AB43: Prepay | AC43: SukSa | AD43: SukSa | AE43: 0 | AF43: 0 | AG43: 2 | AH43: 2 | AI43: =W43+ Y43+D43+H43 -> 72 | AJ43: =X43+Z43+E43+I43 -> 72 | AK43: =IF(AI43=0,AJ43,0) -> 0 | AL43: =IF(AND(AI43>0,AJ43>AI43),AJ43-AI43,0) -> 0 | AM43: =IF(AI43=AJ43,AJ43,0) -> 72 | AN43: =IF(AJ43=0,AI43,0) -> 0 | AO43: =IF(AND(AJ43>0,AJ43<AI43),AI43-AJ43,0) -> 0 | AP43: US-Accounts Receivable | AQ43: 25891 | AR43: 0 | AS43: 0
A44: deltataudelta | B44: ExistingCustomerEOM | C44: ExistingCustomerEOM | D44: 0 | E44: 0 | F44: 0 | G44: 0 | H44: 0 | I44: 0 | K44: 0 | L44: 0 | M44: 3 | N44: 3 | O44: New | P44: New | Q44: 0 | R44: 0 | S44: 0 | T44: 0 | U44: 0 | V44: 0 | W44: 0 | X44: 0 | Y44: 172 | Z44: 172 | AA44: Monthly | AB44: Monthly | AC44: HaPat | AD44: HaPat | AE44: 0 | AF44: 0 | AG44: 4 | AH44: 4 | AI44: =W44+ Y44+D44+H44 -> 172 | AJ44: =X44+Z44+E44+I44 -> 172 | AK44: =IF(AI44=0,AJ44,0) -> 0 | AL44: =IF(AND(AI44>0,AJ44>AI44),AJ44-AI44,0) -> 0 | AM44: =IF(AI44=AJ44,AJ44,0) -> 172 | AN44: =IF(AJ44=0,AI44,0) -> 0 | AO44: =IF(AND(AJ44>0,AJ44<AI44),AI44-AJ44,0) -> 0 | AP44: US-Accounts Receivable | AQ44: 32842 | AR44: 0 | AS44: 0
A45: happe | B45: ExistingCustomerEOM | C45: ExistingCustomerEOM | D45: -60 | E45: -60 | F45: 0 | G45: 0 | H45: 0 | I45: 0 | K45: 0 | L45: 0 | M45: 1 | N45: 1 | O45: New | P45: New | Q45: 0 | R45: 0 | S45: 0 | T45: 0 | U45: 0 | V45: 0 | W45: 0 | X45: 0 | Y45: 60 | Z45: 60 | AA45: Monthly | AB45: Monthly | AC45: PhuPh | AD45: PhuPh | AE45: 0 | AF45: 0 | AG45: 1 | AH45: 1 | AI45: =W45+ Y45+D45+H45 -> 0 | AJ45: =X45+Z45+E45+I45 -> 0 | AK45: =IF(AI45=0,AJ45,0) -> 0 | AL45: =IF(AND(AI45>0,AJ45>AI45),AJ45-AI45,0) -> 0 | AM45: =IF(AI45=AJ45,AJ45,0) -> 0 | AN45: =IF(AJ45=0,AI45,0) -> 0 | AO45: =IF(AND(AJ45>0,AJ45<AI45),AI45-AJ45,0) -> 0 | AP45: US-Accounts Receivable | AQ45: 12066 | AR45: 0 | AS45: 0
... A73: beyonddetailedsolutions | B73: ExistingCustomerEOM | C73: ExistingCustomerEOM | D73: 0 | E73: 0 | F73: 0 | G73: 0 | H73: -3 | I73: -3 | K73: -25 | L73: -25 | M73: 1 | N73: 1 | O73: New | P73: New | Q73: 0 | R73: 0 | S73: 0 | T73: 0 | U73: 0 | V73: 0 | W73: 0 | X73: 0 | Y73: 28 | Z73: 28 | AA73: Prepay | AB73: Prepay | AC73: PhuPh | AD73: PhuPh | AE73: 0 | AF73: 0 | AG73: 1 | AH73: 1 | AI73: =W73+ Y73+D73+H73 -> 25 | AJ73: =X73+Z73+E73+I73 -> 25 | AK73: =IF(AI73=0,AJ73,0) -> 0 | AL73: =IF(AND(AI73>0,AJ73>AI73),AJ73-AI73,0) -> 0 | AM73: =IF(AI73=AJ73,AJ73,0) -> 25 | AN73: =IF(AJ73=0,AI73,0) -> 0 | AO73: =IF(AND(AJ73>0,AJ73<AI73),AI73-AJ73,0) -> 0 | AP73: US-Accounts Receivable | AQ73: 150052 | AR73: 0 | AS73: 0
A74: guardianangel | B74: ExistingCustomerEOM | C74: ExistingCustomerEOM | D74: 0 | E74: 0 | F74: 0 | G74: 0 | H74: 0 | I74: 0 | K74: 0 | L74: 0 | M74: 0 | N74: 0 | O74: unknown | P74: unknown | Q74: 0 | R74: 0 | S74: 0 | T74: 0 | U74: 0 | V74: 0 | W74: 0 | X74: 0 | Y74: 0 | Z74: 0 | AE74: 0 | AF74: 0 | AG74: 0 | AH74: 0 | AI74: =W74+ Y74+D74+H74 -> 0 | AJ74: =X74+Z74+E74+I74 -> 0 | AK74: =IF(AI74=0,AJ74,0) -> 0 | AL74: =IF(AND(AI74>0,AJ74>AI74),AJ74-AI74,0) -> 0 | AM74: =IF(AI74=AJ74,AJ74,0) -> 0 | AN74: =IF(AJ74=0,AI74,0) -> 0 | AO74: =IF(AND(AJ74>0,AJ74<AI74),AI74-AJ74,0) -> 0 | AP74: US-Accounts Receivable | AQ74: 150132 | AR74: 0 | AS74: 0
A75: lafittesseafood | B75: ExistingCustomerEOM | C75: ExistingCustomerEOM | D75: 0 | E75: 0 | F75: 0 | G75: 0 | H75: -15 | I75: -15 | K75: 1034 | L75: -94 | M75: 5 | N75: 5 | O75: New | P75: New | Q75: 0 | R75: 0 | S75: 0 | T75: 0 | U75: 0 | V75: 0 | W75: 0 | X75: 0 | Y75: 109 | Z75: 109 | AA75: Prepay | AB75: Prepay | AC75: ShaLi | AD75: SukSa | AE75: 0 | AF75: 0 | AG75: 3 | AH75: 3 | AI75: =W75+ Y75+D75+H75 -> 94 | AJ75: =X75+Z75+E75+I75 -> 94 | AK75: =IF(AI75=0,AJ75,0) -> 0 | AL75: =IF(AND(AI75>0,AJ75>AI75),AJ75-AI75,0) -> 0 | AM75: =IF(AI75=AJ75,AJ75,0) -> 94 | AN75: =IF(AJ75=0,AI75,0) -> 0 | AO75: =IF(AND(AJ75>0,AJ75<AI75),AI75-AJ75,0) -> 0 | AP75: US-Accounts Receivable | AQ75: 148736 | AR75: 0 | AS75: 0
A76: ebasesolutions2 | B76: ExistingCustomerEOM | C76: ExistingCustomerEOM | D76: 0 | E76: 0 | F76: 0 | G76: 0 | H76: 0 | I76: 0 | K76: 0 | L76: 0 | M76: 3 | N76: 3 | O76: New | P76: New | Q76: 0 | R76: 0 | S76: 0 | T76: 0 | U76: 0 | V76: 0 | W76: 0 | X76: 0 | Y76: 270 | Z76: 270 | AA76: Monthly | AB76: Monthly | AC76: MikPa | AD76: MikPa | AE76: 0 | AF76: 0 | AG76: 6 | AH76: 6 | AI76: =W76+ Y76+D76+H76 -> 270 | AJ76: =X76+Z76+E76+I76 -> 270 | AK76: =IF(AI76=0,AJ76,0) -> 0 | AL76: =IF(AND(AI76>0,AJ76>AI76),AJ76-AI76,0) -> 0 | AM76: =IF(AI76=AJ76,AJ76,0) -> 270 | AN76: =IF(AJ76=0,AI76,0) -> 0 | AO76: =IF(AND(AJ76>0,AJ76<AI76),AI76-AJ76,0) -> 0 | AP76: CAN-Accounts Receivable | AQ76: 151557 | AR76: 0 | AS76: 0
A77: bandkmurphyplumbingheatingandcoolingllc | B77: ExistingCustomerEOM | C77: ExistingCustomerEOM | D77: 0 | E77: 0 | F77: 0 | G77: 0 | H77: -14 | I77: -14 | K77: -124 | L77: -124 | M77: 3 | N77: 3 | O77: unknown | P77: unknown | Q77: 0 | R77: 0 | S77: 465 | T77: 77.5 | U77: 0 | V77: 0 | W77: 0 | X77: 0 | Y77: 138 | Z77: 138 | AA77: Prepay | AB77: Prepay | AC77: JaiPa | AD77: JaiPa | AE77: 0 | AF77: 0 | AG77: 3 | AH77: 3 | AI77: =W77+ Y77+D77+H77 -> 124 | AJ77: =X77+Z77+E77+I77 -> 124 | AK77: =IF(AI77=0,AJ77,0) -> 0 | AL77: =IF(AND(AI77>0,AJ77>AI77),AJ77-AI77,0) -> 0 | AM77: =IF(AI77=AJ77,AJ77,0) -> 124 | AN77: =IF(AJ77=0,AI77,0) -> 0 | AO77: =IF(AND(AJ77>0,AJ77<AI77),AI77-AJ77,0) -> 0 | AP77: US-Accounts Receivable | AQ77: 152999 | AR77: 0 | AS77: 0
A78: bramattcomputingltd | B78: ExistingCustomerEOM | C78: ExistingCustomerEOM | D78: 0 | E78: 0 | F78: 0 | G78: 0 | H78: -31.7 | I78: -31.7 | K78: -285.3 | L78: -285.3 | M78: 5 | N78: 5 | O78: New | P78: New | Q78: 0 | R78: 0 | S78: 0 | T78: 0 | U78: 0 | V78: 0 | W78: 0 | X78: 0 | Y78: 317 | Z78: 317 | AA78: Prepay | AB78: Prepay | AC78: HaPat | AD78: HaPat | AE78: 0 | AF78: 0 | AG78: 5 | AH78: 5 | AI78: =W78+ Y78+D78+H78 -> 285.3 | AJ78: =X78+Z78+E78+I78 -> 285.3 | AK78: =IF(AI78=0,AJ78,0) -> 0 | AL78: =IF(AND(AI78>0,AJ78>AI78),AJ78-AI78,0) -> 0 | AM78: =IF(AI78=AJ78,AJ78,0) -> 285.3 | AN78: =IF(AJ78=0,AI78,0) -> 0 | AO78: =IF(AND(AJ78>0,AJ78<AI78),AI78-AJ78,0) -> 0 | AP78: US-Accounts Receivable | AQ78: 152961 | AR78: 0 | AS78: 0
A79: beaconseed | B79: ExistingCustomerEOM | C79: ExistingCustomerEOM | D79: 0 | E79: 0 | F79: 0 | G79: 0 | H79: 0 | I79: 0 | K79: 0 | L79: 0 | M79: 3 | N79: 3 | O79: New | P79: New | Q79: 0 | R79: 0 | S79: 0 | T79: 0 | U79: 0 | V79: 0 | W79: 0 | X79: 0 | Y79: 147 | Z79: 147 | AA79: Monthly | AB79: Monthly | AC79: SukSa | AD79: SukSa | AE79: 0 | AF79: 0 | AG79: 3 | AH79: 3 | AI79: =W79+ Y79+D79+H79 -> 147 | AJ79: =X79+Z79+E79+I79 -> 147 | AK79: =IF(AI79=0,AJ79,0) -> 0 | AL79: =IF(AND(AI79>0,AJ79>AI79),AJ79-AI79,0) -> 0 | AM79: =IF(AI79=AJ79,AJ79,0) -> 147 | AN79: =IF(AJ79=0,AI79,0) -> 0 | AO79: =IF(AND(AJ79>0,AJ79<AI79),AI79-AJ79,0) -> 0 | AP79: US-Accounts Receivable | AQ79: 152970 | AR79: 0 | AS79: 0
A80: wtidistributioninc | B80: ExistingCustomerEOM | C80: ExistingCustomerEOM | D80: 0 | E80: 0 | F80: 0 | G80: 0 | H80: -4 | I80: -4 | K80: -36 | L80: -36 | M80: 2 | N80: 2 | O80: New | P80: New | Q80: 0 | R80: 0 | S80: 0 | T80: 0 | U80: 0 | V80: 0 | W80: 0 | X80: 0 | Y80: 40 | Z80: 40 | AA80: Prepay | AB80: Prepay | AC80: RafSy | AD80: RafSy | AE80: 0 | AF80: 0 | AG80: 1 | AH80: 1 | AI80: =W80+ Y80+D80+H80 -> 36 | AJ80: =X80+Z80+E80+I80 -> 36 | AK80: =IF(AI80=0,AJ80,0) -> 0 | AL80: =IF(AND(AI80>0,AJ80>AI80),AJ80-AI80,0) -> 0 | AM80: =IF(AI80=AJ80,AJ80,0) -> 36 | AN80: =IF(AJ80=0,AI80,0) -> 0 | AO80: =IF(AND(AJ80>0,AJ80<AI80),AI80-AJ80,0) -> 0 | AP80: US-Accounts Receivable | AQ80: 154920 | AR80: 0 | AS80: 0
A81: colonyroofing | B81: ExistingCustomerEOM | C81: ExistingCustomerEOM | D81: 0 | E81: 0 | F81: 0 | G81: 0 | H81: 0 | I81: 0 | K81: 0 | L81: 0 | M81: 3 | N81: 3 | O81: New | P81: New | Q81: 0 | R81: 0 | S81: 0 | T81: 0 | U81: 0 | V81: 0 | W81: 0 | X81: 0 | Y81: 322 | Z81: 322 | AA81: Monthly | AB81: Monthly | AC81: MikPa | AD81: MikPa | AE81: 0 | AF81: 0 | AG81: 7 | AH81: 7 | AI81: =W81+ Y81+D81+H81 -> 322 | AJ81: =X81+Z81+E81+I81 -> 322 | AK81: =IF(AI81=0,AJ81,0) -> 0 | AL81: =IF(AND(AI81>0,AJ81>AI81),AJ81-AI81,0) -> 0 | AM81: =IF(AI81=AJ81,AJ81,0) -> 322 | AN81: =IF(AJ81=0,AI81,0) -> 0 | AO81: =IF(AND(AJ81>0,AJ81<AI81),AI81-AJ81,0) -> 0 | AP81: US-Accounts Receivable | AQ81: 156444 | AR81: 0 | AS81: 0
A82: pioneersourcingsolutionsllc | B82: ExistingCustomerEOM | C82: ExistingCustomerEOM | D82: 0 | E82: 0 | F82: 0 | G82: 0 | H82: -3 | I82: -3 | K82: 275 | L82: -25 | M82: 1 | N82: 1 | O82: New | P82: New | Q82: 0 | R82: 0 | S82: 0 | T82: 0 | U82: 0 | V82: 0 | W82: 0 | X82: 0 | Y82: 28 | Z82: 28 | AA82: Prepay | AB82: Prepay | AC82: RafSy | AD82: RafSy | AE82: 0 | AF82: 0 | AG82: 1 | AH82: 1 | AI82: =W82+ Y82+D82+H82 -> 25 | AJ82: =X82+Z82+E82+I82 -> 25 | AK82: =IF(AI82=0,AJ82,0) -> 0 | AL82: =IF(AND(AI82>0,AJ82>AI82),AJ82-AI82,0) -> 0 | AM82: =IF(AI82=AJ82,AJ82,0) -> 25 | AN82: =IF(AJ82=0,AI82,0) -> 0 | AO82: =IF(AND(AJ82>0,AJ82<AI82),AI82-AJ82,0) -> 0 | AP82: US-Accounts Receivable | AQ82: 158737 | AR82: 0 | AS82: 0
A83: jdshouseoftrophies | B83: ExistingCustomerEOM | C83: ExistingCustomerEOM | D83: 0 | E83: 0 | F83: 0 | G83: 0 | H83: 0 | I83: 0 | K83: 0 | L83: 0 | M83: 3 | N83: 3 | O83: New | P83: New | Q83: 0 | R83: 0 | S83: 0 | T83: 0 | U83: 0 | V83: 0 | W83: 0 | X83: 0 | Y83: 196 | Z83: 196 | AA83: Monthly | AB83: Monthly | AC83: PhuPh | AD83: PhuPh | AE83: 0 | AF83: 0 | AG83: 4 | AH83: 4 | AI83: =W83+ Y83+D83+H83 -> 196 | AJ83: =X83+Z83+E83+I83 -> 196 | AK83: =IF(AI83=0,AJ83,0) -> 0 | AL83: =IF(AND(AI83>0,AJ83>AI83),AJ83-AI83,0) -> 0 | AM83: =IF(AI83=AJ83,AJ83,0) -> 196 | AN83: =IF(AJ83=0,AI83,0) -> 0 | AO83: =IF(AND(AJ83>0,AJ83<AI83),AI83-AJ83,0) -> 0 | AP83: US-Accounts Receivable | AQ83: 158724 | AR83: 0 | AS83: 0
A84: finelinecreativeartscenter | B84: ExistingCustomerEOM | C84: ExistingCustomerEOM | D84: 0 | E84: 0 | F84: 0 | G84: 0 | H84: -5.6 | I84: -5.6 | K84: 554.4 | L84: -50.4 | M84: 1 | N84: 1 | O84: New | P84: New | Q84: 0 | R84: 0 | S84: 0 | T84: 0 | U84: 0 | V84: 0 | W84: 0 | X84: 0 | Y84: 56 | Z84: 56 | AA84: Prepay | AB84: Prepay | AC84: RafSy | AD84: RafSy | AE84: 0 | AF84: 0 | AG84: 2 | AH84: 2 | AI84: =W84+ Y84+D84+H84 -> 50.4 | AJ84: =X84+Z84+E84+I84 -> 50.4 | AK84: =IF(AI84=0,AJ84,0) -> 0 | AL84: =IF(AND(AI84>0,AJ84>AI84),AJ84-AI84,0) -> 0 | AM84: =IF(AI84=AJ84,AJ84,0) -> 50.4 | AN84: =IF(AJ84=0,AI84,0) -> 0 | AO84: =IF(AND(AJ84>0,AJ84<AI84),AI84-AJ84,0) -> 0 | AP84: US-Accounts Receivable | AQ84: 158733 | AR84: 0 | AS84: 0
A85: casanapleshomewatch | B85: ExistingCustomerEOM | C85: ExistingCustomerEOM | D85: 0 | E85: 0 | F85: 0 | G85: 0 | H85: 0 | I85: 0 | K85: 0 | L85: 0 | M85: 1 | N85: 1 | O85: New | P85: New | Q85: 0 | R85: 0 | S85: 0 | T85: 0 | U85: 0 | V85: 0 | W85: 0 | X85: 0 | Y85: 28 | Z85: 28 | AA85: Monthly | AB85: Monthly | AC85: PhuPh | AD85: PhuPh | AE85: 0 | AF85: 0 | AG85: 1 | AH85: 1 | AI85: =W85+ Y85+D85+H85 -> 28 | AJ85: =X85+Z85+E85+I85 -> 28 | AK85: =IF(AI85=0,AJ85,0) -> 0 | AL85: =IF(AND(AI85>0,AJ85>AI85),AJ85-AI85,0) -> 0 | AM85: =IF(AI85=AJ85,AJ85,0) -> 28 | AN85: =IF(AJ85=0,AI85,0) -> 0 | AO85: =IF(AND(AJ85>0,AJ85<AI85),AI85-AJ85,0) -> 0 | AP85: US-Accounts Receivable | AQ85: 159752 | AR85: 0 | AS85: 0
A86: pghorticulturelimited | B86: ExistingCustomerEOM | C86: ExistingCustomerEOM | D86: 0 | E86: 0 | F86: 0 | G86: 0 | H86: -24.8 | I86: -27.6 | K86: -223.2 | L86: -248.4 | M86: 4 | N86: 4 | O86: New | P86: New | Q86: 0 | R86: 0 | S86: 0 | T86: 0 | U86: 0 | V86: 0 | W86: 0 | X86: 0 | Y86: 248 | Z86: 276 | AA86: Prepay | AB86: Prepay | AC86: ShaLi | AD86: ShaLi | AE86: 0 | AF86: 0 | AG86: 5 | AH86: 6 | AI86: =W86+ Y86+D86+H86 -> 223.2 | AJ86: =X86+Z86+E86+I86 -> 248.4 | AK86: =IF(AI86=0,AJ86,0) -> 0 | AL86: =IF(AND(AI86>0,AJ86>AI86),AJ86-AI86,0) -> 25.2 | AM86: =IF(AI86=AJ86,AJ86,0) -> 0 | AN86: =IF(AJ86=0,AI86,0) -> 0 | AO86: =IF(AND(AJ86>0,AJ86<AI86),AI86-AJ86,0) -> 0 | AP86: US-Accounts Receivable | AQ86: 159868 | AR86: 0 | AS86: 0
... A105: outlookfilm3 | B105: ExistingCustomerEOM | C105: ExistingCustomerEOM | D105: 0 | E105: 0 | F105: 0 | G105: 0 | H105: -59.25 | I105: -67 | K105: -177.75 | L105: -201 | M105: 4 | N105: 4 | O105: New | P105: New | Q105: 0 | R105: 0 | S105: 0 | T105: 0 | U105: 0 | V105: 0 | W105: 0 | X105: 0 | Y105: 562 | Z105: 593 | AA105: Prepay | AB105: Prepay | AC105: ShaLi | AD105: ShaLi | AE105: 0 | AF105: 0 | AG105: 6 | AH105: 6 | AI105: =W105+ Y105+D105+H105 -> 502.75 | AJ105: =X105+Z105+E105+I105 -> 526 | AK105: =IF(AI105=0,AJ105,0) -> 0 | AL105: =IF(AND(AI105>0,AJ105>AI105),AJ105-AI105,0) -> 23.25 | AM105: =IF(AI105=AJ105,AJ105,0) -> 0 | AN105: =IF(AJ105=0,AI105,0) -> 0 | AO105: =IF(AND(AJ105>0,AJ105<AI105),AI105-AJ105,0) -> 0 | AP105: CAN-Accounts Receivable | AQ105: 181501 | AR105: 0 | AS105: 0
A106: waterwaysrestoration | B106: ExistingCustChurn | C106: ExistingCustChurn | D106: 0 | E106: 0 | F106: 0 | G106: 0 | H106: 0 | I106: 0 | K106: 0 | L106: 0 | M106: 3 | N106: 0 | O106: New | P106: unknown | Q106: 0 | R106: 0 | S106: 0 | T106: 0 | U106: 0 | V106: 52 | W106: 0 | X106: 0 | Y106: 52 | Z106: 0 | AA106: Monthly | AC106: ChWon | AE106: 0 | AF106: 0 | AG106: 1 | AH106: 0 | AI106: =W106+ Y106+D106+H106 -> 52 | AJ106: =X106+Z106+E106+I106 -> 0 | AK106: =IF(AI106=0,AJ106,0) -> 0 | AL106: =IF(AND(AI106>0,AJ106>AI106),AJ106-AI106,0) -> 0 | AM106: =IF(AI106=AJ106,AJ106,0) -> 0 | AN106: =IF(AJ106=0,AI106,0) -> 52 | AO106: =IF(AND(AJ106>0,AJ106<AI106),AI106-AJ106,0) -> 0 | AP106: US-Accounts Receivable | AQ106: 181431 | AR106: 0 | AS106: 0
A107: fullcitysupply3 | B107: ExistingCustomerEOM | C107: ExistingCustomerEOM | D107: 0 | E107: 0 | F107: 0 | G107: 0 | H107: 0 | I107: 0 | K107: 0 | L107: 0 | M107: 4 | N107: 3 | O107: New | P107: New | Q107: 0 | R107: 0 | S107: 0 | T107: 0 | U107: 0 | V107: 0 | W107: 0 | X107: 0 | Y107: 153 | Z107: 144 | AA107: Monthly | AB107: Monthly | AC107: ChWon | AD107: RafSy | AE107: 0 | AF107: 0 | AG107: 3 | AH107: 3 | AI107: =W107+ Y107+D107+H107 -> 153 | AJ107: =X107+Z107+E107+I107 -> 144 | AK107: =IF(AI107=0,AJ107,0) -> 0 | AL107: =IF(AND(AI107>0,AJ107>AI107),AJ107-AI107,0) -> 0 | AM107: =IF(AI107=AJ107,AJ107,0) -> 0 | AN107: =IF(AJ107=0,AI107,0) -> 0 | AO107: =IF(AND(AJ107>0,AJ107<AI107),AI107-AJ107,0) -> 9 | AP107: CAN-Accounts Receivable | AQ107: 181424 | AR107: 0 | AS107: 0
A108: gaylordhardwood | B108: ExistingCustomerEOM | C108: ExistingCustomerEOM | D108: 0 | E108: 0 | F108: 0 | G108: -46.5 | H108: 0 | I108: 0 | K108: 0 | L108: 0 | M108: 4 | N108: 4 | O108: New | P108: unknown | Q108: 0 | R108: 0 | S108: 0 | T108: 465 | U108: 0 | V108: 0 | W108: 0 | X108: 0 | Y108: 524 | Z108: 524 | AA108: Monthly | AB108: Monthly | AC108: PhuPh | AD108: PhuPh | AE108: 0 | AF108: 0 | AG108: 4 | AH108: 4 | AI108: =W108+ Y108+D108+H108 -> 524 | AJ108: =X108+Z108+E108+I108 -> 524 | AK108: =IF(AI108=0,AJ108,0) -> 0 | AL108: =IF(AND(AI108>0,AJ108>AI108),AJ108-AI108,0) -> 0 | AM108: =IF(AI108=AJ108,AJ108,0) -> 524 | AN108: =IF(AJ108=0,AI108,0) -> 0 | AO108: =IF(AND(AJ108>0,AJ108<AI108),AI108-AJ108,0) -> 0 | AP108: CAN-Accounts Receivable | AQ108: 181455 | AR108: 0 | AS108: 0
A109: propercarehomeservices | B109: ExistingCustomerEOM | C109: ExistingCustomerEOM | D109: 0 | E109: 0 | F109: 0 | G109: 0 | H109: 0 | I109: 0 | K109: 0 | L109: 0 | M109: 1 | N109: 1 | O109: New | P109: New | Q109: 0 | R109: 0 | S109: 0 | T109: 0 | U109: 0 | V109: 0 | W109: 0 | X109: 0 | Y109: 28 | Z109: 28 | AA109: Monthly | AB109: Monthly | AC109: PhuPh | AD109: PhuPh | AE109: 0 | AF109: 0 | AG109: 1 | AH109: 1 | AI109: =W109+ Y109+D109+H109 -> 28 | AJ109: =X109+Z109+E109+I109 -> 28 | AK109: =IF(AI109=0,AJ109,0) -> 0 | AL109: =IF(AND(AI109>0,AJ109>AI109),AJ109-AI109,0) -> 0 | AM109: =IF(AI109=AJ109,AJ109,0) -> 28 | AN109: =IF(AJ109=0,AI109,0) -> 0 | AO109: =IF(AND(AJ109>0,AJ109<AI109),AI109-AJ109,0) -> 0 | AP109: US-Accounts Receivable | AQ109: 186469 | AR109: 0 | AS109: 0
A110: memiairellc | B110: ExistingCustomerEOM | C110: ExistingCustomerEOM | D110: 0 | E110: 0 | F110: -31 | G110: 0 | H110: -33.5 | I110: -33.5 | K110: -100.5 | L110: -100.5 | M110: 5 | N110: 5 | O110: unknown | P110: New | Q110: 0 | R110: 0 | S110: 310 | T110: 0 | U110: 0 | V110: 0 | W110: 0 | X110: 0 | Y110: 459 | Z110: 459 | AA110: Prepay | AB110: Prepay | AC110: ShaLi | AD110: ShaLi | AE110: 0 | AF110: 0 | AG110: 2 | AH110: 2 | AI110: =W110+ Y110+D110+H110 -> 425.5 | AJ110: =X110+Z110+E110+I110 -> 425.5 | AK110: =IF(AI110=0,AJ110,0) -> 0 | AL110: =IF(AND(AI110>0,AJ110>AI110),AJ110-AI110,0) -> 0 | AM110: =IF(AI110=AJ110,AJ110,0) -> 425.5 | AN110: =IF(AJ110=0,AI110,0) -> 0 | AO110: =IF(AND(AJ110>0,AJ110<AI110),AI110-AJ110,0) -> 0 | AP110: US-Accounts Receivable | AQ110: 186442 | AR110: 0 | AS110: 0
A111: partontreeservicesllc | B111: ExistingCustomerEOM | C111: ExistingCustomerEOM | D111: 0 | E111: 0 | F111: 0 | G111: 0 | H111: -5 | I111: -5 | K111: -44 | L111: -44 | M111: 3 | N111: 3 | O111: New | P111: New | Q111: 0 | R111: 0 | S111: 0 | T111: 0 | U111: 0 | V111: 0 | W111: 0 | X111: 0 | Y111: 49 | Z111: 49 | AA111: Prepay | AB111: Prepay | AC111: ChWon | AD111: SukSa | AE111: 0 | AF111: 0 | AG111: 1 | AH111: 1 | AI111: =W111+ Y111+D111+H111 -> 44 | AJ111: =X111+Z111+E111+I111 -> 44 | AK111: =IF(AI111=0,AJ111,0) -> 0 | AL111: =IF(AND(AI111>0,AJ111>AI111),AJ111-AI111,0) -> 0 | AM111: =IF(AI111=AJ111,AJ111,0) -> 44 | AN111: =IF(AJ111=0,AI111,0) -> 0 | AO111: =IF(AND(AJ111>0,AJ111<AI111),AI111-AJ111,0) -> 0 | AP111: US-Accounts Receivable | AQ111: 186462 | AR111: 0 | AS111: 0
A112: rockymountainstickerco | B112: ExistingCustomerEOM | C112: ExistingCustomerEOM | D112: 0 | E112: 0 | F112: 0 | G112: 0 | H112: 0 | I112: 0 | K112: 0 | L112: 0 | M112: 3 | N112: 3 | O112: New | P112: New | Q112: 0 | R112: 0 | S112: 0 | T112: 0 | U112: 0 | V112: 0 | W112: 0 | X112: 0 | Y112: 52 | Z112: 52 | AA112: Monthly | AB112: Monthly | AC112: ChWon | AD112: RafSy | AE112: 0 | AF112: 0 | AG112: 1 | AH112: 1 | AI112: =W112+ Y112+D112+H112 -> 52 | AJ112: =X112+Z112+E112+I112 -> 52 | AK112: =IF(AI112=0,AJ112,0) -> 0 | AL112: =IF(AND(AI112>0,AJ112>AI112),AJ112-AI112,0) -> 0 | AM112: =IF(AI112=AJ112,AJ112,0) -> 52 | AN112: =IF(AJ112=0,AI112,0) -> 0 | AO112: =IF(AND(AJ112>0,AJ112<AI112),AI112-AJ112,0) -> 0 | AP112: US-Accounts Receivable | AQ112: 186450 | AR112: 0 | AS112: 0
A113: heartlandforestconsultingllc | B113: ExistingCustomerEOM | C113: ExistingCustomerEOM | D113: 0 | E113: 0 | F113: 0 | G113: 0 | H113: 0 | I113: 0 | K113: 0 | L113: 0 | M113: 3 | N113: 3 | O113: New | P113: New | Q113: 0 | R113: 0 | S113: 0 | T113: 0 | U113: 0 | V113: 0 | W113: 0 | X113: 0 | Y113: 423 | Z113: 423 | AA113: Monthly | AB113: Monthly | AC113: HaPat | AD113: HaPat | AE113: 0 | AF113: 0 | AG113: 2 | AH113: 2 | AI113: =W113+ Y113+D113+H113 -> 423 | AJ113: =X113+Z113+E113+I113 -> 423 | AK113: =IF(AI113=0,AJ113,0) -> 0 | AL113: =IF(AND(AI113>0,AJ113>AI113),AJ113-AI113,0) -> 0 | AM113: =IF(AI113=AJ113,AJ113,0) -> 423 | AN113: =IF(AJ113=0,AI113,0) -> 0 | AO113: =IF(AND(AJ113>0,AJ113<AI113),AI113-AJ113,0) -> 0 | AP113: US-Accounts Receivable | AQ113: 187075 | AR113: 0 | AS113: 0
A114: webcoteindustries2 | B114: ExistingCustomerEOM | C114: ExistingCustomerEOM | D114: 0 | E114: 0 | F114: 0 | G114: 0 | H114: 0 | I114: 0 | K114: 0 | L114: 0 | M114: 4 | N114: 4 | O114: New | P114: New | Q114: 0 | R114: 0 | S114: 0 | T114: 0 | U114: 0 | V114: 0 | W114: 0 | X114: 0 | Y114: 220 | Z114: 220 | AA114: Monthly | AB114: Monthly | AC114: PhuPh | AD114: PhuPh | AE114: 0 | AF114: 0 | AG114: 4 | AH114: 4 | AI114: =W114+ Y114+D114+H114 -> 220 | AJ114: =X114+Z114+E114+I114 -> 220 | AK114: =IF(AI114=0,AJ114,0) -> 0 | AL114: =IF(AND(AI114>0,AJ114>AI114),AJ114-AI114,0) -> 0 | AM114: =IF(AI114=AJ114,AJ114,0) -> 220 | AN114: =IF(AJ114=0,AI114,0) -> 0 | AO114: =IF(AND(AJ114>0,AJ114<AI114),AI114-AJ114,0) -> 0 | AP114: US-Accounts Receivable | AQ114: 189282 | AR114: 0 | AS114: 0
A115: internationalstairproductsinc | B115: ExistingCustomerEOM | C115: ExistingCustomerEOM | D115: 0 | E115: 0 | F115: 0 | G115: 0 | H115: 0 | I115: 0 | K115: 0 | L115: 0 | M115: 4 | N115: 4 | O115: New | P115: New | Q115: 0 | R115: 0 | S115: 0 | T115: 0 | U115: 0 | V115: 0 | W115: 0 | X115: 0 | Y115: 79 | Z115: 79 | AA115: Monthly | AB115: Monthly | AC115: ChWon | AD115: SukSa | AE115: 0 | AF115: 0 | AG115: 2 | AH115: 2 | AI115: =W115+ Y115+D115+H115 -> 79 | AJ115: =X115+Z115+E115+I115 -> 79 | AK115: =IF(AI115=0,AJ115,0) -> 0 | AL115: =IF(AND(AI115>0,AJ115>AI115),AJ115-AI115,0) -> 0 | AM115: =IF(AI115=AJ115,AJ115,0) -> 79 | AN115: =IF(AJ115=0,AI115,0) -> 0 | AO115: =IF(AND(AJ115>0,AJ115<AI115),AI115-AJ115,0) -> 0 | AP115: US-Accounts Receivable | AQ115: 189272 | AR115: 0 | AS115: 0
A116: r365itservicesinc2 | B116: ExistingCustomerEOM | C116: ExistingCustomerEOM | D116: 0 | E116: 0 | F116: 0 | G116: 0 | H116: -19.75 | I116: -19.75 | K116: -59.25 | L116: -59.25 | M116: 4 | N116: 4 | O116: New | P116: New | Q116: 0 | R116: 0 | S116: 0 | T116: 0 | U116: 0 | V116: 0 | W116: 0 | X116: 0 | Y116: 79 | Z116: 79 | AA116: Prepay | AB116: Prepay | AC116: ChWon | AD116: SukSa | AE116: 0 | AF116: 0 | AG116: 2 | AH116: 2 | AI116: =W116+ Y116+D116+H116 -> 59.25 | AJ116: =X116+Z116+E116+I116 -> 59.25 | AK116: =IF(AI116=0,AJ116,0) -> 0 | AL116: =IF(AND(AI116>0,AJ116>AI116),AJ116-AI116,0) -> 0 | AM116: =IF(AI116=AJ116,AJ116,0) -> 59.25 | AN116: =IF(AJ116=0,AI116,0) -> 0 | AO116: =IF(AND(AJ116>0,AJ116<AI116),AI116-AJ116,0) -> 0 | AP116: CAN-Accounts Receivable | AQ116: 189521 | AR116: 0 | AS116: 0
A117: wedgwoodgardencenterinc | B117: ExistingCustomerEOM | C117: ExistingCustomerEOM | D117: 0 | E117: 0 | F117: 0 | G117: 0 | H117: 0 | I117: 0 | K117: 0 | L117: 0 | M117: 4 | N117: 4 | O117: New | P117: New | Q117: 0 | R117: 0 | S117: 0 | T117: 0 | U117: 0 | V117: 0 | W117: 0 | X117: 0 | Y117: 61 | Z117: 61 | AA117: Monthly | AB117: Monthly | AC117: ChWon | AD117: RafSy | AE117: 0 | AF117: 0 | AG117: 1 | AH117: 1 | AI117: =W117+ Y117+D117+H117 -> 61 | AJ117: =X117+Z117+E117+I117 -> 61 | AK117: =IF(AI117=0,AJ117,0) -> 0 | AL117: =IF(AND(AI117>0,AJ117>AI117),AJ117-AI117,0) -> 0 | AM117: =IF(AI117=AJ117,AJ117,0) -> 61 | AN117: =IF(AJ117=0,AI117,0) -> 0 | AO117: =IF(AND(AJ117>0,AJ117<AI117),AI117-AJ117,0) -> 0 | AP117: US-Accounts Receivable | AQ117: 190520 | AR117: 0 | AS117: 0
A118: threespringsministriesinc | B118: ExistingCustomerEOM | C118: ExistingCustomerEOM | D118: 0 | E118: 0 | F118: 0 | G118: 0 | H118: -30.5 | I118: -30.5 | K118: -91.5 | L118: -91.5 | M118: 4 | N118: 4 | O118: New | P118: New | Q118: 0 | R118: 0 | S118: 0 | T118: 0 | U118: 0 | V118: 0 | W118: 0 | X118: 0 | Y118: 122 | Z118: 122 | AA118: Prepay | AB118: Prepay | AC118: ChWon | AD118: SukSa | AE118: 0 | AF118: 0 | AG118: 2 | AH118: 2 | AI118: =W118+ Y118+D118+H118 -> 91.5 | AJ118: =X118+Z118+E118+I118 -> 91.5 | AK118: =IF(AI118=0,AJ118,0) -> 0 | AL118: =IF(AND(AI118>0,AJ118>AI118),AJ118-AI118,0) -> 0 | AM118: =IF(AI118=AJ118,AJ118,0) -> 91.5 | AN118: =IF(AJ118=0,AI118,0) -> 0 | AO118: =IF(AND(AJ118>0,AJ118<AI118),AI118-AJ118,0) -> 0 | AP118: US-Accounts Receivable | AQ118: 190514 | AR118: 0 | AS118: 0
... A236: pifinance | B236: NewCustomerEOM | C236: ExistingCustomerEOM | D236: 0 | E236: 0 | F236: 0 | G236: 0 | H236: 0 | I236: 0 | K236: 0 | L236: 0 | M236: 1 | N236: 1 | O236: New | P236: New | Q236: 0 | R236: 0 | S236: 0 | T236: 0 | U236: 0 | V236: 0 | W236: 0 | X236: 0 | Y236: 112 | Z236: 28 | AA236: Monthly | AB236: Monthly | AC236: ChWon | AD236: KayKa | AE236: 0 | AF236: 0 | AG236: 2 | AH236: 1 | AI236: =W236+ Y236+D236+H236 -> 112 | AJ236: =X236+Z236+E236+I236 -> 28 | AK236: =IF(AI236=0,AJ236,0) -> 0 | AL236: =IF(AND(AI236>0,AJ236>AI236),AJ236-AI236,0) -> 0 | AM236: =IF(AI236=AJ236,AJ236,0) -> 0 | AN236: =IF(AJ236=0,AI236,0) -> 0 | AO236: =IF(AND(AJ236>0,AJ236<AI236),AI236-AJ236,0) -> 84 | AP236: CAN-Accounts Receivable | AQ236: 199114 | AR236: 0 | AS236: 0
A237: marcospecialtysteel2 | B237: ExistingCustChurn | D237: 0 | E237: 0 | F237: 0 | G237: 0 | H237: 0 | I237: 0 | K237: -4022 | L237: 0 | M237: 0 | N237: 0 | O237: New | Q237: 0 | R237: 0 | S237: 0 | T237: 0 | U237: 0 | V237: 0 | W237: 0 | X237: 0 | Y237: 4022 | Z237: 0 | AA237: Prepay | AC237: NelDe | AE237: 0 | AF237: 0 | AG237: 0 | AH237: 0 | AI237: =W237+ Y237+D237+H237 -> 4022 | AJ237: =X237+Z237+E237+I237 -> 0 | AK237: =IF(AI237=0,AJ237,0) -> 0 | AL237: =IF(AND(AI237>0,AJ237>AI237),AJ237-AI237,0) -> 0 | AM237: =IF(AI237=AJ237,AJ237,0) -> 0 | AN237: =IF(AJ237=0,AI237,0) -> 4022 | AO237: =IF(AND(AJ237>0,AJ237<AI237),AI237-AJ237,0) -> 0 | AP237: US-Accounts Receivable | AQ237: 6442 | AR237: 4022 | AS237: 0
A238: mitchellelectronics | B238: ExistingCustChurn | D238: 0 | E238: 0 | F238: 0 | G238: 0 | H238: 0 | I238: 0 | K238: -4260 | L238: 0 | M238: 0 | N238: 0 | O238: New | Q238: 0 | R238: 0 | S238: 0 | T238: 0 | U238: 0 | V238: 0 | W238: 0 | X238: 0 | Y238: 4260 | Z238: 0 | AA238: Prepay | AC238: NelDe | AE238: 0 | AF238: 0 | AG238: 0 | AH238: 0 | AI238: =W238+ Y238+D238+H238 -> 4260 | AJ238: =X238+Z238+E238+I238 -> 0 | AK238: =IF(AI238=0,AJ238,0) -> 0 | AL238: =IF(AND(AI238>0,AJ238>AI238),AJ238-AI238,0) -> 0 | AM238: =IF(AI238=AJ238,AJ238,0) -> 0 | AN238: =IF(AJ238=0,AI238,0) -> 4260 | AO238: =IF(AND(AJ238>0,AJ238<AI238),AI238-AJ238,0) -> 0 | AP238: US-Accounts Receivable | AQ238: 77377 | AR238: 4260 | AS238: 0
A239: unimotionusa | B239: ExistingCustChurn | D239: 0 | E239: 0 | F239: 0 | G239: 0 | H239: 0 | I239: 0 | K239: -1152 | L239: 0 | M239: 0 | N239: 0 | O239: New | Q239: 0 | R239: 0 | S239: 0 | T239: 0 | U239: 0 | V239: 0 | W239: 0 | X239: 0 | Y239: 1152 | Z239: 0 | AA239: Prepay | AC239: NelDe | AE239: 0 | AF239: 0 | AG239: 0 | AH239: 0 | AI239: =W239+ Y239+D239+H239 -> 1152 | AJ239: =X239+Z239+E239+I239 -> 0 | AK239: =IF(AI239=0,AJ239,0) -> 0 | AL239: =IF(AND(AI239>0,AJ239>AI239),AJ239-AI239,0) -> 0 | AM239: =IF(AI239=AJ239,AJ239,0) -> 0 | AN239: =IF(AJ239=0,AI239,0) -> 1152 | AO239: =IF(AND(AJ239>0,AJ239<AI239),AI239-AJ239,0) -> 0 | AP239: US-Accounts Receivable | AQ239: 139867 | AR239: 1152 | AS239: 0
A240: domhp1 | B240: ExistingCustChurn | D240: 0 | E240: 0 | F240: 0 | G240: 0 | H240: 0 | I240: 0 | K240: -500 | L240: 0 | M240: 0 | N240: 0 | O240: New | Q240: 0 | R240: 0 | S240: 0 | T240: 0 | U240: 0 | V240: 0 | W240: 0 | X240: 0 | Y240: 500 | Z240: 0 | AA240: Prepay | AC240: NelDe | AE240: 0 | AF240: 0 | AG240: 0 | AH240: 0 | AI240: =W240+ Y240+D240+H240 -> 500 | AJ240: =X240+Z240+E240+I240 -> 0 | AK240: =IF(AI240=0,AJ240,0) -> 0 | AL240: =IF(AND(AI240>0,AJ240>AI240),AJ240-AI240,0) -> 0 | AM240: =IF(AI240=AJ240,AJ240,0) -> 0 | AN240: =IF(AJ240=0,AI240,0) -> 500 | AO240: =IF(AND(AJ240>0,AJ240<AI240),AI240-AJ240,0) -> 0 | AP240: US-Accounts Receivable | AQ240: 73552 | AR240: 500 | AS240: 0
A241: docwalks4animalsorginc | B241: ExistingCustChurn | D241: 0 | E241: 0 | F241: 0 | G241: 0 | H241: 0 | I241: 0 | K241: -420 | L241: 0 | M241: 0 | N241: 0 | O241: New | Q241: 0 | R241: 0 | S241: 0 | T241: 0 | U241: 0 | V241: 0 | W241: 0 | X241: 0 | Y241: 420 | Z241: 0 | AA241: Prepay | AC241: NelDe | AE241: 0 | AF241: 0 | AG241: 0 | AH241: 0 | AI241: =W241+ Y241+D241+H241 -> 420 | AJ241: =X241+Z241+E241+I241 -> 0 | AK241: =IF(AI241=0,AJ241,0) -> 0 | AL241: =IF(AND(AI241>0,AJ241>AI241),AJ241-AI241,0) -> 0 | AM241: =IF(AI241=AJ241,AJ241,0) -> 0 | AN241: =IF(AJ241=0,AI241,0) -> 420 | AO241: =IF(AND(AJ241>0,AJ241<AI241),AI241-AJ241,0) -> 0 | AP241: US-Accounts Receivable | AQ241: 139335 | AR241: 420 | AS241: 0
A242: upcarepartnersandassociates | B242: ExistingCustomerEOM | C242: ExistingCustomerEOM | D242: 0 | E242: 0 | F242: -155 | G242: 0 | H242: 0 | I242: 0 | K242: 0 | L242: 0 | M242: 3 | N242: 3 | O242: New | P242: New | Q242: 0 | R242: 0 | S242: 155 | T242: 0 | U242: 0 | V242: 0 | W242: 0 | X242: 0 | Y242: 294 | Z242: 294 | AA242: Monthly | AB242: Monthly | AC242: ShaLi | AD242: ShaLi | AE242: 0 | AF242: 0 | AG242: 6 | AH242: 6 | AI242: =W242+ Y242+D242+H242 -> 294 | AJ242: =X242+Z242+E242+I242 -> 294 | AK242: =IF(AI242=0,AJ242,0) -> 0 | AL242: =IF(AND(AI242>0,AJ242>AI242),AJ242-AI242,0) -> 0 | AM242: =IF(AI242=AJ242,AJ242,0) -> 294 | AN242: =IF(AJ242=0,AI242,0) -> 0 | AO242: =IF(AND(AJ242>0,AJ242<AI242),AI242-AJ242,0) -> 0 | AP242: CAN-Accounts Receivable | AQ242: 132907 | AR242: 0 | AS242: 0
A243: cappadociarugsllc | B243: ExistingCustomerEOM | C243: ExistingCustomerEOM | D243: 0 | E243: 0 | F243: 0 | G243: 0 | H243: 0 | I243: 0 | K243: 0 | L243: 0 | M243: 0 | N243: 2 | O243: unknown | P243: New | Q243: 0 | R243: 0 | S243: 145 | T243: 0 | U243: 0 | V243: 0 | W243: 0 | X243: 0 | Y243: 0 | Z243: 280 | AB243: Monthly | AD243: PhuPh | AE243: 0 | AF243: 0 | AG243: 0 | AH243: 7 | AI243: =W243+ Y243+D243+H243 -> 0 | AJ243: =X243+Z243+E243+I243 -> 280 | AK243: =IF(AI243=0,AJ243,0) -> 280 | AL243: =IF(AND(AI243>0,AJ243>AI243),AJ243-AI243,0) -> 0 | AM243: =IF(AI243=AJ243,AJ243,0) -> 0 | AN243: =IF(AJ243=0,AI243,0) -> 0 | AO243: =IF(AND(AJ243>0,AJ243<AI243),AI243-AJ243,0) -> 0 | AP243: US-Accounts Receivable | AQ243: 154985 | AR243: 0 | AS243: 0
A244: tarheelgeneratorservices | B244: ExistingCustomerEOM | C244: ExistingCustomerEOM | D244: 0 | E244: 0 | F244: -155 | G244: 0 | H244: 0 | I244: 0 | K244: 0 | L244: 0 | M244: 3 | N244: 3 | O244: New | P244: New | Q244: 0 | R244: 0 | S244: 155 | T244: 0 | U244: 0 | V244: 0 | W244: 0 | X244: 0 | Y244: 95 | Z244: 95 | AA244: Monthly | AB244: Monthly | AC244: ChWon | AD244: JaiPa | AE244: 0 | AF244: 0 | AG244: 3 | AH244: 3 | AI244: =W244+ Y244+D244+H244 -> 95 | AJ244: =X244+Z244+E244+I244 -> 95 | AK244: =IF(AI244=0,AJ244,0) -> 0 | AL244: =IF(AND(AI244>0,AJ244>AI244),AJ244-AI244,0) -> 0 | AM244: =IF(AI244=AJ244,AJ244,0) -> 95 | AN244: =IF(AJ244=0,AI244,0) -> 0 | AO244: =IF(AND(AJ244>0,AJ244<AI244),AI244-AJ244,0) -> 0 | AP244: US-Accounts Receivable | AQ244: 194225 | AR244: 0 | AS244: 0
A245: mosiermccann | B245: TrialerCancelled | D245: 0 | E245: 0 | F245: -155 | G245: 0 | H245: 0 | I245: 0 | K245: 0 | L245: 0 | M245: 0 | N245: 0 | O245: unknown | Q245: 0 | R245: 0 | S245: 155 | T245: 0 | U245: 0 | V245: 0 | W245: 0 | X245: 0 | Y245: 0 | Z245: 0 | AE245: 0 | AF245: 0 | AG245: 0 | AH245: 0 | AI245: =W245+ Y245+D245+H245 -> 0 | AJ245: =X245+Z245+E245+I245 -> 0 | AK245: =IF(AI245=0,AJ245,0) -> 0 | AL245: =IF(AND(AI245>0,AJ245>AI245),AJ245-AI245,0) -> 0 | AM245: =IF(AI245=AJ245,AJ245,0) -> 0 | AN245: =IF(AJ245=0,AI245,0) -> 0 | AO245: =IF(AND(AJ245>0,AJ245<AI245),AI245-AJ245,0) -> 0 | AP245: US-Accounts Receivable | AQ245: 197239 | AR245: 0 | AS245: 0
A246: sedationresource2 | B246: ExistingCustomerEOM | C246: ExistingCustomerEOM | D246: 0 | E246: 0 | F246: -31 | G246: 0 | H246: -88 | I246: -88 | K246: -264 | L246: -264 | M246: 4 | N246: 4 | O246: New | P246: New | Q246: 0 | R246: 0 | S246: 310 | T246: 0 | U246: 0 | V246: 0 | W246: 0 | X246: 0 | Y246: 677 | Z246: 677 | AA246: Prepay | AB246: Prepay | AC246: ShaLi | AD246: ShaLi | AE246: 0 | AF246: 0 | AG246: 7 | AH246: 7 | AI246: =W246+ Y246+D246+H246 -> 589 | AJ246: =X246+Z246+E246+I246 -> 589 | AK246: =IF(AI246=0,AJ246,0) -> 0 | AL246: =IF(AND(AI246>0,AJ246>AI246),AJ246-AI246,0) -> 0 | AM246: =IF(AI246=AJ246,AJ246,0) -> 589 | AN246: =IF(AJ246=0,AI246,0) -> 0 | AO246: =IF(AND(AJ246>0,AJ246<AI246),AI246-AJ246,0) -> 0 | AP246: US-Accounts Receivable | AQ246: 109003 | AR246: 0 | AS246: 0
A247: modcribs2 | B247: ExistingCustomerEOM | C247: ExistingCustomerEOM | D247: 0 | E247: 0 | F247: -77.5 | G247: 0 | H247: 0 | I247: 0 | K247: 0 | L247: 0 | M247: 3 | N247: 3 | O247: unknown | P247: New | Q247: -77.5 | R247: -155 | S247: 852.5 | T247: 155 | U247: 0 | V247: 0 | W247: 0 | X247: 0 | Y247: 521 | Z247: 521 | AA247: Monthly | AB247: Monthly | AC247: ShaLi | AD247: ShaLi | AE247: 0 | AF247: 0 | AG247: 4 | AH247: 4 | AI247: =W247+ Y247+D247+H247 -> 521 | AJ247: =X247+Z247+E247+I247 -> 521 | AK247: =IF(AI247=0,AJ247,0) -> 0 | AL247: =IF(AND(AI247>0,AJ247>AI247),AJ247-AI247,0) -> 0 | AM247: =IF(AI247=AJ247,AJ247,0) -> 521 | AN247: =IF(AJ247=0,AI247,0) -> 0 | AO247: =IF(AND(AJ247>0,AJ247<AI247),AI247-AJ247,0) -> 0 | AP247: US-Accounts Receivable | AQ247: 152239 | AR247: 0 | AS247: 0
A248: southgateprocessequipmentinc | B248: ExistingCustomerEOM | C248: ExistingCustomerEOM | D248: 0 | E248: 0 | F248: -31 | G248: 0 | H248: -67.25 | I248: -67.25 | K248: -201.75 | L248: -201.75 | M248: 4 | N248: 4 | O248: New | P248: New | Q248: 0 | R248: 0 | S248: 310 | T248: 0 | U248: 0 | V248: 0 | W248: 0 | X248: 0 | Y248: 594 | Z248: 594 | AA248: Prepay | AB248: Prepay | AC248: PhuPh | AD248: PhuPh | AE248: 0 | AF248: 0 | AG248: 5 | AH248: 5 | AI248: =W248+ Y248+D248+H248 -> 526.75 | AJ248: =X248+Z248+E248+I248 -> 526.75 | AK248: =IF(AI248=0,AJ248,0) -> 0 | AL248: =IF(AND(AI248>0,AJ248>AI248),AJ248-AI248,0) -> 0 | AM248: =IF(AI248=AJ248,AJ248,0) -> 526.75 | AN248: =IF(AJ248=0,AI248,0) -> 0 | AO248: =IF(AND(AJ248>0,AJ248<AI248),AI248-AJ248,0) -> 0 | AP248: US-Accounts Receivable | AQ248: 177139 | AR248: 0 | AS248: 0
A249: sacredstudiosinc | B249: ExistingCustomerEOM | C249: ExistingCustomerEOM | D249: 0 | E249: 0 | F249: -186 | G249: 0 | H249: -97.5 | I249: -112.25 | K249: -292.5 | L249: -336.75 | M249: 5 | N249: 4 | O249: New | P249: New | Q249: 0 | R249: 0 | S249: 1860 | T249: 0 | U249: 0 | V249: 0 | W249: 0 | X249: 0 | Y249: 715 | Z249: 774 | AA249: Prepay | AB249: Prepay | AC249: ShaLi | AD249: ShaLi | AE249: 0 | AF249: 0 | AG249: 9 | AH249: 11 | AI249: =W249+ Y249+D249+H249 -> 617.5 | AJ249: =X249+Z249+E249+I249 -> 661.75 | AK249: =IF(AI249=0,AJ249,0) -> 0 | AL249: =IF(AND(AI249>0,AJ249>AI249),AJ249-AI249,0) -> 44.25 | AM249: =IF(AI249=AJ249,AJ249,0) -> 0 | AN249: =IF(AJ249=0,AI249,0) -> 0 | AO249: =IF(AND(AJ249>0,AJ249<AI249),AI249-AJ249,0) -> 0 | AP249: US-Accounts Receivable | AQ249: 190386 | AR249: 0 | AS249: 0
A250: bookpage2 | B250: ExistingCustomerEOM | C250: ExistingCustomerEOM | D250: 0 | E250: 0 | F250: -93 | G250: -93 | H250: -61.75 | I250: -61.75 | K250: -185.25 | L250: -185.25 | M250: 5 | N250: 5 | O250: New | P250: New | Q250: 0 | R250: 0 | S250: 930 | T250: 930 | U250: 0 | V250: 0 | W250: 0 | X250: 0 | Y250: 572 | Z250: 572 | AA250: Prepay | AB250: Prepay | AC250: HaPat | AD250: HaPat | AE250: 0 | AF250: 0 | AG250: 4 | AH250: 4 | AI250: =W250+ Y250+D250+H250 -> 510.25 | AJ250: =X250+Z250+E250+I250 -> 510.25 | AK250: =IF(AI250=0,AJ250,0) -> 0 | AL250: =IF(AND(AI250>0,AJ250>AI250),AJ250-AI250,0) -> 0 | AM250: =IF(AI250=AJ250,AJ250,0) -> 510.25 | AN250: =IF(AJ250=0,AI250,0) -> 0 | AO250: =IF(AND(AJ250>0,AJ250<AI250),AI250-AJ250,0) -> 0 | AP250: US-Accounts Receivable | AQ250: 178254 | AR250: 0 | AS250: 0
A251: gtsimulators | B251: ExistingCustomerEOM | C251: ExistingCustomerEOM | D251: 0 | E251: 0 | F251: -62 | G251: -31 | H251: 0 | I251: 0 | K251: 0 | L251: 0 | M251: 4 | N251: 4 | O251: New | P251: New | Q251: -77.5 | R251: 0 | S251: 697.5 | T251: 310 | U251: 0 | V251: 0 | W251: 0 | X251: 0 | Y251: 1057 | Z251: 1057 | AA251: Monthly | AB251: Monthly | AC251: HaPat | AD251: HaPat | AE251: 0 | AF251: 0 | AG251: 12 | AH251: 12 | AI251: =W251+ Y251+D251+H251 -> 1057 | AJ251: =X251+Z251+E251+I251 -> 1057 | AK251: =IF(AI251=0,AJ251,0) -> 0 | AL251: =IF(AND(AI251>0,AJ251>AI251),AJ251-AI251,0) -> 0 | AM251: =IF(AI251=AJ251,AJ251,0) -> 1057 | AN251: =IF(AJ251=0,AI251,0) -> 0 | AO251: =IF(AND(AJ251>0,AJ251<AI251),AI251-AJ251,0) -> 0 | AP251: US-Accounts Receivable | AQ251: 178531 | AR251: 0 | AS251: 0
A252: centralfloridaforkliftinc | B252: ExistingCustomerEOM | C252: ExistingCustomerEOM | D252: 0 | E252: 0 | F252: -62 | G252: 0 | H252: -88.25 | I252: -100.5 | K252: -264.75 | L252: -301.5 | M252: 4 | N252: 4 | O252: New | P252: New | Q252: 0 | R252: 0 | S252: 620 | T252: 0 | U252: 0 | V252: 0 | W252: 0 | X252: 0 | Y252: 678 | Z252: 727 | AA252: Prepay | AB252: Prepay | AC252: HaPat | AD252: HaPat | AE252: 0 | AF252: 0 | AG252: 9 | AH252: 10 | AI252: =W252+ Y252+D252+H252 -> 589.75 | AJ252: =X252+Z252+E252+I252 -> 626.5 | AK252: =IF(AI252=0,AJ252,0) -> 0 | AL252: =IF(AND(AI252>0,AJ252>AI252),AJ252-AI252,0) -> 36.75 | AM252: =IF(AI252=AJ252,AJ252,0) -> 0 | AN252: =IF(AJ252=0,AI252,0) -> 0 | AO252: =IF(AND(AJ252>0,AJ252<AI252),AI252-AJ252,0) -> 0 | AP252: US-Accounts Receivable | AQ252: 178902 | AR252: 0 | AS252: 0
A253: cinemastageinc | B253: ExistingCustomerEOM | C253: ExistingCustomerEOM | D253: 0 | E253: 0 | F253: -93 | G253: 0 | H253: 0 | I253: 0 | K253: 0 | L253: 0 | M253: 4 | N253: 4 | O253: New | P253: unknown | Q253: 0 | R253: -77.5 | S253: 930 | T253: 77.5 | U253: 0 | V253: 0 | W253: 0 | X253: 0 | Y253: 658 | Z253: 658 | AA253: Monthly | AB253: Monthly | AC253: ShaLi | AD253: ShaLi | AE253: 0 | AF253: 0 | AG253: 6 | AH253: 6 | AI253: =W253+ Y253+D253+H253 -> 658 | AJ253: =X253+Z253+E253+I253 -> 658 | AK253: =IF(AI253=0,AJ253,0) -> 0 | AL253: =IF(AND(AI253>0,AJ253>AI253),AJ253-AI253,0) -> 0 | AM253: =IF(AI253=AJ253,AJ253,0) -> 658 | AN253: =IF(AJ253=0,AI253,0) -> 0 | AO253: =IF(AND(AJ253>0,AJ253<AI253),AI253-AJ253,0) -> 0 | AP253: CAN-Accounts Receivable | AQ253: 179529 | AR253: 0 | AS253: 0
A254: antares | B254: ExistingCustomerEOM | C254: ExistingCustomerEOM | D254: 0 | E254: 0 | F254: -46.5 | G254: 0 | H254: -47 | I254: -47 | K254: -351 | L254: 3861 | M254: 4 | N254: 4 | O254: New | P254: New | Q254: 0 | R254: 0 | S254: 465 | T254: 0 | U254: 0 | V254: 0 | W254: 0 | X254: 0 | Y254: 723 | Z254: 723 | AA254: Prepay | AB254: Prepay | AC254: PhuPh | AD254: PhuPh | AE254: 0 | AF254: 0 | AG254: 8 | AH254: 8 | AI254: =W254+ Y254+D254+H254 -> 676 | AJ254: =X254+Z254+E254+I254 -> 676 | AK254: =IF(AI254=0,AJ254,0) -> 0 | AL254: =IF(AND(AI254>0,AJ254>AI254),AJ254-AI254,0) -> 0 | AM254: =IF(AI254=AJ254,AJ254,0) -> 676 | AN254: =IF(AJ254=0,AI254,0) -> 0 | AO254: =IF(AND(AJ254>0,AJ254<AI254),AI254-AJ254,0) -> 0 | AP254: US-Accounts Receivable | AQ254: 115438 | AR254: 0 | AS254: 0
A255: anzengineering3 | B255: NewCustomerEOM | C255: ExistingCustomerEOM | D255: 0 | E255: 0 | F255: -155 | G255: -155 | H255: -61.25 | I255: -56 | K255: -183.75 | L255: -168 | M255: 3 | N255: 3 | O255: New | P255: New | Q255: 0 | R255: 0 | S255: 1550 | T255: 1550 | U255: 0 | V255: 0 | W255: 0 | X255: 0 | Y255: 570 | Z255: 549 | AA255: Prepay | AB255: Prepay | AC255: ShaLi | AD255: ShaLi | AE255: 0 | AF255: 0 | AG255: 5 | AH255: 5 | AI255: =W255+ Y255+D255+H255 -> 508.75 | AJ255: =X255+Z255+E255+I255 -> 493 | AK255: =IF(AI255=0,AJ255,0) -> 0 | AL255: =IF(AND(AI255>0,AJ255>AI255),AJ255-AI255,0) -> 0 | AM255: =IF(AI255=AJ255,AJ255,0) -> 0 | AN255: =IF(AJ255=0,AI255,0) -> 0 | AO255: =IF(AND(AJ255>0,AJ255<AI255),AI255-AJ255,0) -> 15.75 | AP255: US-Accounts Receivable | AQ255: 197175 | AR255: 0 | AS255: 0
A256: ifsgroupusa | B256: ExistingCustomerEOM | C256: ExistingCustomerEOM | D256: 0 | E256: 0 | F256: -108.5 | G256: -186 | H256: 0 | I256: 0 | K256: 0 | L256: 0 | M256: 6 | N256: 6 | O256: New | P256: New | Q256: 0 | R256: 0 | S256: 1085 | T256: 1860 | U256: 0 | V256: 0 | W256: 0 | X256: 0 | Y256: 767 | Z256: 776 | AA256: Monthly | AB256: Monthly | AC256: HaPat | AD256: HaPat | AE256: 0 | AF256: 0 | AG256: 7 | AH256: 7 | AI256: =W256+ Y256+D256+H256 -> 767 | AJ256: =X256+Z256+E256+I256 -> 776 | AK256: =IF(AI256=0,AJ256,0) -> 0 | AL256: =IF(AND(AI256>0,AJ256>AI256),AJ256-AI256,0) -> 9 | AM256: =IF(AI256=AJ256,AJ256,0) -> 0 | AN256: =IF(AJ256=0,AI256,0) -> 0 | AO256: =IF(AND(AJ256>0,AJ256<AI256),AI256-AJ256,0) -> 0 | AP256: US-Accounts Receivable | AQ256: 155999 | AR256: 0 | AS256: 0
A257: suntreksolar | B257: ExistingCustomerEOM | C257: ExistingCustomerEOM | D257: 0 | E257: 0 | F257: -155 | G257: 0 | H257: 0 | I257: 0 | K257: 0 | L257: 0 | M257: 6 | N257: 6 | O257: New | P257: New | Q257: 0 | R257: 0 | S257: 1550 | T257: 0 | U257: 0 | V257: 0 | W257: 0 | X257: 0 | Y257: 1769 | Z257: 1770.04 | AA257: Monthly | AB257: Monthly | AC257: HaPat | AD257: HaPat | AE257: 0 | AF257: 0 | AG257: 28 | AH257: 28 | AI257: =W257+ Y257+D257+H257 -> 1769 | AJ257: =X257+Z257+E257+I257 -> 1770.04 | AK257: =IF(AI257=0,AJ257,0) -> 0 | AL257: =IF(AND(AI257>0,AJ257>AI257),AJ257-AI257,0) -> 1.04 | AM257: =IF(AI257=AJ257,AJ257,0) -> 0 | AN257: =IF(AJ257=0,AI257,0) -> 0 | AO257: =IF(AND(AJ257>0,AJ257<AI257),AI257-AJ257,0) -> 0 | AP257: US-Accounts Receivable | AQ257: 68118 | AR257: 0 | AS257: 0
... A338: dellamar | B338: ExistingCustomerEOM | C338: ExistingCustomerEOM | D338: 0 | E338: 0 | F338: 0 | G338: 0 | H338: -34 | I338: -34 | K338: -306 | L338: -306 | M338: 6 | N338: 6 | O338: New | P338: New | Q338: 0 | R338: 0 | S338: 0 | T338: 0 | U338: 0 | V338: 0 | W338: 0 | X338: 0 | Y338: 380 | Z338: 380 | AA338: Prepay | AB338: Prepay | AC338: PhuPh | AD338: PhuPh | AE338: 0 | AF338: 0 | AG338: 4 | AH338: 4 | AI338: =W338+ Y338+D338+H338 -> 346 | AJ338: =X338+Z338+E338+I338 -> 346 | AK338: =IF(AI338=0,AJ338,0) -> 0 | AL338: =IF(AND(AI338>0,AJ338>AI338),AJ338-AI338,0) -> 0 | AM338: =IF(AI338=AJ338,AJ338,0) -> 346 | AN338: =IF(AJ338=0,AI338,0) -> 0 | AO338: =IF(AND(AJ338>0,AJ338<AI338),AI338-AJ338,0) -> 0 | AP338: US-Accounts Receivable | AQ338: 146907 | AR338: 0 | AS338: 0
A339: anchorhomewatchandconcierge | B339: ExistingCustomerEOM | C339: ExistingCustomerEOM | D339: 0 | E339: 0 | F339: 0 | G339: 0 | H339: 0 | I339: 0 | K339: 0 | L339: 0 | M339: 0 | N339: 0 | O339: unknown | P339: unknown | Q339: 0 | R339: 0 | S339: 0 | T339: 0 | U339: 0 | V339: 0 | W339: 0 | X339: 0 | Y339: 0 | Z339: 0 | AE339: 0 | AF339: 0 | AG339: 0 | AH339: 0 | AI339: =W339+ Y339+D339+H339 -> 0 | AJ339: =X339+Z339+E339+I339 -> 0 | AK339: =IF(AI339=0,AJ339,0) -> 0 | AL339: =IF(AND(AI339>0,AJ339>AI339),AJ339-AI339,0) -> 0 | AM339: =IF(AI339=AJ339,AJ339,0) -> 0 | AN339: =IF(AJ339=0,AI339,0) -> 0 | AO339: =IF(AND(AJ339>0,AJ339<AI339),AI339-AJ339,0) -> 0 | AP339: US-Accounts Receivable | AQ339: 162211 | AR339: 0 | AS339: 0
A340: page44llc | B340: ExistingCustomerEOM | C340: ExistingCustomerEOM | D340: 0 | E340: 0 | F340: 0 | G340: 0 | H340: -8 | I340: -8 | K340: 726 | L340: -66 | M340: 2 | N340: 2 | O340: New | P340: New | Q340: 0 | R340: 0 | S340: 0 | T340: 0 | U340: 0 | V340: 0 | W340: 0 | X340: 0 | Y340: 74 | Z340: 74 | AA340: Prepay | AB340: Prepay | AC340: SukSa | AD340: SukSa | AE340: 0 | AF340: 0 | AG340: 2 | AH340: 2 | AI340: =W340+ Y340+D340+H340 -> 66 | AJ340: =X340+Z340+E340+I340 -> 66 | AK340: =IF(AI340=0,AJ340,0) -> 0 | AL340: =IF(AND(AI340>0,AJ340>AI340),AJ340-AI340,0) -> 0 | AM340: =IF(AI340=AJ340,AJ340,0) -> 66 | AN340: =IF(AJ340=0,AI340,0) -> 0 | AO340: =IF(AND(AJ340>0,AJ340<AI340),AI340-AJ340,0) -> 0 | AP340: US-Accounts Receivable | AQ340: 162241 | AR340: 0 | AS340: 0
A341: keegorinternationallimited | B341: ExistingCustomerEOM | C341: ExistingCustomerEOM | D341: 0 | E341: 0 | F341: 0 | G341: 0 | H341: 0 | I341: 0 | K341: 0 | L341: 0 | M341: 3 | N341: 3 | O341: New | P341: New | Q341: 0 | R341: 0 | S341: 0 | T341: 0 | U341: 0 | V341: 0 | W341: 0 | X341: 0 | Y341: 104 | Z341: 104 | AA341: Monthly | AB341: Monthly | AC341: SukSa | AD341: SukSa | AE341: 0 | AF341: 0 | AG341: 2 | AH341: 2 | AI341: =W341+ Y341+D341+H341 -> 104 | AJ341: =X341+Z341+E341+I341 -> 104 | AK341: =IF(AI341=0,AJ341,0) -> 0 | AL341: =IF(AND(AI341>0,AJ341>AI341),AJ341-AI341,0) -> 0 | AM341: =IF(AI341=AJ341,AJ341,0) -> 104 | AN341: =IF(AJ341=0,AI341,0) -> 0 | AO341: =IF(AND(AJ341>0,AJ341<AI341),AI341-AJ341,0) -> 0 | AP341: CAN-Accounts Receivable | AQ341: 162247 | AR341: 0 | AS341: 0
A342: xcelhomecomfort2 | B342: ExistingCustomerEOM | C342: ExistingCustomerEOM | D342: 0 | E342: 0 | F342: 0 | G342: 0 | H342: -20 | I342: -20 | K342: -176 | L342: -176 | M342: 3 | N342: 3 | O342: New | P342: unknown | Q342: 0 | R342: 0 | S342: 0 | T342: 1162.5 | U342: 0 | V342: 0 | W342: 0 | X342: 0 | Y342: 196 | Z342: 196 | AA342: Prepay | AB342: Prepay | AC342: PhuPh | AD342: PhuPh | AE342: 0 | AF342: 0 | AG342: 4 | AH342: 4 | AI342: =W342+ Y342+D342+H342 -> 176 | AJ342: =X342+Z342+E342+I342 -> 176 | AK342: =IF(AI342=0,AJ342,0) -> 0 | AL342: =IF(AND(AI342>0,AJ342>AI342),AJ342-AI342,0) -> 0 | AM342: =IF(AI342=AJ342,AJ342,0) -> 176 | AN342: =IF(AJ342=0,AI342,0) -> 0 | AO342: =IF(AND(AJ342>0,AJ342<AI342),AI342-AJ342,0) -> 0 | AP342: CAN-Accounts Receivable | AQ342: 162222 | AR342: 0 | AS342: 0
A343: vodaiq | B343: ExistingCustomerEOM | C343: ExistingCustomerEOM | D343: 0 | E343: 0 | F343: 0 | G343: 0 | H343: 0 | I343: 0 | K343: 0 | L343: 0 | M343: 3 | N343: 3 | O343: New | P343: New | Q343: 0 | R343: 0 | S343: 0 | T343: 0 | U343: 0 | V343: 0 | W343: 0 | X343: 0 | Y343: 89 | Z343: 89 | AA343: Monthly | AB343: Monthly | AC343: HaPat | AD343: JaiPa | AE343: 0 | AF343: 0 | AG343: 2 | AH343: 2 | AI343: =W343+ Y343+D343+H343 -> 89 | AJ343: =X343+Z343+E343+I343 -> 89 | AK343: =IF(AI343=0,AJ343,0) -> 0 | AL343: =IF(AND(AI343>0,AJ343>AI343),AJ343-AI343,0) -> 0 | AM343: =IF(AI343=AJ343,AJ343,0) -> 89 | AN343: =IF(AJ343=0,AI343,0) -> 0 | AO343: =IF(AND(AJ343>0,AJ343<AI343),AI343-AJ343,0) -> 0 | AP343: US-Accounts Receivable | AQ343: 151494 | AR343: 0 | AS343: 0
A344: changeit | B344: ExistingCustomerEOM | C344: ExistingCustomerEOM | D344: 0 | E344: 0 | F344: 0 | G344: 0 | H344: 0 | I344: -19.6 | K344: 0 | L344: 1940.4 | M344: 3 | N344: 3 | O344: New | P344: New | Q344: 0 | R344: 0 | S344: 0 | T344: 0 | U344: 0 | V344: 0 | W344: 0 | X344: 0 | Y344: 196 | Z344: 196 | AA344: Monthly | AB344: Prepay | AC344: ShaLi | AD344: ShaLi | AE344: 0 | AF344: 0 | AG344: 4 | AH344: 4 | AI344: =W344+ Y344+D344+H344 -> 196 | AJ344: =X344+Z344+E344+I344 -> 176.4 | AK344: =IF(AI344=0,AJ344,0) -> 0 | AL344: =IF(AND(AI344>0,AJ344>AI344),AJ344-AI344,0) -> 0 | AM344: =IF(AI344=AJ344,AJ344,0) -> 0 | AN344: =IF(AJ344=0,AI344,0) -> 0 | AO344: =IF(AND(AJ344>0,AJ344<AI344),AI344-AJ344,0) -> 19.6 | AP344: US-Accounts Receivable | AQ344: 164877 | AR344: 0 | AS344: 0
A345: arcadiaacademy | B345: ExistingCustomerEOM | C345: ExistingCustomerEOM | D345: 0 | E345: 0 | F345: 0 | G345: 0 | H345: 0 | I345: 0 | K345: 0 | L345: 0 | M345: 3 | N345: 3 | O345: New | P345: New | Q345: 0 | R345: 0 | S345: 0 | T345: 0 | U345: 0 | V345: 0 | W345: 0 | X345: 0 | Y345: 52 | Z345: 52 | AA345: Monthly | AB345: Monthly | AC345: RafSy | AD345: RafSy | AE345: 0 | AF345: 0 | AG345: 1 | AH345: 1 | AI345: =W345+ Y345+D345+H345 -> 52 | AJ345: =X345+Z345+E345+I345 -> 52 | AK345: =IF(AI345=0,AJ345,0) -> 0 | AL345: =IF(AND(AI345>0,AJ345>AI345),AJ345-AI345,0) -> 0 | AM345: =IF(AI345=AJ345,AJ345,0) -> 52 | AN345: =IF(AJ345=0,AI345,0) -> 0 | AO345: =IF(AND(AJ345>0,AJ345<AI345),AI345-AJ345,0) -> 0 | AP345: US-Accounts Receivable | AQ345: 165990 | AR345: 0 | AS345: 0
A346: easttimberandcorenovationsandconstruction | B346: ExistingCustomerEOM | C346: ExistingCustomerEOM | D346: 0 | E346: 0 | F346: 0 | G346: 0 | H346: -5 | I346: -5 | K346: -44 | L346: -44 | M346: 3 | N346: 3 | O346: New | P346: New | Q346: 0 | R346: 0 | S346: 0 | T346: 0 | U346: 0 | V346: 0 | W346: 0 | X346: 0 | Y346: 49 | Z346: 49 | AA346: Prepay | AB346: Prepay | AC346: RafSy | AD346: RafSy | AE346: 0 | AF346: 0 | AG346: 1 | AH346: 1 | AI346: =W346+ Y346+D346+H346 -> 44 | AJ346: =X346+Z346+E346+I346 -> 44 | AK346: =IF(AI346=0,AJ346,0) -> 0 | AL346: =IF(AND(AI346>0,AJ346>AI346),AJ346-AI346,0) -> 0 | AM346: =IF(AI346=AJ346,AJ346,0) -> 44 | AN346: =IF(AJ346=0,AI346,0) -> 0 | AO346: =IF(AND(AJ346>0,AJ346<AI346),AI346-AJ346,0) -> 0 | AP346: CAN-Accounts Receivable | AQ346: 168804 | AR346: 0 | AS346: 0
A347: soundcrawlsllc | B347: ExistingCustomerEOM | C347: ExistingCustomerEOM | D347: 0 | E347: 0 | F347: 0 | G347: 0 | H347: 0 | I347: 0 | K347: 0 | L347: 0 | M347: 3 | N347: 3 | O347: New | P347: New | Q347: 0 | R347: 0 | S347: 0 | T347: 0 | U347: 0 | V347: 0 | W347: 0 | X347: 0 | Y347: 334 | Z347: 334 | AA347: Monthly | AB347: Monthly | AC347: HaPat | AD347: HaPat | AE347: 0 | AF347: 0 | AG347: 7 | AH347: 7 | AI347: =W347+ Y347+D347+H347 -> 334 | AJ347: =X347+Z347+E347+I347 -> 334 | AK347: =IF(AI347=0,AJ347,0) -> 0 | AL347: =IF(AND(AI347>0,AJ347>AI347),AJ347-AI347,0) -> 0 | AM347: =IF(AI347=AJ347,AJ347,0) -> 334 | AN347: =IF(AJ347=0,AI347,0) -> 0 | AO347: =IF(AND(AJ347>0,AJ347<AI347),AI347-AJ347,0) -> 0 | AP347: US-Accounts Receivable | AQ347: 168790 | AR347: 0 | AS347: 0
A348: aquaviveinc | B348: ExistingCustomerEOM | C348: ExistingCustomerEOM | D348: 0 | E348: 0 | F348: 0 | G348: 0 | H348: 0 | I348: 0 | K348: 0 | L348: 0 | M348: 5 | N348: 5 | O348: New | P348: New | Q348: 0 | R348: 0 | S348: 0 | T348: 0 | U348: 0 | V348: 0 | W348: 0 | X348: 0 | Y348: 73 | Z348: 73 | AA348: Monthly | AB348: Monthly | AC348: RafSy | AD348: RafSy | AE348: 0 | AF348: 0 | AG348: 1 | AH348: 1 | AI348: =W348+ Y348+D348+H348 -> 73 | AJ348: =X348+Z348+E348+I348 -> 73 | AK348: =IF(AI348=0,AJ348,0) -> 0 | AL348: =IF(AND(AI348>0,AJ348>AI348),AJ348-AI348,0) -> 0 | AM348: =IF(AI348=AJ348,AJ348,0) -> 73 | AN348: =IF(AJ348=0,AI348,0) -> 0 | AO348: =IF(AND(AJ348>0,AJ348<AI348),AI348-AJ348,0) -> 0 | AP348: US-Accounts Receivable | AQ348: 171205 | AR348: 0 | AS348: 0
A349: coastalwipers | B349: ExistingCustomerEOM | C349: ExistingCustomerEOM | D349: 0 | E349: 0 | F349: 0 | G349: 0 | H349: -39 | I349: -39 | K349: -290 | L349: -290 | M349: 6 | N349: 6 | O349: New | P349: New | Q349: 0 | R349: 0 | S349: 0 | T349: 0 | U349: 0 | V349: 0 | W349: 0 | X349: 0 | Y349: 654 | Z349: 654 | AA349: Prepay | AB349: Prepay | AC349: HaPat | AD349: HaPat | AE349: 0 | AF349: 0 | AG349: 5 | AH349: 5 | AI349: =W349+ Y349+D349+H349 -> 615 | AJ349: =X349+Z349+E349+I349 -> 615 | AK349: =IF(AI349=0,AJ349,0) -> 0 | AL349: =IF(AND(AI349>0,AJ349>AI349),AJ349-AI349,0) -> 0 | AM349: =IF(AI349=AJ349,AJ349,0) -> 615 | AN349: =IF(AJ349=0,AI349,0) -> 0 | AO349: =IF(AND(AJ349>0,AJ349<AI349),AI349-AJ349,0) -> 0 | AP349: US-Accounts Receivable | AQ349: 171207 | AR349: 0 | AS349: 0
A350: shootingstarscircusskills | B350: ExistingCustomerEOM | C350: ExistingCustChurn | D350: 0 | E350: 0 | F350: 0 | G350: 0 | H350: 0 | I350: 0 | K350: 0 | L350: 0 | M350: 4 | N350: 4 | O350: New | P350: New | Q350: 0 | R350: 0 | S350: 0 | T350: 0 | U350: 0 | V350: 0 | W350: 0 | X350: 0 | Y350: 61 | Z350: 61 | AA350: Monthly | AB350: Monthly | AC350: ChWon | AD350: RafSy | AE350: 0 | AF350: 0 | AG350: 1 | AH350: 1 | AI350: =W350+ Y350+D350+H350 -> 61 | AJ350: =X350+Z350+E350+I350 -> 61 | AK350: =IF(AI350=0,AJ350,0) -> 0 | AL350: =IF(AND(AI350>0,AJ350>AI350),AJ350-AI350,0) -> 0 | AM350: =IF(AI350=AJ350,AJ350,0) -> 61 | AN350: =IF(AJ350=0,AI350,0) -> 0 | AO350: =IF(AND(AJ350>0,AJ350<AI350),AI350-AJ350,0) -> 0 | AP350: US-Accounts Receivable | AQ350: 175135 | AR350: 0 | AS350: 0
A351: crookedoak | B351: ExistingCustomerEOM | C351: ExistingCustomerEOM | D351: 0 | E351: 0 | F351: 0 | G351: 0 | H351: -29 | I351: -29 | K351: -202 | L351: -202 | M351: 6 | N351: 6 | O351: New | P351: New | Q351: 0 | R351: 0 | S351: 0 | T351: 0 | U351: 0 | V351: 0 | W351: 0 | X351: 0 | Y351: 231 | Z351: 231 | AA351: Prepay | AB351: Prepay | AC351: ChWon | AD351: RafSy | AE351: 0 | AF351: 0 | AG351: 3 | AH351: 3 | AI351: =W351+ Y351+D351+H351 -> 202 | AJ351: =X351+Z351+E351+I351 -> 202 | AK351: =IF(AI351=0,AJ351,0) -> 0 | AL351: =IF(AND(AI351>0,AJ351>AI351),AJ351-AI351,0) -> 0 | AM351: =IF(AI351=AJ351,AJ351,0) -> 202 | AN351: =IF(AJ351=0,AI351,0) -> 0 | AO351: =IF(AND(AJ351>0,AJ351<AI351),AI351-AJ351,0) -> 0 | AP351: US-Accounts Receivable | AQ351: 175168 | AR351: 0 | AS351: 0
A352: artecflooring | B352: ExistingCustChurn | D352: 0 | E352: 0 | F352: 0 | G352: 0 | H352: 0 | I352: 0 | K352: 0 | L352: 0 | M352: 4 | N352: 0 | O352: New | Q352: 0 | R352: 0 | S352: 0 | T352: 0 | U352: 0 | V352: 0 | W352: 0 | X352: 0 | Y352: 386 | Z352: 0 | AA352: Monthly | AC352: PhuPh | AE352: 0 | AF352: 0 | AG352: 1 | AH352: 0 | AI352: =W352+ Y352+D352+H352 -> 386 | AJ352: =X352+Z352+E352+I352 -> 0 | AK352: =IF(AI352=0,AJ352,0) -> 0 | AL352: =IF(AND(AI352>0,AJ352>AI352),AJ352-AI352,0) -> 0 | AM352: =IF(AI352=AJ352,AJ352,0) -> 0 | AN352: =IF(AJ352=0,AI352,0) -> 386 | AO352: =IF(AND(AJ352>0,AJ352<AI352),AI352-AJ352,0) -> 0 | AP352: CAN-Accounts Receivable | AQ352: 175169 | AR352: 0 | AS352: 0
A353: endureconcretecoatings2 | B353: ExistingCustomerEOM | C353: ExistingCustomerEOM | D353: 0 | E353: 0 | F353: 0 | G353: 0 | H353: -15 | I353: -15 | K353: 1096 | L353: -107 | M353: 5 | N353: 5 | O353: unknown | P353: New | Q353: 0 | R353: 0 | S353: 0 | T353: 0 | U353: 41 | V353: 0 | W353: 0 | X353: 0 | Y353: 244 | Z353: 122 | AA353: Prepay | AB353: Prepay | AC353: ChWon | AD353: JaiPa | AE353: 0 | AF353: 0 | AG353: 2 | AH353: 2 | AI353: =W353+ Y353+D353+H353 -> 229 | AJ353: =X353+Z353+E353+I353 -> 107 | AK353: =IF(AI353=0,AJ353,0) -> 0 | AL353: =IF(AND(AI353>0,AJ353>AI353),AJ353-AI353,0) -> 0 | AM353: =IF(AI353=AJ353,AJ353,0) -> 0 | AN353: =IF(AJ353=0,AI353,0) -> 0 | AO353: =IF(AND(AJ353>0,AJ353<AI353),AI353-AJ353,0) -> 122 | AP353: US-Accounts Receivable | AQ353: 177769 | AR353: 0 | AS353: 0
A354: augustamedicalsystems | B354: ExistingCustomerEOM | C354: ExistingCustChurn | D354: 0 | E354: 0 | F354: 0 | G354: 0 | H354: -33 | I354: -33 | K354: -99 | L354: -99 | M354: 3 | N354: 3 | O354: New | P354: New | Q354: 0 | R354: 0 | S354: 0 | T354: 0 | U354: 0 | V354: 0 | W354: 0 | X354: 0 | Y354: 457 | Z354: 457 | AA354: Prepay | AB354: Prepay | AC354: ShaLi | AD354: ShaLi | AE354: 0 | AF354: 0 | AG354: 3 | AH354: 3 | AI354: =W354+ Y354+D354+H354 -> 424 | AJ354: =X354+Z354+E354+I354 -> 424 | AK354: =IF(AI354=0,AJ354,0) -> 0 | AL354: =IF(AND(AI354>0,AJ354>AI354),AJ354-AI354,0) -> 0 | AM354: =IF(AI354=AJ354,AJ354,0) -> 424 | AN354: =IF(AJ354=0,AI354,0) -> 0 | AO354: =IF(AND(AJ354>0,AJ354<AI354),AI354-AJ354,0) -> 0 | AP354: US-Accounts Receivable | AQ354: 178310 | AR354: 0 | AS354: 0
A355: aandjanitorialservices | B355: ExistingCustomerEOM | C355: ExistingCustomerEOM | D355: 0 | E355: 0 | F355: 0 | G355: 0 | H355: 0 | I355: 0 | K355: 0 | L355: 0 | M355: 5 | N355: 5 | O355: New | P355: New | Q355: 0 | R355: 0 | S355: 0 | T355: 0 | U355: 0 | V355: 0 | W355: 0 | X355: 0 | Y355: 73 | Z355: 73 | AA355: Monthly | AB355: Monthly | AC355: ChWon | AD355: JaiPa | AE355: 0 | AF355: 0 | AG355: 1 | AH355: 1 | AI355: =W355+ Y355+D355+H355 -> 73 | AJ355: =X355+Z355+E355+I355 -> 73 | AK355: =IF(AI355=0,AJ355,0) -> 0 | AL355: =IF(AND(AI355>0,AJ355>AI355),AJ355-AI355,0) -> 0 | AM355: =IF(AI355=AJ355,AJ355,0) -> 73 | AN355: =IF(AJ355=0,AI355,0) -> 0 | AO355: =IF(AND(AJ355>0,AJ355<AI355),AI355-AJ355,0) -> 0 | AP355: US-Accounts Receivable | AQ355: 181500 | AR355: 0 | AS355: 0
A356: swjus | B356: ExistingCustomerEOM | C356: ExistingCustomerEOM | D356: 0 | E356: 0 | F356: 0 | G356: 0 | H356: 0 | I356: 0 | K356: 0 | L356: 0 | M356: 3 | N356: 3 | O356: New | P356: New | Q356: 0 | R356: 0 | S356: 0 | T356: 0 | U356: 0 | V356: 0 | W356: 0 | X356: 0 | Y356: 392 | Z356: 441 | AA356: Monthly | AB356: Monthly | AC356: PhuPh | AD356: PhuPh | AE356: 0 | AF356: 0 | AG356: 8 | AH356: 9 | AI356: =W356+ Y356+D356+H356 -> 392 | AJ356: =X356+Z356+E356+I356 -> 441 | AK356: =IF(AI356=0,AJ356,0) -> 0 | AL356: =IF(AND(AI356>0,AJ356>AI356),AJ356-AI356,0) -> 49 | AM356: =IF(AI356=AJ356,AJ356,0) -> 0 | AN356: =IF(AJ356=0,AI356,0) -> 0 | AO356: =IF(AND(AJ356>0,AJ356<AI356),AI356-AJ356,0) -> 0 | AP356: US-Accounts Receivable | AQ356: 183325 | AR356: 0 | AS356: 0
A357: koalathomeservices | B357: ExistingCustomerEOM | C357: ExistingCustomerEOM | D357: 0 | E357: 0 | F357: 0 | G357: 0 | H357: 0 | I357: 0 | K357: 0 | L357: 0 | M357: 1 | N357: 1 | O357: New | P357: New | Q357: 0 | R357: 0 | S357: 0 | T357: 0 | U357: 0 | V357: 0 | W357: 0 | X357: 0 | Y357: 28 | Z357: 28 | AA357: Monthly | AB357: Monthly | AC357: PhuPh | AD357: PhuPh | AE357: 0 | AF357: 0 | AG357: 1 | AH357: 1 | AI357: =W357+ Y357+D357+H357 -> 28 | AJ357: =X357+Z357+E357+I357 -> 28 | AK357: =IF(AI357=0,AJ357,0) -> 0 | AL357: =IF(AND(AI357>0,AJ357>AI357),AJ357-AI357,0) -> 0 | AM357: =IF(AI357=AJ357,AJ357,0) -> 28 | AN357: =IF(AJ357=0,AI357,0) -> 0 | AO357: =IF(AND(AJ357>0,AJ357<AI357),AI357-AJ357,0) -> 0 | AP357: US-Accounts Receivable | AQ357: 186491 | AR357: 0 | AS357: 0
A358: waynetseventyllc2 | B358: ExistingCustomerEOM | C358: ExistingCustomerEOM | D358: 0 | E358: 0 | F358: 0 | G358: -155 | H358: 0 | I358: 0 | K358: 0 | L358: 0 | M358: 3 | N358: 3 | O358: New | P358: unknown | Q358: 0 | R358: 0 | S358: 0 | T358: 155 | U358: 0 | V358: 0 | W358: 0 | X358: 0 | Y358: 187 | Z358: 187 | AA358: Monthly | AB358: Monthly | AC358: HaPat | AD358: HaPat | AE358: 0 | AF358: 0 | AG358: 4 | AH358: 4 | AI358: =W358+ Y358+D358+H358 -> 187 | AJ358: =X358+Z358+E358+I358 -> 187 | AK358: =IF(AI358=0,AJ358,0) -> 0 | AL358: =IF(AND(AI358>0,AJ358>AI358),AJ358-AI358,0) -> 0 | AM358: =IF(AI358=AJ358,AJ358,0) -> 187 | AN358: =IF(AJ358=0,AI358,0) -> 0 | AO358: =IF(AND(AJ358>0,AJ358<AI358),AI358-AJ358,0) -> 0 | AP358: US-Accounts Receivable | AQ358: 186504 | AR358: 0 | AS358: 0
A359: kabsolution2 | B359: ExistingCustomerEOM | C359: ExistingCustomerEOM | D359: 0 | E359: 0 | F359: 0 | G359: 0 | H359: 0 | I359: 0 | K359: 0 | L359: 0 | M359: 3 | N359: 3 | O359: New | P359: New | Q359: 0 | R359: 0 | S359: 0 | T359: 0 | U359: 0 | V359: 0 | W359: 0 | X359: 0 | Y359: 49 | Z359: 49 | AA359: Monthly | AB359: Monthly | AC359: HaPat | AD359: HaPat | AE359: 0 | AF359: 0 | AG359: 1 | AH359: 1 | AI359: =W359+ Y359+D359+H359 -> 49 | AJ359: =X359+Z359+E359+I359 -> 49 | AK359: =IF(AI359=0,AJ359,0) -> 0 | AL359: =IF(AND(AI359>0,AJ359>AI359),AJ359-AI359,0) -> 0 | AM359: =IF(AI359=AJ359,AJ359,0) -> 49 | AN359: =IF(AJ359=0,AI359,0) -> 0 | AO359: =IF(AND(AJ359>0,AJ359<AI359),AI359-AJ359,0) -> 0 | AP359: CAN-Accounts Receivable | AQ359: 186493 | AR359: 0 | AS359: 0
A360: mountainshadowsmartialarts2 | B360: ExistingCustomerEOM | C360: ExistingCustomerEOM | D360: 0 | E360: 0 | F360: 0 | G360: 0 | H360: -3 | I360: -3 | K360: -25 | L360: -25 | M360: 1 | N360: 1 | O360: New | P360: New | Q360: 0 | R360: 0 | S360: 0 | T360: 0 | U360: 0 | V360: 0 | W360: 0 | X360: 0 | Y360: 28 | Z360: 28 | AA360: Prepay | AB360: Prepay | AC360: ChWon | AD360: SukSa | AE360: 0 | AF360: 0 | AG360: 1 | AH360: 1 | AI360: =W360+ Y360+D360+H360 -> 25 | AJ360: =X360+Z360+E360+I360 -> 25 | AK360: =IF(AI360=0,AJ360,0) -> 0 | AL360: =IF(AND(AI360>0,AJ360>AI360),AJ360-AI360,0) -> 0 | AM360: =IF(AI360=AJ360,AJ360,0) -> 25 | AN360: =IF(AJ360=0,AI360,0) -> 0 | AO360: =IF(AND(AJ360>0,AJ360<AI360),AI360-AJ360,0) -> 0 | AP360: US-Accounts Receivable | AQ360: 186497 | AR360: 0 | AS360: 0
...

Sheet NRR By Customer
A1: Start of Month | B1: Start of Month | C1: Start of Month | D1: Cancellation | E1: Cancellation | F1: Cancellation | G1: Downgrades | H1: Downgrades | I1: Downgrades | J1: Expansion | K1: Expansion | L1: Expansion | M1: New ARR | N1: New ARR | O1: New ARR | P1: Other | Q1: Other | R1: Other | S1: OtherChurn | T1: OtherChurn | U1: OtherChurn | V1: Count | W1: Count | X1: Count
A2: US-Accounts Receivable | B2: CAN-Accounts Receivable | C2: UK-Accounts Receivable | D2: US-Accounts Receivable | E2: CAN-Accounts Receivable | F2: UK-Accounts Receivable | G2: US-Accounts Receivable | H2: CAN-Accounts Receivable | I2: UK-Accounts Receivable | J2: US-Accounts Receivable | K2: CAN-Accounts Receivable | L2: UK-Accounts Receivable | M2: US-Accounts Receivable | N2: CAN-Accounts Receivable | O2: UK-Accounts Receivable | P2: US-Accounts Receivable | Q2: CAN-Accounts Receivable | R2: UK-Accounts Receivable | S2: US-Accounts Receivable | T2: CAN-Accounts Receivable | U2: UK-Accounts Receivable | V2: US-Accounts Receivable | W2: CAN-Accounts Receivable | X2: UK-Accounts Receivable
A3: =SUMIFS(Customers!AI:AI,Customers!AP:AP,A$2) -> 718226.91 | B3: =SUMIFS(Customers!AI:AI,Customers!AP:AP,B$2) -> 80784.68 | C3: =SUMIFS(Customers!AI:AI,Customers!AP:AP,C$2) -> 0 | D3: =SUMIFS(Customers!AN:AN,Customers!AP:AP,D$2)-S3 -> 10015.3 | E3: =SUMIFS(Customers!AN:AN,Customers!AP:AP,E$2)-T3 -> 709 | F3: =SUMIFS(Customers!AN:AN,Customers!AP:AP,F$2)-U3 -> 0 | G3: =SUMIFS(Customers!AO:AO,Customers!AP:AP,G$2) -> 13540.54 | H3: =SUMIFS(Customers!AO:AO,Customers!AP:AP,H$2) -> 1492.25 | I3: =SUMIFS(Customers!AO:AO,Customers!AP:AP,I$2) -> 0 | J3: =SUMIFS(Customers!AL:AL,Customers!AP:AP,J$2) -> 12539.4 | K3: =SUMIFS(Customers!AL:AL,Customers!AP:AP,K$2) -> 2181.73 | L3: =SUMIFS(Customers!AL:AL,Customers!AP:AP,L$2) -> 0 | M3: =SUMIFS(Customers!AK:AK,Customers!AP:AP,M$2)-P3 -> 12223.05 | N3: =SUMIFS(Customers!AK:AK,Customers!AP:AP,N$2)-Q3 -> 947 | O3: =SUMIFS(Customers!AK:AK,Customers!AP:AP,O$2)-R3 -> 0 | P3: =SUMIFS(Customers!AS:AS,Customers!AP:AP,P$2) -> 10316.75 | Q3: =SUMIFS(Customers!AS:AS,Customers!AP:AP,Q$2) -> 0 | R3: =SUMIFS(Customers!AS:AS,Customers!AP:AP,R$2) -> 0 | S3: =SUMIFS(Customers!AR:AR,Customers!AP:AP,P$2) -> 10354 | T3: =SUMIFS(Customers!AR:AR,Customers!AP:AP,Q$2) -> 0 | U3: =SUMIFS(Customers!AR:AR,Customers!AP:AP,R$2) -> 0 | V3: =COUNTIFS(Customers!Z:Z, ">0",Customers!AP:AP,V$2) -> 3009 | W3: =COUNTIFS(Customers!Z:Z, ">0",Customers!AP:AP,W$2) -> 393 | X3: =COUNTIFS(Customers!Z:Z, ">0",Customers!AP:AP,X$2) -> 0
A5: =SUM(A3:C3) -> 799011.59 | D5: =SUM(D3:F3) -> 10724.3 | G5: =SUM(G3:I3) -> 15032.79 | J5: =SUM(J3:L3) -> 14721.13 | M5: =SUM(M3:O3) -> 13170.05 | P5: =SUM(P3:R3) -> 10316.75 | S5: =SUM(S3:U3) -> 10354 | V5: =SUM(V3:X3) -> 3402 | Y5: =A5+J5+M5+P5-D5-G5-S5 -> 801108.43

Sheet Accounts
A1: CompanyAccount | B1: CustomerGroupingPeriod1 | C1: CustomerGroupingPeriod2 | D1: DiscountOtherSaaSPeriod1 | E1: DiscountOtherSaaSPeriod2 | F1: DiscountOtherPSPeriod1 | G1: DiscountOtherPSPeriod2 | H1: DiscountPrepayPortionPeriod1 | I1: DiscountPrepayPortionPeriod2 | J1: InvoiceGrouping | K1: LiabilityPortionPeriod1 | L1: LiabilityPortionPeriod2 | M1: PackPaidCountPeriod1 | N1: PackPaidCountPeriod2 | O1: PlatformTogglePeriod1 | P1: PlatformTogglePeriod2 | Q1: PSExpenseAmountPeriod1 | R1: PSExpenseAmountPeriod2 | S1: PSIncomeAmountPeriod1 | T1: PSIncomeAmountPeriod2 | U1: SaasExpensePeriod1 | V1: SaasExpensePeriod2 | W1: SaaSIncomeAmountClassicPeriod1 | X1: SaaSIncomeAmountClassicPeriod2 | Y1: SaaSIncomeAmountNewPeriod1 | Z1: SaaSIncomeAmountNewPeriod2 | AA1: SaaSPayTypePeriod1 | AB1: SaaSPayTypePeriod2 | AC1: SalesRepSaaSPeriod1 | AD1: SalesRepSaaSPeriod2 | AE1: UncategorizedPortionPeriod1 | AF1: UncategorizedPortionPeriod2 | AG1: UserPaidCountPeriod1 | AH1: UserPaidCountPeriod2 | AI1: SaaSNetPeriod1 | AJ1: SaaSNetPeriod2 | AK1: SaaSExpandNew | AL1: SaaSExpansionUp | AM1: SaaSNoChange | AN1: SaaSContractionCancel | AO1: SaaSContractionDown | AP1: Currency | AQ1: CustomerRecordID | AR1: PrepPayExpiryPeriod1 | AS1: PrepPayExpiryPeriod2
A2: freedupsolutions | B2: ExistingCustomerEOM | C2: ExistingCustomerEOM | D2: -45 | E2: -45 | F2: 0 | G2: 0 | H2: 0 | I2: 0 | K2: 0 | L2: 0 | M2: 3 | N2: 3 | O2: New | P2: New | Q2: 0 | R2: 0 | S2: 0 | T2: 0 | U2: 0 | V2: 0 | W2: 0 | X2: 0 | Y2: 45 | Z2: 45 | AA2: Monthly | AB2: Monthly | AC2: ShaLi | AD2: ShaLi | AE2: 0 | AF2: 0 | AG2: 1 | AH2: 1 | AI2: =W2+ Y2+D2+H2 -> 0 | AJ2: =X2+Z2+E2+I2 -> 0 | AK2: =IF(AI2=0,AJ2,0) -> 0 | AL2: =IF(AND(AI2>0,AJ2>AI2),AJ2-AI2,0) -> 0 | AM2: =IF(AI2=AJ2,AJ2,0) -> 0 | AN2: =IF(AJ2=0,AI2,0) -> 0 | AO2: =IF(AND(AJ2>0,AJ2<AI2),AI2-AJ2,0) -> 0 | AP2: US-Accounts Receivable | AQ2: 4271 | AR2: 0 | AS2: 0
A3: therylangroupllc | B3: ExistingCustomerEOM | C3: ExistingCustomerEOM | D3: -40 | E3: -40 | F3: 0 | G3: 0 | H3: 0 | I3: 0 | K3: 0 | L3: 0 | M3: 1 | N3: 1 | O3: Classic | P3: Classic | Q3: 0 | R3: 0 | S3: 0 | T3: 0 | U3: 0 | V3: 0 | W3: 40 | X3: 40 | Y3: 0 | Z3: 0 | AA3: Monthly | AB3: Monthly | AC3: PhuPh | AD3: PhuPh | AE3: 0 | AF3: 0 | AG3: 1 | AH3: 1 | AI3: =W3+ Y3+D3+H3 -> 0 | AJ3: =X3+Z3+E3+I3 -> 0 | AK3: =IF(AI3=0,AJ3,0) -> 0 | AL3: =IF(AND(AI3>0,AJ3>AI3),AJ3-AI3,0) -> 0 | AM3: =IF(AI3=AJ3,AJ3,0) -> 0 | AN3: =IF(AJ3=0,AI3,0) -> 0 | AO3: =IF(AND(AJ3>0,AJ3<AI3),AI3-AJ3,0) -> 0 | AP3: US-Accounts Receivable | AQ3: 11547 | AR3: 0 | AS3: 0
A4: TemplateHermanBaptist | B4: ExistingCustomerEOM | C4: ExistingCustomerEOM | D4: -40 | E4: -40 | F4: 0 | G4: 0 | H4: 0 | I4: 0 | K4: 0 | L4: 0 | M4: 1 | N4: 1 | O4: Classic | P4: Classic | Q4: 0 | R4: 0 | S4: 0 | T4: 0 | U4: 0 | V4: 0 | W4: 40 | X4: 40 | Y4: 0 | Z4: 0 | AA4: Monthly | AB4: Monthly | AC4: PhuPh | AD4: PhuPh | AE4: 0 | AF4: 0 | AG4: 1 | AH4: 1 | AI4: =W4+ Y4+D4+H4 -> 0 | AJ4: =X4+Z4+E4+I4 -> 0 | AK4: =IF(AI4=0,AJ4,0) -> 0 | AL4: =IF(AND(AI4>0,AJ4>AI4),AJ4-AI4,0) -> 0 | AM4: =IF(AI4=AJ4,AJ4,0) -> 0 | AN4: =IF(AJ4=0,AI4,0) -> 0 | AO4: =IF(AND(AJ4>0,AJ4<AI4),AI4-AJ4,0) -> 0 | AP4: US-Accounts Receivable | AQ4: 11547 | AR4: 0 | AS4: 0
A5: atlanticgraphics | B5: ExistingCustomerEOM | C5: ExistingCustomerEOM | D5: 0 | E5: 0 | F5: 0 | G5: 0 | H5: 0 | I5: 0 | K5: 0 | L5: 0 | M5: 3 | N5: 3 | O5: New | P5: New | Q5: 0 | R5: 0 | S5: 0 | T5: 0 | U5: 0 | V5: 0 | W5: 0 | X5: 0 | Y5: 365 | Z5: 365 | AA5: Monthly | AB5: Monthly | AC5: PhuPh | AD5: PhuPh | AE5: 0 | AF5: 0 | AG5: 9 | AH5: 9 | AI5: =W5+ Y5+D5+H5 -> 365 | AJ5: =X5+Z5+E5+I5 -> 365 | AK5: =IF(AI5=0,AJ5,0) -> 0 | AL5: =IF(AND(AI5>0,AJ5>AI5),AJ5-AI5,0) -> 0 | AM5: =IF(AI5=AJ5,AJ5,0) -> 365 | AN5: =IF(AJ5=0,AI5,0) -> 0 | AO5: =IF(AND(AJ5>0,AJ5<AI5),AI5-AJ5,0) -> 0 | AP5: US-Accounts Receivable | AQ5: 63546 | AR5: 0 | AS5: 0
A6: rhinebeckaerodromemuseum | B6: ExistingCustomerEOM | C6: ExistingCustomerEOM | D6: 0 | E6: 0 | F6: 0 | G6: 0 | H6: 0 | I6: 0 | K6: 0 | L6: 0 | M6: 1 | N6: 1 | O6: New | P6: New | Q6: 0 | R6: 0 | S6: 0 | T6: 0 | U6: 0 | V6: 0 | W6: 0 | X6: 0 | Y6: 28 | Z6: 28 | AA6: Monthly | AB6: Monthly | AC6: SukSa | AD6: SukSa | AE6: 0 | AF6: 0 | AG6: 1 | AH6: 1 | AI6: =W6+ Y6+D6+H6 -> 28 | AJ6: =X6+Z6+E6+I6 -> 28 | AK6: =IF(AI6=0,AJ6,0) -> 0 | AL6: =IF(AND(AI6>0,AJ6>AI6),AJ6-AI6,0) -> 0 | AM6: =IF(AI6=AJ6,AJ6,0) -> 28 | AN6: =IF(AJ6=0,AI6,0) -> 0 | AO6: =IF(AND(AJ6>0,AJ6<AI6),AI6-AJ6,0) -> 0 | AP6: US-Accounts Receivable | AQ6: 79741 | AR6: 0 | AS6: 0
A7: petersammsequipmentltd | B7: ExistingCustomerEOM | C7: ExistingCustomerEOM | D7: 0 | E7: 0 | F7: 0 | G7: 0 | H7: -5 | I7: -5 | K7: -44 | L7: -44 | M7: 3 | N7: 3 | O7: New | P7: New | Q7: 0 | R7: 0 | S7: 0 | T7: 0 | U7: 0 | V7: 0 | W7: 0 | X7: 0 | Y7: 49 | Z7: 49 | AA7: Prepay | AB7: Prepay | AC7: RafSy | AD7: RafSy | AE7: 0 | AF7: 0 | AG7: 1 | AH7: 1 | AI7: =W7+ Y7+D7+H7 -> 44 | AJ7: =X7+Z7+E7+I7 -> 44 | AK7: =IF(AI7=0,AJ7,0) -> 0 | AL7: =IF(AND(AI7>0,AJ7>AI7),AJ7-AI7,0) -> 0 | AM7: =IF(AI7=AJ7,AJ7,0) -> 44 | AN7: =IF(AJ7=0,AI7,0) -> 0 | AO7: =IF(AND(AJ7>0,AJ7<AI7),AI7-AJ7,0) -> 0 | AP7: US-Accounts Receivable | AQ7: 93516 | AR7: 0 | AS7: 0
A8: nwseaport | B8: ExistingCustomerEOM | C8: ExistingCustomerEOM | D8: 0 | E8: 0 | F8: 0 | G8: 0 | H8: -3 | I8: -3 | K8: -25 | L8: -25 | M8: 1 | N8: 1 | O8: New | P8: New | Q8: 0 | R8: 0 | S8: 0 | T8: 0 | U8: 0 | V8: 0 | W8: 0 | X8: 0 | Y8: 28 | Z8: 28 | AA8: Prepay | AB8: Prepay | AC8: SukSa | AD8: SukSa | AE8: 0 | AF8: 0 | AG8: 1 | AH8: 1 | AI8: =W8+ Y8+D8+H8 -> 25 | AJ8: =X8+Z8+E8+I8 -> 25 | AK8: =IF(AI8=0,AJ8,0) -> 0 | AL8: =IF(AND(AI8>0,AJ8>AI8),AJ8-AI8,0) -> 0 | AM8: =IF(AI8=AJ8,AJ8,0) -> 25 | AN8: =IF(AJ8=0,AI8,0) -> 0 | AO8: =IF(AND(AJ8>0,AJ8<AI8),AI8-AJ8,0) -> 0 | AP8: US-Accounts Receivable | AQ8: 95174 | AR8: 0 | AS8: 0
A9: pbaccounting | B9: ExistingCustomerEOM | C9: ExistingCustomerEOM | D9: -37 | E9: -37 | F9: 0 | G9: 0 | H9: 0 | I9: 0 | K9: 0 | L9: 0 | M9: 2 | N9: 2 | O9: New | P9: New | Q9: 0 | R9: 0 | S9: 0 | T9: 0 | U9: 0 | V9: 0 | W9: 0 | X9: 0 | Y9: 37 | Z9: 37 | AA9: Monthly | AB9: Monthly | AC9: PhuPh | AD9: PhuPh | AE9: 0 | AF9: 0 | AG9: 1 | AH9: 1 | AI9: =W9+ Y9+D9+H9 -> 0 | AJ9: =X9+Z9+E9+I9 -> 0 | AK9: =IF(AI9=0,AJ9,0) -> 0 | AL9: =IF(AND(AI9>0,AJ9>AI9),AJ9-AI9,0) -> 0 | AM9: =IF(AI9=AJ9,AJ9,0) -> 0 | AN9: =IF(AJ9=0,AI9,0) -> 0 | AO9: =IF(AND(AJ9>0,AJ9<AI9),AI9-AJ9,0) -> 0 | AP9: US-Accounts Receivable | AQ9: 94821 | AR9: 0 | AS9: 0
A10: alerthomewatch | B10: ExistingCustomerEOM | C10: ExistingCustomerEOM | D10: 0 | E10: 0 | F10: 0 | G10: 0 | H10: 0 | I10: 0 | K10: 0 | L10: 0 | M10: 1 | N10: 1 | O10: New | P10: New | Q10: 0 | R10: 0 | S10: 0 | T10: 0 | U10: 0 | V10: 0 | W10: 0 | X10: 0 | Y10: 84 | Z10: 84 | AA10: Monthly | AB10: Monthly | AC10: PhuPh | AD10: PhuPh | AE10: 0 | AF10: 0 | AG10: 3 | AH10: 3 | AI10: =W10+ Y10+D10+H10 -> 84 | AJ10: =X10+Z10+E10+I10 -> 84 | AK10: =IF(AI10=0,AJ10,0) -> 0 | AL10: =IF(AND(AI10>0,AJ10>AI10),AJ10-AI10,0) -> 0 | AM10: =IF(AI10=AJ10,AJ10,0) -> 84 | AN10: =IF(AJ10=0,AI10,0) -> 0 | AO10: =IF(AND(AJ10>0,AJ10<AI10),AI10-AJ10,0) -> 0 | AP10: US-Accounts Receivable | AQ10: 96657 | AR10: 0 | AS10: 0
A11: themovingcompany | B11: ExistingCustomerEOM | C11: ExistingCustomerEOM | D11: 0 | E11: 0 | F11: 0 | G11: 0 | H11: -3 | I11: -3 | K11: -25 | L11: -25 | M11: 1 | N11: 1 | O11: New | P11: New | Q11: 0 | R11: 0 | S11: 0 | T11: 0 | U11: 0 | V11: 0 | W11: 0 | X11: 0 | Y11: 28 | Z11: 28 | AA11: Prepay | AB11: Prepay | AC11: JaiPa | AD11: JaiPa | AE11: 0 | AF11: 0 | AG11: 1 | AH11: 1 | AI11: =W11+ Y11+D11+H11 -> 25 | AJ11: =X11+Z11+E11+I11 -> 25 | AK11: =IF(AI11=0,AJ11,0) -> 0 | AL11: =IF(AND(AI11>0,AJ11>AI11),AJ11-AI11,0) -> 0 | AM11: =IF(AI11=AJ11,AJ11,0) -> 25 | AN11: =IF(AJ11=0,AI11,0) -> 0 | AO11: =IF(AND(AJ11>0,AJ11<AI11),AI11-AJ11,0) -> 0 | AP11: US-Accounts Receivable | AQ11: 97379 | AR11: 0 | AS11: 0
A12: innovativeenergy | B12: ExistingCustomerEOM | C12: ExistingCustomerEOM | D12: 0 | E12: 0 | F12: 0 | G12: 0 | H12: 0 | I12: 0 | K12: 0 | L12: 0 | M12: 3 | N12: 3 | O12: New | P12: New | Q12: 0 | R12: 0 | S12: 0 | T12: 0 | U12: 0 | V12: 0 | W12: 0 | X12: 0 | Y12: 343 | Z12: 343 | AA12: Monthly | AB12: Monthly | AC12: HaPat | AD12: HaPat | AE12: 0 | AF12: 0 | AG12: 7 | AH12: 7 | AI12: =W12+ Y12+D12+H12 -> 343 | AJ12: =X12+Z12+E12+I12 -> 343 | AK12: =IF(AI12=0,AJ12,0) -> 0 | AL12: =IF(AND(AI12>0,AJ12>AI12),AJ12-AI12,0) -> 0 | AM12: =IF(AI12=AJ12,AJ12,0) -> 343 | AN12: =IF(AJ12=0,AI12,0) -> 0 | AO12: =IF(AND(AJ12>0,AJ12<AI12),AI12-AJ12,0) -> 0 | AP12: US-Accounts Receivable | AQ12: 98394 | AR12: 0 | AS12: 0
A13: CarlsonConcierge | B13: ExistingCustomerEOM | C13: ExistingCustomerEOM | D13: -11.2 | E13: -11.2 | F13: 0 | G13: 0 | H13: 0 | I13: 0 | K13: 0 | L13: 0 | M13: 1 | N13: 1 | O13: New | P13: New | Q13: 0 | R13: 0 | S13: 0 | T13: 0 | U13: 0 | V13: 0 | W13: 0 | X13: 0 | Y13: 56 | Z13: 56 | AA13: Monthly | AB13: Monthly | AC13: PhuPh | AD13: PhuPh | AE13: 0 | AF13: 0 | AG13: 2 | AH13: 2 | AI13: =W13+ Y13+D13+H13 -> 44.8 | AJ13: =X13+Z13+E13+I13 -> 44.8 | AK13: =IF(AI13=0,AJ13,0) -> 0 | AL13: =IF(AND(AI13>0,AJ13>AI13),AJ13-AI13,0) -> 0 | AM13: =IF(AI13=AJ13,AJ13,0) -> 44.8 | AN13: =IF(AJ13=0,AI13,0) -> 0 | AO13: =IF(AND(AJ13>0,AJ13<AI13),AI13-AJ13,0) -> 0 | AP13: US-Accounts Receivable | AQ13: 86456 | AR13: 0 | AS13: 0
... A33: NewEnglandLanguageSchoolInc | B33: ExistingCustomerEOM | C33: ExistingCustomerEOM | D33: -5.6 | E33: -5.6 | F33: 0 | G33: 0 | H33: 0 | I33: 0 | K33: 0 | L33: 0 | M33: 1 | N33: 1 | O33: New | P33: New | Q33: 0 | R33: 0 | S33: 0 | T33: 0 | U33: 0 | V33: 0 | W33: 0 | X33: 0 | Y33: 28 | Z33: 28 | AA33: Monthly | AB33: Monthly | AC33: PhuPh | AD33: PhuPh | AE33: 0 | AF33: 0 | AG33: 1 | AH33: 1 | AI33: =W33+ Y33+D33+H33 -> 22.4 | AJ33: =X33+Z33+E33+I33 -> 22.4 | AK33: =IF(AI33=0,AJ33,0) -> 0 | AL33: =IF(AND(AI33>0,AJ33>AI33),AJ33-AI33,0) -> 0 | AM33: =IF(AI33=AJ33,AJ33,0) -> 22.4 | AN33: =IF(AJ33=0,AI33,0) -> 0 | AO33: =IF(AND(AJ33>0,AJ33<AI33),AI33-AJ33,0) -> 0 | AP33: US-Accounts Receivable | AQ33: 98759 | AR33: 0 | AS33: 0
A34: NovusFireProtectionConsultingInc | B34: ExistingCustomerEOM | C34: ExistingCustomerEOM | D34: 0 | E34: 0 | F34: 0 | G34: 0 | H34: 0 | I34: 0 | K34: 0 | L34: 0 | M34: 0 | N34: 0 | O34: unknown | P34: unknown | Q34: 0 | R34: 0 | S34: 0 | T34: 0 | U34: 0 | V34: 0 | W34: 0 | X34: 0 | Y34: 0 | Z34: 0 | AE34: 0 | AF34: 0 | AG34: 0 | AH34: 0 | AI34: =W34+ Y34+D34+H34 -> 0 | AJ34: =X34+Z34+E34+I34 -> 0 | AK34: =IF(AI34=0,AJ34,0) -> 0 | AL34: =IF(AND(AI34>0,AJ34>AI34),AJ34-AI34,0) -> 0 | AM34: =IF(AI34=AJ34,AJ34,0) -> 0 | AN34: =IF(AJ34=0,AI34,0) -> 0 | AO34: =IF(AND(AJ34>0,AJ34<AI34),AI34-AJ34,0) -> 0 | AP34: CAN-Accounts Receivable | AQ34: 85984 | AR34: 0 | AS34: 0
A35: BenShaffer | B35: ExistingCustomerEOM | C35: ExistingCustomerEOM | D35: -43.5 | E35: -43.5 | F35: 0 | G35: 0 | H35: 0 | I35: 0 | K35: 0 | L35: 0 | M35: 0 | N35: 0 | O35: unknown | P35: New | Q35: -77.5 | R35: 0 | S35: 77.5 | T35: 0 | U35: 0 | V35: 0 | W35: 0 | X35: 0 | Y35: 1402 | Z35: 1402 | AA35: Monthly | AB35: Monthly | AC35: HaPat | AD35: HaPat | AE35: 0 | AF35: 0 | AG35: 0 | AH35: 0 | AI35: =W35+ Y35+D35+H35 -> 1358.5 | AJ35: =X35+Z35+E35+I35 -> 1358.5 | AK35: =IF(AI35=0,AJ35,0) -> 0 | AL35: =IF(AND(AI35>0,AJ35>AI35),AJ35-AI35,0) -> 0 | AM35: =IF(AI35=AJ35,AJ35,0) -> 1358.5 | AN35: =IF(AJ35=0,AI35,0) -> 0 | AO35: =IF(AND(AJ35>0,AJ35<AI35),AI35-AJ35,0) -> 0 | AP35: US-Accounts Receivable | AQ35: 119118 | AR35: 0 | AS35: 0
A36: tristaterigging | B36: ExistingCustomerEOM | C36: ExistingCustomerEOM | D36: 0 | E36: 0 | F36: 0 | G36: 0 | H36: 0 | I36: 0 | K36: 0 | L36: 0 | M36: 4 | N36: 4 | O36: New | P36: New | Q36: 0 | R36: 0 | S36: 0 | T36: 0 | U36: 0 | V36: 0 | W36: 0 | X36: 0 | Y36: 614 | Z36: 565 | AA36: Monthly | AB36: Monthly | AC36: HaPat | AD36: HaPat | AE36: 0 | AF36: 0 | AG36: 11 | AH36: 10 | AI36: =W36+ Y36+D36+H36 -> 614 | AJ36: =X36+Z36+E36+I36 -> 565 | AK36: =IF(AI36=0,AJ36,0) -> 0 | AL36: =IF(AND(AI36>0,AJ36>AI36),AJ36-AI36,0) -> 0 | AM36: =IF(AI36=AJ36,AJ36,0) -> 0 | AN36: =IF(AJ36=0,AI36,0) -> 0 | AO36: =IF(AND(AJ36>0,AJ36<AI36),AI36-AJ36,0) -> 49 | AP36: US-Accounts Receivable | AQ36: 161002 | AR36: 0 | AS36: 0
A37: mobilitycityofcoloradosprings | B37: ExistingCustomerEOM | C37: ExistingCustomerEOM | D37: -49 | E37: -49 | F37: 0 | G37: 0 | H37: 0 | I37: 0 | K37: 0 | L37: 0 | M37: 3 | N37: 3 | O37: New | P37: New | Q37: 0 | R37: 0 | S37: 0 | T37: 0 | U37: 0 | V37: 0 | W37: 0 | X37: 0 | Y37: 245 | Z37: 245 | AA37: Monthly | AB37: Monthly | AC37: HaPat | AD37: HaPat | AE37: 0 | AF37: 0 | AG37: 5 | AH37: 5 | AI37: =W37+ Y37+D37+H37 -> 196 | AJ37: =X37+Z37+E37+I37 -> 196 | AK37: =IF(AI37=0,AJ37,0) -> 0 | AL37: =IF(AND(AI37>0,AJ37>AI37),AJ37-AI37,0) -> 0 | AM37: =IF(AI37=AJ37,AJ37,0) -> 196 | AN37: =IF(AJ37=0,AI37,0) -> 0 | AO37: =IF(AND(AJ37>0,AJ37<AI37),AI37-AJ37,0) -> 0 | AP37: US-Accounts Receivable | AQ37: 133608 | AR37: 0 | AS37: 0
A38: mobilitycityofcostalalabama | B38: ExistingCustomerEOM | C38: ExistingCustomerEOM | D38: -44.8 | E38: -49 | F38: 0 | G38: 0 | H38: 0 | I38: 0 | K38: 0 | L38: 0 | M38: 3 | N38: 3 | O38: New | P38: New | Q38: 0 | R38: 0 | S38: 0 | T38: 0 | U38: 0 | V38: 0 | W38: 0 | X38: 0 | Y38: 224 | Z38: 245 | AA38: Monthly | AB38: Monthly | AC38: HaPat | AD38: HaPat | AE38: 0 | AF38: 0 | AG38: 5 | AH38: 5 | AI38: =W38+ Y38+D38+H38 -> 179.2 | AJ38: =X38+Z38+E38+I38 -> 196 | AK38: =IF(AI38=0,AJ38,0) -> 0 | AL38: =IF(AND(AI38>0,AJ38>AI38),AJ38-AI38,0) -> 16.8 | AM38: =IF(AI38=AJ38,AJ38,0) -> 0 | AN38: =IF(AJ38=0,AI38,0) -> 0 | AO38: =IF(AND(AJ38>0,AJ38<AI38),AI38-AJ38,0) -> 0 | AP38: US-Accounts Receivable | AQ38: 133608 | AR38: 0 | AS38: 0
A39: deccanfoods4 | B39: ExistingCustomerEOM | C39: ExistingCustomerEOM | D39: 0 | E39: 0 | F39: -31 | G39: 0 | H39: 0 | I39: 0 | K39: 0 | L39: 0 | M39: 4 | N39: 4 | O39: unknown | P39: New | Q39: 0 | R39: 0 | S39: 310 | T39: 0 | U39: 0 | V39: 0 | W39: 0 | X39: 0 | Y39: 508 | Z39: 508 | AA39: Monthly | AB39: Monthly | AC39: PhuPh | AD39: PhuPh | AE39: 0 | AF39: 0 | AG39: 3 | AH39: 3 | AI39: =W39+ Y39+D39+H39 -> 508 | AJ39: =X39+Z39+E39+I39 -> 508 | AK39: =IF(AI39=0,AJ39,0) -> 0 | AL39: =IF(AND(AI39>0,AJ39>AI39),AJ39-AI39,0) -> 0 | AM39: =IF(AI39=AJ39,AJ39,0) -> 508 | AN39: =IF(AJ39=0,AI39,0) -> 0 | AO39: =IF(AND(AJ39>0,AJ39<AI39),AI39-AJ39,0) -> 0 | AP39: US-Accounts Receivable | AQ39: 176596 | AR39: 0 | AS39: 0
A40: allfloridawallsystems2 | B40: ExistingCustomerEOM | C40: ExistingCustomerEOM | D40: 0 | E40: 0 | F40: 0 | G40: 0 | H40: 0 | I40: 0 | K40: 0 | L40: 0 | M40: 4 | N40: 4 | O40: New | P40: New | Q40: 0 | R40: 0 | S40: 0 | T40: 0 | U40: 0 | V40: 0 | W40: 0 | X40: 0 | Y40: 544 | Z40: 544 | AA40: Monthly | AB40: Monthly | AC40: HaPat | AD40: HaPat | AE40: 0 | AF40: 0 | AG40: 10 | AH40: 10 | AI40: =W40+ Y40+D40+H40 -> 544 | AJ40: =X40+Z40+E40+I40 -> 544 | AK40: =IF(AI40=0,AJ40,0) -> 0 | AL40: =IF(AND(AI40>0,AJ40>AI40),AJ40-AI40,0) -> 0 | AM40: =IF(AI40=AJ40,AJ40,0) -> 544 | AN40: =IF(AJ40=0,AI40,0) -> 0 | AO40: =IF(AND(AJ40>0,AJ40<AI40),AI40-AJ40,0) -> 0 | AP40: US-Accounts Receivable | AQ40: 186453 | AR40: 0 | AS40: 0
A41: templatepaulettedreher | B41: ExistingCustomerEOM | C41: ExistingCustomerEOM | D41: -59 | E41: -59 | F41: 0 | G41: 0 | H41: 0 | I41: 0 | K41: 0 | L41: 0 | M41: 4 | N41: 4 | O41: New | P41: New | Q41: 0 | R41: 0 | S41: 0 | T41: 0 | U41: 0 | V41: 0 | W41: 0 | X41: 0 | Y41: 59 | Z41: 59 | AA41: Monthly | AB41: Monthly | AC41: PhuPh | AD41: PhuPh | AE41: 0 | AF41: 0 | AG41: 1 | AH41: 1 | AI41: =W41+ Y41+D41+H41 -> 0 | AJ41: =X41+Z41+E41+I41 -> 0 | AK41: =IF(AI41=0,AJ41,0) -> 0 | AL41: =IF(AND(AI41>0,AJ41>AI41),AJ41-AI41,0) -> 0 | AM41: =IF(AI41=AJ41,AJ41,0) -> 0 | AN41: =IF(AJ41=0,AI41,0) -> 0 | AO41: =IF(AND(AJ41>0,AJ41<AI41),AI41-AJ41,0) -> 0 | AP41: US-Accounts Receivable | AQ41: 12018 | AR41: 0 | AS41: 0
A42: mehrcpa | B42: ExistingCustomerEOM | C42: ExistingCustomerEOM | D42: -25 | E42: -25 | F42: 0 | G42: 0 | H42: 0 | I42: 0 | K42: 0 | L42: 0 | M42: 1 | N42: 1 | O42: New | P42: New | Q42: 0 | R42: 0 | S42: 0 | T42: 0 | U42: 0 | V42: 0 | W42: 0 | X42: 0 | Y42: 25 | Z42: 25 | AA42: Monthly | AB42: Monthly | AC42: ShaLi | AD42: SukSa | AE42: 0 | AF42: 0 | AG42: 1 | AH42: 1 | AI42: =W42+ Y42+D42+H42 -> 0 | AJ42: =X42+Z42+E42+I42 -> 0 | AK42: =IF(AI42=0,AJ42,0) -> 0 | AL42: =IF(AND(AI42>0,AJ42>AI42),AJ42-AI42,0) -> 0 | AM42: =IF(AI42=AJ42,AJ42,0) -> 0 | AN42: =IF(AJ42=0,AI42,0) -> 0 | AO42: =IF(AND(AJ42>0,AJ42<AI42),AI42-AJ42,0) -> 0 | AP42: US-Accounts Receivable | AQ42: 14118 | AR42: 0 | AS42: 0
A43: reelwasterecycling | B43: ExistingCustomerEOM | C43: ExistingCustomerEOM | D43: 0 | E43: 0 | F43: -31 | G43: 0 | H43: 0 | I43: 0 | K43: 0 | L43: 0 | M43: 1 | N43: 1 | O43: unknown | P43: Classic | Q43: 0 | R43: 0 | S43: 310 | T43: 0 | U43: 0 | V43: 0 | W43: 245 | X43: 245 | Y43: 325 | Z43: 325 | AA43: Monthly | AB43: Monthly | AC43: ShaLi | AD43: ShaLi | AE43: 0 | AF43: 0 | AG43: 8 | AH43: 8 | AI43: =W43+ Y43+D43+H43 -> 570 | AJ43: =X43+Z43+E43+I43 -> 570 | AK43: =IF(AI43=0,AJ43,0) -> 0 | AL43: =IF(AND(AI43>0,AJ43>AI43),AJ43-AI43,0) -> 0 | AM43: =IF(AI43=AJ43,AJ43,0) -> 570 | AN43: =IF(AJ43=0,AI43,0) -> 0 | AO43: =IF(AND(AJ43>0,AJ43<AI43),AI43-AJ43,0) -> 0 | AP43: US-Accounts Receivable | AQ43: 14565 | AR43: 0 | AS43: 0
A44: valleypublishing | B44: ExistingCustomerEOM | C44: ExistingCustomerEOM | D44: 0 | E44: 0 | F44: 0 | G44: 0 | H44: 0 | I44: 0 | K44: 0 | L44: 0 | M44: 1 | N44: 1 | O44: Classic | P44: Classic | Q44: 0 | R44: 0 | S44: 0 | T44: 0 | U44: 0 | V44: 0 | W44: 25 | X44: 25 | Y44: 0 | Z44: 0 | AA44: Monthly | AB44: Monthly | AC44: JaiPa | AD44: JaiPa | AE44: 0 | AF44: 0 | AG44: 1 | AH44: 1 | AI44: =W44+ Y44+D44+H44 -> 25 | AJ44: =X44+Z44+E44+I44 -> 25 | AK44: =IF(AI44=0,AJ44,0) -> 0 | AL44: =IF(AND(AI44>0,AJ44>AI44),AJ44-AI44,0) -> 0 | AM44: =IF(AI44=AJ44,AJ44,0) -> 25 | AN44: =IF(AJ44=0,AI44,0) -> 0 | AO44: =IF(AND(AJ44>0,AJ44<AI44),AI44-AJ44,0) -> 0 | AP44: US-Accounts Receivable | AQ44: 15712 | AR44: 0 | AS44: 0
A45: louschcreations | B45: ExistingCustomerEOM | C45: ExistingCustomerEOM | D45: 0 | E45: 0 | F45: 0 | G45: 0 | H45: -8 | I45: -8 | K45: -72 | L45: -72 | M45: 1 | N45: 1 | O45: Classic | P45: Classic | Q45: 0 | R45: 0 | S45: 0 | T45: 0 | U45: 0 | V45: 0 | W45: 80 | X45: 80 | Y45: 0 | Z45: 0 | AA45: Prepay | AB45: Prepay | AC45: SukSa | AD45: SukSa | AE45: 0 | AF45: 0 | AG45: 2 | AH45: 2 | AI45: =W45+ Y45+D45+H45 -> 72 | AJ45: =X45+Z45+E45+I45 -> 72 | AK45: =IF(AI45=0,AJ45,0) -> 0 | AL45: =IF(AND(AI45>0,AJ45>AI45),AJ45-AI45,0) -> 0 | AM45: =IF(AI45=AJ45,AJ45,0) -> 72 | AN45: =IF(AJ45=0,AI45,0) -> 0 | AO45: =IF(AND(AJ45>0,AJ45<AI45),AI45-AJ45,0) -> 0 | AP45: US-Accounts Receivable | AQ45: 25891 | AR45: 0 | AS45: 0
A46: deltataudelta | B46: ExistingCustomerEOM | C46: ExistingCustomerEOM | D46: 0 | E46: 0 | F46: 0 | G46: 0 | H46: 0 | I46: 0 | K46: 0 | L46: 0 | M46: 3 | N46: 3 | O46: New | P46: New | Q46: 0 | R46: 0 | S46: 0 | T46: 0 | U46: 0 | V46: 0 | W46: 0 | X46: 0 | Y46: 172 | Z46: 172 | AA46: Monthly | AB46: Monthly | AC46: HaPat | AD46: HaPat | AE46: 0 | AF46: 0 | AG46: 4 | AH46: 4 | AI46: =W46+ Y46+D46+H46 -> 172 | AJ46: =X46+Z46+E46+I46 -> 172 | AK46: =IF(AI46=0,AJ46,0) -> 0 | AL46: =IF(AND(AI46>0,AJ46>AI46),AJ46-AI46,0) -> 0 | AM46: =IF(AI46=AJ46,AJ46,0) -> 172 | AN46: =IF(AJ46=0,AI46,0) -> 0 | AO46: =IF(AND(AJ46>0,AJ46<AI46),AI46-AJ46,0) -> 0 | AP46: US-Accounts Receivable | AQ46: 32842 | AR46: 0 | AS46: 0
... A77: beyonddetailedsolutions | B77: ExistingCustomerEOM | C77: ExistingCustomerEOM | D77: 0 | E77: 0 | F77: 0 | G77: 0 | H77: -3 | I77: -3 | K77: -25 | L77: -25 | M77: 1 | N77: 1 | O77: New | P77: New | Q77: 0 | R77: 0 | S77: 0 | T77: 0 | U77: 0 | V77: 0 | W77: 0 | X77: 0 | Y77: 28 | Z77: 28 | AA77: Prepay | AB77: Prepay | AC77: PhuPh | AD77: PhuPh | AE77: 0 | AF77: 0 | AG77: 1 | AH77: 1 | AI77: =W77+ Y77+D77+H77 -> 25 | AJ77: =X77+Z77+E77+I77 -> 25 | AK77: =IF(AI77=0,AJ77,0) -> 0 | AL77: =IF(AND(AI77>0,AJ77>AI77),AJ77-AI77,0) -> 0 | AM77: =IF(AI77=AJ77,AJ77,0) -> 25 | AN77: =IF(AJ77=0,AI77,0) -> 0 | AO77: =IF(AND(AJ77>0,AJ77<AI77),AI77-AJ77,0) -> 0 | AP77: US-Accounts Receivable | AQ77: 150052 | AR77: 0 | AS77: 0
A78: guardianangel | B78: ExistingCustomerEOM | C78: ExistingCustomerEOM | D78: 0 | E78: 0 | F78: 0 | G78: 0 | H78: 0 | I78: 0 | K78: 0 | L78: 0 | M78: 0 | N78: 0 | O78: unknown | P78: unknown | Q78: 0 | R78: 0 | S78: 0 | T78: 0 | U78: 0 | V78: 0 | W78: 0 | X78: 0 | Y78: 0 | Z78: 0 | AE78: 0 | AF78: 0 | AG78: 0 | AH78: 0 | AI78: =W78+ Y78+D78+H78 -> 0 | AJ78: =X78+Z78+E78+I78 -> 0 | AK78: =IF(AI78=0,AJ78,0) -> 0 | AL78: =IF(AND(AI78>0,AJ78>AI78),AJ78-AI78,0) -> 0 | AM78: =IF(AI78=AJ78,AJ78,0) -> 0 | AN78: =IF(AJ78=0,AI78,0) -> 0 | AO78: =IF(AND(AJ78>0,AJ78<AI78),AI78-AJ78,0) -> 0 | AP78: US-Accounts Receivable | AQ78: 150132 | AR78: 0 | AS78: 0
A79: lafittesseafood | B79: ExistingCustomerEOM | C79: ExistingCustomerEOM | D79: 0 | E79: 0 | F79: 0 | G79: 0 | H79: -15 | I79: -15 | K79: 1034 | L79: -94 | M79: 5 | N79: 5 | O79: New | P79: New | Q79: 0 | R79: 0 | S79: 0 | T79: 0 | U79: 0 | V79: 0 | W79: 0 | X79: 0 | Y79: 109 | Z79: 109 | AA79: Prepay | AB79: Prepay | AC79: ShaLi | AD79: SukSa | AE79: 0 | AF79: 0 | AG79: 3 | AH79: 3 | AI79: =W79+ Y79+D79+H79 -> 94 | AJ79: =X79+Z79+E79+I79 -> 94 | AK79: =IF(AI79=0,AJ79,0) -> 0 | AL79: =IF(AND(AI79>0,AJ79>AI79),AJ79-AI79,0) -> 0 | AM79: =IF(AI79=AJ79,AJ79,0) -> 94 | AN79: =IF(AJ79=0,AI79,0) -> 0 | AO79: =IF(AND(AJ79>0,AJ79<AI79),AI79-AJ79,0) -> 0 | AP79: US-Accounts Receivable | AQ79: 148736 | AR79: 0 | AS79: 0
A80: ebasesolutions2 | B80: ExistingCustomerEOM | C80: ExistingCustomerEOM | D80: 0 | E80: 0 | F80: 0 | G80: 0 | H80: 0 | I80: 0 | K80: 0 | L80: 0 | M80: 3 | N80: 3 | O80: New | P80: New | Q80: 0 | R80: 0 | S80: 0 | T80: 0 | U80: 0 | V80: 0 | W80: 0 | X80: 0 | Y80: 270 | Z80: 270 | AA80: Monthly | AB80: Monthly | AC80: MikPa | AD80: MikPa | AE80: 0 | AF80: 0 | AG80: 6 | AH80: 6 | AI80: =W80+ Y80+D80+H80 -> 270 | AJ80: =X80+Z80+E80+I80 -> 270 | AK80: =IF(AI80=0,AJ80,0) -> 0 | AL80: =IF(AND(AI80>0,AJ80>AI80),AJ80-AI80,0) -> 0 | AM80: =IF(AI80=AJ80,AJ80,0) -> 270 | AN80: =IF(AJ80=0,AI80,0) -> 0 | AO80: =IF(AND(AJ80>0,AJ80<AI80),AI80-AJ80,0) -> 0 | AP80: CAN-Accounts Receivable | AQ80: 151557 | AR80: 0 | AS80: 0
A81: bandkmurphyplumbingheatingandcoolingllc | B81: ExistingCustomerEOM | C81: ExistingCustomerEOM | D81: 0 | E81: 0 | F81: 0 | G81: 0 | H81: -14 | I81: -14 | K81: -124 | L81: -124 | M81: 3 | N81: 3 | O81: unknown | P81: unknown | Q81: 0 | R81: 0 | S81: 465 | T81: 77.5 | U81: 0 | V81: 0 | W81: 0 | X81: 0 | Y81: 138 | Z81: 138 | AA81: Prepay | AB81: Prepay | AC81: JaiPa | AD81: JaiPa | AE81: 0 | AF81: 0 | AG81: 3 | AH81: 3 | AI81: =W81+ Y81+D81+H81 -> 124 | AJ81: =X81+Z81+E81+I81 -> 124 | AK81: =IF(AI81=0,AJ81,0) -> 0 | AL81: =IF(AND(AI81>0,AJ81>AI81),AJ81-AI81,0) -> 0 | AM81: =IF(AI81=AJ81,AJ81,0) -> 124 | AN81: =IF(AJ81=0,AI81,0) -> 0 | AO81: =IF(AND(AJ81>0,AJ81<AI81),AI81-AJ81,0) -> 0 | AP81: US-Accounts Receivable | AQ81: 152999 | AR81: 0 | AS81: 0
A82: bramattcomputingltd | B82: ExistingCustomerEOM | C82: ExistingCustomerEOM | D82: 0 | E82: 0 | F82: 0 | G82: 0 | H82: -31.7 | I82: -31.7 | K82: -285.3 | L82: -285.3 | M82: 5 | N82: 5 | O82: New | P82: New | Q82: 0 | R82: 0 | S82: 0 | T82: 0 | U82: 0 | V82: 0 | W82: 0 | X82: 0 | Y82: 317 | Z82: 317 | AA82: Prepay | AB82: Prepay | AC82: HaPat | AD82: HaPat | AE82: 0 | AF82: 0 | AG82: 5 | AH82: 5 | AI82: =W82+ Y82+D82+H82 -> 285.3 | AJ82: =X82+Z82+E82+I82 -> 285.3 | AK82: =IF(AI82=0,AJ82,0) -> 0 | AL82: =IF(AND(AI82>0,AJ82>AI82),AJ82-AI82,0) -> 0 | AM82: =IF(AI82=AJ82,AJ82,0) -> 285.3 | AN82: =IF(AJ82=0,AI82,0) -> 0 | AO82: =IF(AND(AJ82>0,AJ82<AI82),AI82-AJ82,0) -> 0 | AP82: US-Accounts Receivable | AQ82: 152961 | AR82: 0 | AS82: 0
A83: beaconseed | B83: ExistingCustomerEOM | C83: ExistingCustomerEOM | D83: 0 | E83: 0 | F83: 0 | G83: 0 | H83: 0 | I83: 0 | K83: 0 | L83: 0 | M83: 3 | N83: 3 | O83: New | P83: New | Q83: 0 | R83: 0 | S83: 0 | T83: 0 | U83: 0 | V83: 0 | W83: 0 | X83: 0 | Y83: 147 | Z83: 147 | AA83: Monthly | AB83: Monthly | AC83: SukSa | AD83: SukSa | AE83: 0 | AF83: 0 | AG83: 3 | AH83: 3 | AI83: =W83+ Y83+D83+H83 -> 147 | AJ83: =X83+Z83+E83+I83 -> 147 | AK83: =IF(AI83=0,AJ83,0) -> 0 | AL83: =IF(AND(AI83>0,AJ83>AI83),AJ83-AI83,0) -> 0 | AM83: =IF(AI83=AJ83,AJ83,0) -> 147 | AN83: =IF(AJ83=0,AI83,0) -> 0 | AO83: =IF(AND(AJ83>0,AJ83<AI83),AI83-AJ83,0) -> 0 | AP83: US-Accounts Receivable | AQ83: 152970 | AR83: 0 | AS83: 0
A84: wtidistributioninc | B84: ExistingCustomerEOM | C84: ExistingCustomerEOM | D84: 0 | E84: 0 | F84: 0 | G84: 0 | H84: -4 | I84: -4 | K84: -36 | L84: -36 | M84: 2 | N84: 2 | O84: New | P84: New | Q84: 0 | R84: 0 | S84: 0 | T84: 0 | U84: 0 | V84: 0 | W84: 0 | X84: 0 | Y84: 40 | Z84: 40 | AA84: Prepay | AB84: Prepay | AC84: RafSy | AD84: RafSy | AE84: 0 | AF84: 0 | AG84: 1 | AH84: 1 | AI84: =W84+ Y84+D84+H84 -> 36 | AJ84: =X84+Z84+E84+I84 -> 36 | AK84: =IF(AI84=0,AJ84,0) -> 0 | AL84: =IF(AND(AI84>0,AJ84>AI84),AJ84-AI84,0) -> 0 | AM84: =IF(AI84=AJ84,AJ84,0) -> 36 | AN84: =IF(AJ84=0,AI84,0) -> 0 | AO84: =IF(AND(AJ84>0,AJ84<AI84),AI84-AJ84,0) -> 0 | AP84: US-Accounts Receivable | AQ84: 154920 | AR84: 0 | AS84: 0
A85: colonyroofing | B85: ExistingCustomerEOM | C85: ExistingCustomerEOM | D85: 0 | E85: 0 | F85: 0 | G85: 0 | H85: 0 | I85: 0 | K85: 0 | L85: 0 | M85: 3 | N85: 3 | O85: New | P85: New | Q85: 0 | R85: 0 | S85: 0 | T85: 0 | U85: 0 | V85: 0 | W85: 0 | X85: 0 | Y85: 322 | Z85: 322 | AA85: Monthly | AB85: Monthly | AC85: MikPa | AD85: MikPa | AE85: 0 | AF85: 0 | AG85: 7 | AH85: 7 | AI85: =W85+ Y85+D85+H85 -> 322 | AJ85: =X85+Z85+E85+I85 -> 322 | AK85: =IF(AI85=0,AJ85,0) -> 0 | AL85: =IF(AND(AI85>0,AJ85>AI85),AJ85-AI85,0) -> 0 | AM85: =IF(AI85=AJ85,AJ85,0) -> 322 | AN85: =IF(AJ85=0,AI85,0) -> 0 | AO85: =IF(AND(AJ85>0,AJ85<AI85),AI85-AJ85,0) -> 0 | AP85: US-Accounts Receivable | AQ85: 156444 | AR85: 0 | AS85: 0
A86: pioneersourcingsolutionsllc | B86: ExistingCustomerEOM | C86: ExistingCustomerEOM | D86: 0 | E86: 0 | F86: 0 | G86: 0 | H86: -3 | I86: -3 | K86: 275 | L86: -25 | M86: 1 | N86: 1 | O86: New | P86: New | Q86: 0 | R86: 0 | S86: 0 | T86: 0 | U86: 0 | V86: 0 | W86: 0 | X86: 0 | Y86: 28 | Z86: 28 | AA86: Prepay | AB86: Prepay | AC86: RafSy | AD86: RafSy | AE86: 0 | AF86: 0 | AG86: 1 | AH86: 1 | AI86: =W86+ Y86+D86+H86 -> 25 | AJ86: =X86+Z86+E86+I86 -> 25 | AK86: =IF(AI86=0,AJ86,0) -> 0 | AL86: =IF(AND(AI86>0,AJ86>AI86),AJ86-AI86,0) -> 0 | AM86: =IF(AI86=AJ86,AJ86,0) -> 25 | AN86: =IF(AJ86=0,AI86,0) -> 0 | AO86: =IF(AND(AJ86>0,AJ86<AI86),AI86-AJ86,0) -> 0 | AP86: US-Accounts Receivable | AQ86: 158737 | AR86: 0 | AS86: 0
A87: jdshouseoftrophies | B87: ExistingCustomerEOM | C87: ExistingCustomerEOM | D87: 0 | E87: 0 | F87: 0 | G87: 0 | H87: 0 | I87: 0 | K87: 0 | L87: 0 | M87: 3 | N87: 3 | O87: New | P87: New | Q87: 0 | R87: 0 | S87: 0 | T87: 0 | U87: 0 | V87: 0 | W87: 0 | X87: 0 | Y87: 196 | Z87: 196 | AA87: Monthly | AB87: Monthly | AC87: PhuPh | AD87: PhuPh | AE87: 0 | AF87: 0 | AG87: 4 | AH87: 4 | AI87: =W87+ Y87+D87+H87 -> 196 | AJ87: =X87+Z87+E87+I87 -> 196 | AK87: =IF(AI87=0,AJ87,0) -> 0 | AL87: =IF(AND(AI87>0,AJ87>AI87),AJ87-AI87,0) -> 0 | AM87: =IF(AI87=AJ87,AJ87,0) -> 196 | AN87: =IF(AJ87=0,AI87,0) -> 0 | AO87: =IF(AND(AJ87>0,AJ87<AI87),AI87-AJ87,0) -> 0 | AP87: US-Accounts Receivable | AQ87: 158724 | AR87: 0 | AS87: 0
A88: finelinecreativeartscenter | B88: ExistingCustomerEOM | C88: ExistingCustomerEOM | D88: 0 | E88: 0 | F88: 0 | G88: 0 | H88: -5.6 | I88: -5.6 | K88: 554.4 | L88: -50.4 | M88: 1 | N88: 1 | O88: New | P88: New | Q88: 0 | R88: 0 | S88: 0 | T88: 0 | U88: 0 | V88: 0 | W88: 0 | X88: 0 | Y88: 56 | Z88: 56 | AA88: Prepay | AB88: Prepay | AC88: RafSy | AD88: RafSy | AE88: 0 | AF88: 0 | AG88: 2 | AH88: 2 | AI88: =W88+ Y88+D88+H88 -> 50.4 | AJ88: =X88+Z88+E88+I88 -> 50.4 | AK88: =IF(AI88=0,AJ88,0) -> 0 | AL88: =IF(AND(AI88>0,AJ88>AI88),AJ88-AI88,0) -> 0 | AM88: =IF(AI88=AJ88,AJ88,0) -> 50.4 | AN88: =IF(AJ88=0,AI88,0) -> 0 | AO88: =IF(AND(AJ88>0,AJ88<AI88),AI88-AJ88,0) -> 0 | AP88: US-Accounts Receivable | AQ88: 158733 | AR88: 0 | AS88: 0
A89: casanapleshomewatch | B89: ExistingCustomerEOM | C89: ExistingCustomerEOM | D89: 0 | E89: 0 | F89: 0 | G89: 0 | H89: 0 | I89: 0 | K89: 0 | L89: 0 | M89: 1 | N89: 1 | O89: New | P89: New | Q89: 0 | R89: 0 | S89: 0 | T89: 0 | U89: 0 | V89: 0 | W89: 0 | X89: 0 | Y89: 28 | Z89: 28 | AA89: Monthly | AB89: Monthly | AC89: PhuPh | AD89: PhuPh | AE89: 0 | AF89: 0 | AG89: 1 | AH89: 1 | AI89: =W89+ Y89+D89+H89 -> 28 | AJ89: =X89+Z89+E89+I89 -> 28 | AK89: =IF(AI89=0,AJ89,0) -> 0 | AL89: =IF(AND(AI89>0,AJ89>AI89),AJ89-AI89,0) -> 0 | AM89: =IF(AI89=AJ89,AJ89,0) -> 28 | AN89: =IF(AJ89=0,AI89,0) -> 0 | AO89: =IF(AND(AJ89>0,AJ89<AI89),AI89-AJ89,0) -> 0 | AP89: US-Accounts Receivable | AQ89: 159752 | AR89: 0 | AS89: 0
A90: pghorticulturelimited | B90: ExistingCustomerEOM | C90: ExistingCustomerEOM | D90: 0 | E90: 0 | F90: 0 | G90: 0 | H90: -24.8 | I90: -27.6 | K90: -223.2 | L90: -248.4 | M90: 4 | N90: 4 | O90: New | P90: New | Q90: 0 | R90: 0 | S90: 0 | T90: 0 | U90: 0 | V90: 0 | W90: 0 | X90: 0 | Y90: 248 | Z90: 276 | AA90: Prepay | AB90: Prepay | AC90: ShaLi | AD90: ShaLi | AE90: 0 | AF90: 0 | AG90: 5 | AH90: 6 | AI90: =W90+ Y90+D90+H90 -> 223.2 | AJ90: =X90+Z90+E90+I90 -> 248.4 | AK90: =IF(AI90=0,AJ90,0) -> 0 | AL90: =IF(AND(AI90>0,AJ90>AI90),AJ90-AI90,0) -> 25.2 | AM90: =IF(AI90=AJ90,AJ90,0) -> 0 | AN90: =IF(AJ90=0,AI90,0) -> 0 | AO90: =IF(AND(AJ90>0,AJ90<AI90),AI90-AJ90,0) -> 0 | AP90: US-Accounts Receivable | AQ90: 159868 | AR90: 0 | AS90: 0
... A109: outlookfilm3 | B109: ExistingCustomerEOM | C109: ExistingCustomerEOM | D109: 0 | E109: 0 | F109: 0 | G109: 0 | H109: -59.25 | I109: -67 | K109: -177.75 | L109: -201 | M109: 4 | N109: 4 | O109: New | P109: New | Q109: 0 | R109: 0 | S109: 0 | T109: 0 | U109: 0 | V109: 0 | W109: 0 | X109: 0 | Y109: 562 | Z109: 593 | AA109: Prepay | AB109: Prepay | AC109: ShaLi | AD109: ShaLi | AE109: 0 | AF109: 0 | AG109: 6 | AH109: 6 | AI109: =W109+ Y109+D109+H109 -> 502.75 | AJ109: =X109+Z109+E109+I109 -> 526 | AK109: =IF(AI109=0,AJ109,0) -> 0 | AL109: =IF(AND(AI109>0,AJ109>AI109),AJ109-AI109,0) -> 23.25 | AM109: =IF(AI109=AJ109,AJ109,0) -> 0 | AN109: =IF(AJ109=0,AI109,0) -> 0 | AO109: =IF(AND(AJ109>0,AJ109<AI109),AI109-AJ109,0) -> 0 | AP109: CAN-Accounts Receivable | AQ109: 181501 | AR109: 0 | AS109: 0
A110: waterwaysrestoration | B110: ExistingCustChurn | C110: ExistingCustChurn | D110: 0 | E110: 0 | F110: 0 | G110: 0 | H110: 0 | I110: 0 | K110: 0 | L110: 0 | M110: 3 | N110: 0 | O110: New | P110: unknown | Q110: 0 | R110: 0 | S110: 0 | T110: 0 | U110: 0 | V110: 52 | W110: 0 | X110: 0 | Y110: 52 | Z110: 0 | AA110: Monthly | AC110: ChWon | AE110: 0 | AF110: 0 | AG110: 1 | AH110: 0 | AI110: =W110+ Y110+D110+H110 -> 52 | AJ110: =X110+Z110+E110+I110 -> 0 | AK110: =IF(AI110=0,AJ110,0) -> 0 | AL110: =IF(AND(AI110>0,AJ110>AI110),AJ110-AI110,0) -> 0 | AM110: =IF(AI110=AJ110,AJ110,0) -> 0 | AN110: =IF(AJ110=0,AI110,0) -> 52 | AO110: =IF(AND(AJ110>0,AJ110<AI110),AI110-AJ110,0) -> 0 | AP110: US-Accounts Receivable | AQ110: 181431 | AR110: 0 | AS110: 0
A111: fullcitysupply3 | B111: ExistingCustomerEOM | C111: ExistingCustomerEOM | D111: 0 | E111: 0 | F111: 0 | G111: 0 | H111: 0 | I111: 0 | K111: 0 | L111: 0 | M111: 4 | N111: 3 | O111: New | P111: New | Q111: 0 | R111: 0 | S111: 0 | T111: 0 | U111: 0 | V111: 0 | W111: 0 | X111: 0 | Y111: 153 | Z111: 144 | AA111: Monthly | AB111: Monthly | AC111: ChWon | AD111: RafSy | AE111: 0 | AF111: 0 | AG111: 3 | AH111: 3 | AI111: =W111+ Y111+D111+H111 -> 153 | AJ111: =X111+Z111+E111+I111 -> 144 | AK111: =IF(AI111=0,AJ111,0) -> 0 | AL111: =IF(AND(AI111>0,AJ111>AI111),AJ111-AI111,0) -> 0 | AM111: =IF(AI111=AJ111,AJ111,0) -> 0 | AN111: =IF(AJ111=0,AI111,0) -> 0 | AO111: =IF(AND(AJ111>0,AJ111<AI111),AI111-AJ111,0) -> 9 | AP111: CAN-Accounts Receivable | AQ111: 181424 | AR111: 0 | AS111: 0
A112: gaylordhardwood | B112: ExistingCustomerEOM | C112: ExistingCustomerEOM | D112: 0 | E112: 0 | F112: 0 | G112: -46.5 | H112: 0 | I112: 0 | K112: 0 | L112: 0 | M112: 4 | N112: 4 | O112: New | P112: unknown | Q112: 0 | R112: 0 | S112: 0 | T112: 465 | U112: 0 | V112: 0 | W112: 0 | X112: 0 | Y112: 524 | Z112: 524 | AA112: Monthly | AB112: Monthly | AC112: PhuPh | AD112: PhuPh | AE112: 0 | AF112: 0 | AG112: 4 | AH112: 4 | AI112: =W112+ Y112+D112+H112 -> 524 | AJ112: =X112+Z112+E112+I112 -> 524 | AK112: =IF(AI112=0,AJ112,0) -> 0 | AL112: =IF(AND(AI112>0,AJ112>AI112),AJ112-AI112,0) -> 0 | AM112: =IF(AI112=AJ112,AJ112,0) -> 524 | AN112: =IF(AJ112=0,AI112,0) -> 0 | AO112: =IF(AND(AJ112>0,AJ112<AI112),AI112-AJ112,0) -> 0 | AP112: CAN-Accounts Receivable | AQ112: 181455 | AR112: 0 | AS112: 0
A113: propercarehomeservices | B113: ExistingCustomerEOM | C113: ExistingCustomerEOM | D113: 0 | E113: 0 | F113: 0 | G113: 0 | H113: 0 | I113: 0 | K113: 0 | L113: 0 | M113: 1 | N113: 1 | O113: New | P113: New | Q113: 0 | R113: 0 | S113: 0 | T113: 0 | U113: 0 | V113: 0 | W113: 0 | X113: 0 | Y113: 28 | Z113: 28 | AA113: Monthly | AB113: Monthly | AC113: PhuPh | AD113: PhuPh | AE113: 0 | AF113: 0 | AG113: 1 | AH113: 1 | AI113: =W113+ Y113+D113+H113 -> 28 | AJ113: =X113+Z113+E113+I113 -> 28 | AK113: =IF(AI113=0,AJ113,0) -> 0 | AL113: =IF(AND(AI113>0,AJ113>AI113),AJ113-AI113,0) -> 0 | AM113: =IF(AI113=AJ113,AJ113,0) -> 28 | AN113: =IF(AJ113=0,AI113,0) -> 0 | AO113: =IF(AND(AJ113>0,AJ113<AI113),AI113-AJ113,0) -> 0 | AP113: US-Accounts Receivable | AQ113: 186469 | AR113: 0 | AS113: 0
A114: memiairellc | B114: ExistingCustomerEOM | C114: ExistingCustomerEOM | D114: 0 | E114: 0 | F114: -31 | G114: 0 | H114: -33.5 | I114: -33.5 | K114: -100.5 | L114: -100.5 | M114: 5 | N114: 5 | O114: unknown | P114: New | Q114: 0 | R114: 0 | S114: 310 | T114: 0 | U114: 0 | V114: 0 | W114: 0 | X114: 0 | Y114: 459 | Z114: 459 | AA114: Prepay | AB114: Prepay | AC114: ShaLi | AD114: ShaLi | AE114: 0 | AF114: 0 | AG114: 2 | AH114: 2 | AI114: =W114+ Y114+D114+H114 -> 425.5 | AJ114: =X114+Z114+E114+I114 -> 425.5 | AK114: =IF(AI114=0,AJ114,0) -> 0 | AL114: =IF(AND(AI114>0,AJ114>AI114),AJ114-AI114,0) -> 0 | AM114: =IF(AI114=AJ114,AJ114,0) -> 425.5 | AN114: =IF(AJ114=0,AI114,0) -> 0 | AO114: =IF(AND(AJ114>0,AJ114<AI114),AI114-AJ114,0) -> 0 | AP114: US-Accounts Receivable | AQ114: 186442 | AR114: 0 | AS114: 0
A115: partontreeservicesllc | B115: ExistingCustomerEOM | C115: ExistingCustomerEOM | D115: 0 | E115: 0 | F115: 0 | G115: 0 | H115: -5 | I115: -5 | K115: -44 | L115: -44 | M115: 3 | N115: 3 | O115: New | P115: New | Q115: 0 | R115: 0 | S115: 0 | T115: 0 | U115: 0 | V115: 0 | W115: 0 | X115: 0 | Y115: 49 | Z115: 49 | AA115: Prepay | AB115: Prepay | AC115: ChWon | AD115: SukSa | AE115: 0 | AF115: 0 | AG115: 1 | AH115: 1 | AI115: =W115+ Y115+D115+H115 -> 44 | AJ115: =X115+Z115+E115+I115 -> 44 | AK115: =IF(AI115=0,AJ115,0) -> 0 | AL115: =IF(AND(AI115>0,AJ115>AI115),AJ115-AI115,0) -> 0 | AM115: =IF(AI115=AJ115,AJ115,0) -> 44 | AN115: =IF(AJ115=0,AI115,0) -> 0 | AO115: =IF(AND(AJ115>0,AJ115<AI115),AI115-AJ115,0) -> 0 | AP115: US-Accounts Receivable | AQ115: 186462 | AR115: 0 | AS115: 0
A116: rockymountainstickerco | B116: ExistingCustomerEOM | C116: ExistingCustomerEOM | D116: 0 | E116: 0 | F116: 0 | G116: 0 | H116: 0 | I116: 0 | K116: 0 | L116: 0 | M116: 3 | N116: 3 | O116: New | P116: New | Q116: 0 | R116: 0 | S116: 0 | T116: 0 | U116: 0 | V116: 0 | W116: 0 | X116: 0 | Y116: 52 | Z116: 52 | AA116: Monthly | AB116: Monthly | AC116: ChWon | AD116: RafSy | AE116: 0 | AF116: 0 | AG116: 1 | AH116: 1 | AI116: =W116+ Y116+D116+H116 -> 52 | AJ116: =X116+Z116+E116+I116 -> 52 | AK116: =IF(AI116=0,AJ116,0) -> 0 | AL116: =IF(AND(AI116>0,AJ116>AI116),AJ116-AI116,0) -> 0 | AM116: =IF(AI116=AJ116,AJ116,0) -> 52 | AN116: =IF(AJ116=0,AI116,0) -> 0 | AO116: =IF(AND(AJ116>0,AJ116<AI116),AI116-AJ116,0) -> 0 | AP116: US-Accounts Receivable | AQ116: 186450 | AR116: 0 | AS116: 0
A117: heartlandforestconsultingllc | B117: ExistingCustomerEOM | C117: ExistingCustomerEOM | D117: 0 | E117: 0 | F117: 0 | G117: 0 | H117: 0 | I117: 0 | K117: 0 | L117: 0 | M117: 3 | N117: 3 | O117: New | P117: New | Q117: 0 | R117: 0 | S117: 0 | T117: 0 | U117: 0 | V117: 0 | W117: 0 | X117: 0 | Y117: 423 | Z117: 423 | AA117: Monthly | AB117: Monthly | AC117: HaPat | AD117: HaPat | AE117: 0 | AF117: 0 | AG117: 2 | AH117: 2 | AI117: =W117+ Y117+D117+H117 -> 423 | AJ117: =X117+Z117+E117+I117 -> 423 | AK117: =IF(AI117=0,AJ117,0) -> 0 | AL117: =IF(AND(AI117>0,AJ117>AI117),AJ117-AI117,0) -> 0 | AM117: =IF(AI117=AJ117,AJ117,0) -> 423 | AN117: =IF(AJ117=0,AI117,0) -> 0 | AO117: =IF(AND(AJ117>0,AJ117<AI117),AI117-AJ117,0) -> 0 | AP117: US-Accounts Receivable | AQ117: 187075 | AR117: 0 | AS117: 0
A118: webcoteindustries2 | B118: ExistingCustomerEOM | C118: ExistingCustomerEOM | D118: 0 | E118: 0 | F118: 0 | G118: 0 | H118: 0 | I118: 0 | K118: 0 | L118: 0 | M118: 4 | N118: 4 | O118: New | P118: New | Q118: 0 | R118: 0 | S118: 0 | T118: 0 | U118: 0 | V118: 0 | W118: 0 | X118: 0 | Y118: 220 | Z118: 220 | AA118: Monthly | AB118: Monthly | AC118: PhuPh | AD118: PhuPh | AE118: 0 | AF118: 0 | AG118: 4 | AH118: 4 | AI118: =W118+ Y118+D118+H118 -> 220 | AJ118: =X118+Z118+E118+I118 -> 220 | AK118: =IF(AI118=0,AJ118,0) -> 0 | AL118: =IF(AND(AI118>0,AJ118>AI118),AJ118-AI118,0) -> 0 | AM118: =IF(AI118=AJ118,AJ118,0) -> 220 | AN118: =IF(AJ118=0,AI118,0) -> 0 | AO118: =IF(AND(AJ118>0,AJ118<AI118),AI118-AJ118,0) -> 0 | AP118: US-Accounts Receivable | AQ118: 189282 | AR118: 0 | AS118: 0
A119: internationalstairproductsinc | B119: ExistingCustomerEOM | C119: ExistingCustomerEOM | D119: 0 | E119: 0 | F119: 0 | G119: 0 | H119: 0 | I119: 0 | K119: 0 | L119: 0 | M119: 4 | N119: 4 | O119: New | P119: New | Q119: 0 | R119: 0 | S119: 0 | T119: 0 | U119: 0 | V119: 0 | W119: 0 | X119: 0 | Y119: 79 | Z119: 79 | AA119: Monthly | AB119: Monthly | AC119: ChWon | AD119: SukSa | AE119: 0 | AF119: 0 | AG119: 2 | AH119: 2 | AI119: =W119+ Y119+D119+H119 -> 79 | AJ119: =X119+Z119+E119+I119 -> 79 | AK119: =IF(AI119=0,AJ119,0) -> 0 | AL119: =IF(AND(AI119>0,AJ119>AI119),AJ119-AI119,0) -> 0 | AM119: =IF(AI119=AJ119,AJ119,0) -> 79 | AN119: =IF(AJ119=0,AI119,0) -> 0 | AO119: =IF(AND(AJ119>0,AJ119<AI119),AI119-AJ119,0) -> 0 | AP119: US-Accounts Receivable | AQ119: 189272 | AR119: 0 | AS119: 0
A120: r365itservicesinc2 | B120: ExistingCustomerEOM | C120: ExistingCustomerEOM | D120: 0 | E120: 0 | F120: 0 | G120: 0 | H120: -19.75 | I120: -19.75 | K120: -59.25 | L120: -59.25 | M120: 4 | N120: 4 | O120: New | P120: New | Q120: 0 | R120: 0 | S120: 0 | T120: 0 | U120: 0 | V120: 0 | W120: 0 | X120: 0 | Y120: 79 | Z120: 79 | AA120: Prepay | AB120: Prepay | AC120: ChWon | AD120: SukSa | AE120: 0 | AF120: 0 | AG120: 2 | AH120: 2 | AI120: =W120+ Y120+D120+H120 -> 59.25 | AJ120: =X120+Z120+E120+I120 -> 59.25 | AK120: =IF(AI120=0,AJ120,0) -> 0 | AL120: =IF(AND(AI120>0,AJ120>AI120),AJ120-AI120,0) -> 0 | AM120: =IF(AI120=AJ120,AJ120,0) -> 59.25 | AN120: =IF(AJ120=0,AI120,0) -> 0 | AO120: =IF(AND(AJ120>0,AJ120<AI120),AI120-AJ120,0) -> 0 | AP120: CAN-Accounts Receivable | AQ120: 189521 | AR120: 0 | AS120: 0
A121: wedgwoodgardencenterinc | B121: ExistingCustomerEOM | C121: ExistingCustomerEOM | D121: 0 | E121: 0 | F121: 0 | G121: 0 | H121: 0 | I121: 0 | K121: 0 | L121: 0 | M121: 4 | N121: 4 | O121: New | P121: New | Q121: 0 | R121: 0 | S121: 0 | T121: 0 | U121: 0 | V121: 0 | W121: 0 | X121: 0 | Y121: 61 | Z121: 61 | AA121: Monthly | AB121: Monthly | AC121: ChWon | AD121: RafSy | AE121: 0 | AF121: 0 | AG121: 1 | AH121: 1 | AI121: =W121+ Y121+D121+H121 -> 61 | AJ121: =X121+Z121+E121+I121 -> 61 | AK121: =IF(AI121=0,AJ121,0) -> 0 | AL121: =IF(AND(AI121>0,AJ121>AI121),AJ121-AI121,0) -> 0 | AM121: =IF(AI121=AJ121,AJ121,0) -> 61 | AN121: =IF(AJ121=0,AI121,0) -> 0 | AO121: =IF(AND(AJ121>0,AJ121<AI121),AI121-AJ121,0) -> 0 | AP121: US-Accounts Receivable | AQ121: 190520 | AR121: 0 | AS121: 0
A122: threespringsministriesinc | B122: ExistingCustomerEOM | C122: ExistingCustomerEOM | D122: 0 | E122: 0 | F122: 0 | G122: 0 | H122: -30.5 | I122: -30.5 | K122: -91.5 | L122: -91.5 | M122: 4 | N122: 4 | O122: New | P122: New | Q122: 0 | R122: 0 | S122: 0 | T122: 0 | U122: 0 | V122: 0 | W122: 0 | X122: 0 | Y122: 122 | Z122: 122 | AA122: Prepay | AB122: Prepay | AC122: ChWon | AD122: SukSa | AE122: 0 | AF122: 0 | AG122: 2 | AH122: 2 | AI122: =W122+ Y122+D122+H122 -> 91.5 | AJ122: =X122+Z122+E122+I122 -> 91.5 | AK122: =IF(AI122=0,AJ122,0) -> 0 | AL122: =IF(AND(AI122>0,AJ122>AI122),AJ122-AI122,0) -> 0 | AM122: =IF(AI122=AJ122,AJ122,0) -> 91.5 | AN122: =IF(AJ122=0,AI122,0) -> 0 | AO122: =IF(AND(AJ122>0,AJ122<AI122),AI122-AJ122,0) -> 0 | AP122: US-Accounts Receivable | AQ122: 190514 | AR122: 0 | AS122: 0
... A242: pifinance | B242: NewCustomerEOM | C242: ExistingCustomerEOM | D242: 0 | E242: 0 | F242: 0 | G242: 0 | H242: 0 | I242: 0 | K242: 0 | L242: 0 | M242: 1 | N242: 1 | O242: New | P242: New | Q242: 0 | R242: 0 | S242: 0 | T242: 0 | U242: 0 | V242: 0 | W242: 0 | X242: 0 | Y242: 112 | Z242: 28 | AA242: Monthly | AB242: Monthly | AC242: ChWon | AD242: KayKa | AE242: 0 | AF242: 0 | AG242: 2 | AH242: 1 | AI242: =W242+ Y242+D242+H242 -> 112 | AJ242: =X242+Z242+E242+I242 -> 28 | AK242: =IF(AI242=0,AJ242,0) -> 0 | AL242: =IF(AND(AI242>0,AJ242>AI242),AJ242-AI242,0) -> 0 | AM242: =IF(AI242=AJ242,AJ242,0) -> 0 | AN242: =IF(AJ242=0,AI242,0) -> 0 | AO242: =IF(AND(AJ242>0,AJ242<AI242),AI242-AJ242,0) -> 84 | AP242: CAN-Accounts Receivable | AQ242: 199114 | AR242: 0 | AS242: 0
A243: marcospecialtysteel2 | B243: ExistingCustChurn | D243: 0 | E243: 0 | F243: 0 | G243: 0 | H243: 0 | I243: 0 | K243: -4022 | L243: 0 | M243: 0 | N243: 0 | O243: New | Q243: 0 | R243: 0 | S243: 0 | T243: 0 | U243: 0 | V243: 0 | W243: 0 | X243: 0 | Y243: 4022 | Z243: 0 | AA243: Prepay | AC243: NelDe | AE243: 0 | AF243: 0 | AG243: 0 | AH243: 0 | AI243: =W243+ Y243+D243+H243 -> 4022 | AJ243: =X243+Z243+E243+I243 -> 0 | AK243: =IF(AI243=0,AJ243,0) -> 0 | AL243: =IF(AND(AI243>0,AJ243>AI243),AJ243-AI243,0) -> 0 | AM243: =IF(AI243=AJ243,AJ243,0) -> 0 | AN243: =IF(AJ243=0,AI243,0) -> 4022 | AO243: =IF(AND(AJ243>0,AJ243<AI243),AI243-AJ243,0) -> 0 | AP243: US-Accounts Receivable | AQ243: 6442 | AR243: 4022 | AS243: 0
A244: mitchellelectronics | B244: ExistingCustChurn | D244: 0 | E244: 0 | F244: 0 | G244: 0 | H244: 0 | I244: 0 | K244: -4260 | L244: 0 | M244: 0 | N244: 0 | O244: New | Q244: 0 | R244: 0 | S244: 0 | T244: 0 | U244: 0 | V244: 0 | W244: 0 | X244: 0 | Y244: 4260 | Z244: 0 | AA244: Prepay | AC244: NelDe | AE244: 0 | AF244: 0 | AG244: 0 | AH244: 0 | AI244: =W244+ Y244+D244+H244 -> 4260 | AJ244: =X244+Z244+E244+I244 -> 0 | AK244: =IF(AI244=0,AJ244,0) -> 0 | AL244: =IF(AND(AI244>0,AJ244>AI244),AJ244-AI244,0) -> 0 | AM244: =IF(AI244=AJ244,AJ244,0) -> 0 | AN244: =IF(AJ244=0,AI244,0) -> 4260 | AO244: =IF(AND(AJ244>0,AJ244<AI244),AI244-AJ244,0) -> 0 | AP244: US-Accounts Receivable | AQ244: 77377 | AR244: 4260 | AS244: 0
A245: unimotionusa | B245: ExistingCustChurn | D245: 0 | E245: 0 | F245: 0 | G245: 0 | H245: 0 | I245: 0 | K245: -1152 | L245: 0 | M245: 0 | N245: 0 | O245: New | Q245: 0 | R245: 0 | S245: 0 | T245: 0 | U245: 0 | V245: 0 | W245: 0 | X245: 0 | Y245: 1152 | Z245: 0 | AA245: Prepay | AC245: NelDe | AE245: 0 | AF245: 0 | AG245: 0 | AH245: 0 | AI245: =W245+ Y245+D245+H245 -> 1152 | AJ245: =X245+Z245+E245+I245 -> 0 | AK245: =IF(AI245=0,AJ245,0) -> 0 | AL245: =IF(AND(AI245>0,AJ245>AI245),AJ245-AI245,0) -> 0 | AM245: =IF(AI245=AJ245,AJ245,0) -> 0 | AN245: =IF(AJ245=0,AI245,0) -> 1152 | AO245: =IF(AND(AJ245>0,AJ245<AI245),AI245-AJ245,0) -> 0 | AP245: US-Accounts Receivable | AQ245: 139867 | AR245: 1152 | AS245: 0
A246: domhp1 | B246: ExistingCustChurn | D246: 0 | E246: 0 | F246: 0 | G246: 0 | H246: 0 | I246: 0 | K246: -500 | L246: 0 | M246: 0 | N246: 0 | O246: New | Q246: 0 | R246: 0 | S246: 0 | T246: 0 | U246: 0 | V246: 0 | W246: 0 | X246: 0 | Y246: 500 | Z246: 0 | AA246: Prepay | AC246: NelDe | AE246: 0 | AF246: 0 | AG246: 0 | AH246: 0 | AI246: =W246+ Y246+D246+H246 -> 500 | AJ246: =X246+Z246+E246+I246 -> 0 | AK246: =IF(AI246=0,AJ246,0) -> 0 | AL246: =IF(AND(AI246>0,AJ246>AI246),AJ246-AI246,0) -> 0 | AM246: =IF(AI246=AJ246,AJ246,0) -> 0 | AN246: =IF(AJ246=0,AI246,0) -> 500 | AO246: =IF(AND(AJ246>0,AJ246<AI246),AI246-AJ246,0) -> 0 | AP246: US-Accounts Receivable | AQ246: 73552 | AR246: 500 | AS246: 0
A247: docwalks4animalsorginc | B247: ExistingCustChurn | D247: 0 | E247: 0 | F247: 0 | G247: 0 | H247: 0 | I247: 0 | K247: -420 | L247: 0 | M247: 0 | N247: 0 | O247: New | Q247: 0 | R247: 0 | S247: 0 | T247: 0 | U247: 0 | V247: 0 | W247: 0 | X247: 0 | Y247: 420 | Z247: 0 | AA247: Prepay | AC247: NelDe | AE247: 0 | AF247: 0 | AG247: 0 | AH247: 0 | AI247: =W247+ Y247+D247+H247 -> 420 | AJ247: =X247+Z247+E247+I247 -> 0 | AK247: =IF(AI247=0,AJ247,0) -> 0 | AL247: =IF(AND(AI247>0,AJ247>AI247),AJ247-AI247,0) -> 0 | AM247: =IF(AI247=AJ247,AJ247,0) -> 0 | AN247: =IF(AJ247=0,AI247,0) -> 420 | AO247: =IF(AND(AJ247>0,AJ247<AI247),AI247-AJ247,0) -> 0 | AP247: US-Accounts Receivable | AQ247: 139335 | AR247: 420 | AS247: 0
A248: upcarepartnersandassociates | B248: ExistingCustomerEOM | C248: ExistingCustomerEOM | D248: 0 | E248: 0 | F248: -155 | G248: 0 | H248: 0 | I248: 0 | K248: 0 | L248: 0 | M248: 3 | N248: 3 | O248: New | P248: New | Q248: 0 | R248: 0 | S248: 155 | T248: 0 | U248: 0 | V248: 0 | W248: 0 | X248: 0 | Y248: 294 | Z248: 294 | AA248: Monthly | AB248: Monthly | AC248: ShaLi | AD248: ShaLi | AE248: 0 | AF248: 0 | AG248: 6 | AH248: 6 | AI248: =W248+ Y248+D248+H248 -> 294 | AJ248: =X248+Z248+E248+I248 -> 294 | AK248: =IF(AI248=0,AJ248,0) -> 0 | AL248: =IF(AND(AI248>0,AJ248>AI248),AJ248-AI248,0) -> 0 | AM248: =IF(AI248=AJ248,AJ248,0) -> 294 | AN248: =IF(AJ248=0,AI248,0) -> 0 | AO248: =IF(AND(AJ248>0,AJ248<AI248),AI248-AJ248,0) -> 0 | AP248: CAN-Accounts Receivable | AQ248: 132907 | AR248: 0 | AS248: 0
A249: cappadociarugsllc | B249: ExistingCustomerEOM | C249: ExistingCustomerEOM | D249: 0 | E249: 0 | F249: 0 | G249: 0 | H249: 0 | I249: 0 | K249: 0 | L249: 0 | M249: 0 | N249: 2 | O249: unknown | P249: New | Q249: 0 | R249: 0 | S249: 145 | T249: 0 | U249: 0 | V249: 0 | W249: 0 | X249: 0 | Y249: 0 | Z249: 280 | AB249: Monthly | AD249: PhuPh | AE249: 0 | AF249: 0 | AG249: 0 | AH249: 7 | AI249: =W249+ Y249+D249+H249 -> 0 | AJ249: =X249+Z249+E249+I249 -> 280 | AK249: =IF(AI249=0,AJ249,0) -> 280 | AL249: =IF(AND(AI249>0,AJ249>AI249),AJ249-AI249,0) -> 0 | AM249: =IF(AI249=AJ249,AJ249,0) -> 0 | AN249: =IF(AJ249=0,AI249,0) -> 0 | AO249: =IF(AND(AJ249>0,AJ249<AI249),AI249-AJ249,0) -> 0 | AP249: US-Accounts Receivable | AQ249: 154985 | AR249: 0 | AS249: 0
A250: tarheelgeneratorservices | B250: ExistingCustomerEOM | C250: ExistingCustomerEOM | D250: 0 | E250: 0 | F250: -155 | G250: 0 | H250: 0 | I250: 0 | K250: 0 | L250: 0 | M250: 3 | N250: 3 | O250: New | P250: New | Q250: 0 | R250: 0 | S250: 155 | T250: 0 | U250: 0 | V250: 0 | W250: 0 | X250: 0 | Y250: 95 | Z250: 95 | AA250: Monthly | AB250: Monthly | AC250: ChWon | AD250: JaiPa | AE250: 0 | AF250: 0 | AG250: 3 | AH250: 3 | AI250: =W250+ Y250+D250+H250 -> 95 | AJ250: =X250+Z250+E250+I250 -> 95 | AK250: =IF(AI250=0,AJ250,0) -> 0 | AL250: =IF(AND(AI250>0,AJ250>AI250),AJ250-AI250,0) -> 0 | AM250: =IF(AI250=AJ250,AJ250,0) -> 95 | AN250: =IF(AJ250=0,AI250,0) -> 0 | AO250: =IF(AND(AJ250>0,AJ250<AI250),AI250-AJ250,0) -> 0 | AP250: US-Accounts Receivable | AQ250: 194225 | AR250: 0 | AS250: 0
A251: mosiermccann | B251: TrialerCancelled | D251: 0 | E251: 0 | F251: -155 | G251: 0 | H251: 0 | I251: 0 | K251: 0 | L251: 0 | M251: 0 | N251: 0 | O251: unknown | Q251: 0 | R251: 0 | S251: 155 | T251: 0 | U251: 0 | V251: 0 | W251: 0 | X251: 0 | Y251: 0 | Z251: 0 | AE251: 0 | AF251: 0 | AG251: 0 | AH251: 0 | AI251: =W251+ Y251+D251+H251 -> 0 | AJ251: =X251+Z251+E251+I251 -> 0 | AK251: =IF(AI251=0,AJ251,0) -> 0 | AL251: =IF(AND(AI251>0,AJ251>AI251),AJ251-AI251,0) -> 0 | AM251: =IF(AI251=AJ251,AJ251,0) -> 0 | AN251: =IF(AJ251=0,AI251,0) -> 0 | AO251: =IF(AND(AJ251>0,AJ251<AI251),AI251-AJ251,0) -> 0 | AP251: US-Accounts Receivable | AQ251: 197239 | AR251: 0 | AS251: 0
A252: sedationresource2 | B252: ExistingCustomerEOM | C252: ExistingCustomerEOM | D252: 0 | E252: 0 | F252: -31 | G252: 0 | H252: -88 | I252: -88 | K252: -264 | L252: -264 | M252: 4 | N252: 4 | O252: New | P252: New | Q252: 0 | R252: 0 | S252: 310 | T252: 0 | U252: 0 | V252: 0 | W252: 0 | X252: 0 | Y252: 677 | Z252: 677 | AA252: Prepay | AB252: Prepay | AC252: ShaLi | AD252: ShaLi | AE252: 0 | AF252: 0 | AG252: 7 | AH252: 7 | AI252: =W252+ Y252+D252+H252 -> 589 | AJ252: =X252+Z252+E252+I252 -> 589 | AK252: =IF(AI252=0,AJ252,0) -> 0 | AL252: =IF(AND(AI252>0,AJ252>AI252),AJ252-AI252,0) -> 0 | AM252: =IF(AI252=AJ252,AJ252,0) -> 589 | AN252: =IF(AJ252=0,AI252,0) -> 0 | AO252: =IF(AND(AJ252>0,AJ252<AI252),AI252-AJ252,0) -> 0 | AP252: US-Accounts Receivable | AQ252: 109003 | AR252: 0 | AS252: 0
A253: modcribs2 | B253: ExistingCustomerEOM | C253: ExistingCustomerEOM | D253: 0 | E253: 0 | F253: -77.5 | G253: 0 | H253: 0 | I253: 0 | K253: 0 | L253: 0 | M253: 3 | N253: 3 | O253: unknown | P253: New | Q253: -77.5 | R253: -155 | S253: 852.5 | T253: 155 | U253: 0 | V253: 0 | W253: 0 | X253: 0 | Y253: 521 | Z253: 521 | AA253: Monthly | AB253: Monthly | AC253: ShaLi | AD253: ShaLi | AE253: 0 | AF253: 0 | AG253: 4 | AH253: 4 | AI253: =W253+ Y253+D253+H253 -> 521 | AJ253: =X253+Z253+E253+I253 -> 521 | AK253: =IF(AI253=0,AJ253,0) -> 0 | AL253: =IF(AND(AI253>0,AJ253>AI253),AJ253-AI253,0) -> 0 | AM253: =IF(AI253=AJ253,AJ253,0) -> 521 | AN253: =IF(AJ253=0,AI253,0) -> 0 | AO253: =IF(AND(AJ253>0,AJ253<AI253),AI253-AJ253,0) -> 0 | AP253: US-Accounts Receivable | AQ253: 152239 | AR253: 0 | AS253: 0
A254: southgateprocessequipmentinc | B254: ExistingCustomerEOM | C254: ExistingCustomerEOM | D254: 0 | E254: 0 | F254: -31 | G254: 0 | H254: -67.25 | I254: -67.25 | K254: -201.75 | L254: -201.75 | M254: 4 | N254: 4 | O254: New | P254: New | Q254: 0 | R254: 0 | S254: 310 | T254: 0 | U254: 0 | V254: 0 | W254: 0 | X254: 0 | Y254: 594 | Z254: 594 | AA254: Prepay | AB254: Prepay | AC254: PhuPh | AD254: PhuPh | AE254: 0 | AF254: 0 | AG254: 5 | AH254: 5 | AI254: =W254+ Y254+D254+H254 -> 526.75 | AJ254: =X254+Z254+E254+I254 -> 526.75 | AK254: =IF(AI254=0,AJ254,0) -> 0 | AL254: =IF(AND(AI254>0,AJ254>AI254),AJ254-AI254,0) -> 0 | AM254: =IF(AI254=AJ254,AJ254,0) -> 526.75 | AN254: =IF(AJ254=0,AI254,0) -> 0 | AO254: =IF(AND(AJ254>0,AJ254<AI254),AI254-AJ254,0) -> 0 | AP254: US-Accounts Receivable | AQ254: 177139 | AR254: 0 | AS254: 0
A255: sacredstudiosinc | B255: ExistingCustomerEOM | C255: ExistingCustomerEOM | D255: 0 | E255: 0 | F255: -186 | G255: 0 | H255: -97.5 | I255: -112.25 | K255: -292.5 | L255: -336.75 | M255: 5 | N255: 4 | O255: New | P255: New | Q255: 0 | R255: 0 | S255: 1860 | T255: 0 | U255: 0 | V255: 0 | W255: 0 | X255: 0 | Y255: 715 | Z255: 774 | AA255: Prepay | AB255: Prepay | AC255: ShaLi | AD255: ShaLi | AE255: 0 | AF255: 0 | AG255: 9 | AH255: 11 | AI255: =W255+ Y255+D255+H255 -> 617.5 | AJ255: =X255+Z255+E255+I255 -> 661.75 | AK255: =IF(AI255=0,AJ255,0) -> 0 | AL255: =IF(AND(AI255>0,AJ255>AI255),AJ255-AI255,0) -> 44.25 | AM255: =IF(AI255=AJ255,AJ255,0) -> 0 | AN255: =IF(AJ255=0,AI255,0) -> 0 | AO255: =IF(AND(AJ255>0,AJ255<AI255),AI255-AJ255,0) -> 0 | AP255: US-Accounts Receivable | AQ255: 190386 | AR255: 0 | AS255: 0
A256: bookpage2 | B256: ExistingCustomerEOM | C256: ExistingCustomerEOM | D256: 0 | E256: 0 | F256: -93 | G256: -93 | H256: -61.75 | I256: -61.75 | K256: -185.25 | L256: -185.25 | M256: 5 | N256: 5 | O256: New | P256: New | Q256: 0 | R256: 0 | S256: 930 | T256: 930 | U256: 0 | V256: 0 | W256: 0 | X256: 0 | Y256: 572 | Z256: 572 | AA256: Prepay | AB256: Prepay | AC256: HaPat | AD256: HaPat | AE256: 0 | AF256: 0 | AG256: 4 | AH256: 4 | AI256: =W256+ Y256+D256+H256 -> 510.25 | AJ256: =X256+Z256+E256+I256 -> 510.25 | AK256: =IF(AI256=0,AJ256,0) -> 0 | AL256: =IF(AND(AI256>0,AJ256>AI256),AJ256-AI256,0) -> 0 | AM256: =IF(AI256=AJ256,AJ256,0) -> 510.25 | AN256: =IF(AJ256=0,AI256,0) -> 0 | AO256: =IF(AND(AJ256>0,AJ256<AI256),AI256-AJ256,0) -> 0 | AP256: US-Accounts Receivable | AQ256: 178254 | AR256: 0 | AS256: 0
A257: gtsimulators | B257: ExistingCustomerEOM | C257: ExistingCustomerEOM | D257: 0 | E257: 0 | F257: -62 | G257: -31 | H257: 0 | I257: 0 | K257: 0 | L257: 0 | M257: 4 | N257: 4 | O257: New | P257: New | Q257: -77.5 | R257: 0 | S257: 697.5 | T257: 310 | U257: 0 | V257: 0 | W257: 0 | X257: 0 | Y257: 1057 | Z257: 1057 | AA257: Monthly | AB257: Monthly | AC257: HaPat | AD257: HaPat | AE257: 0 | AF257: 0 | AG257: 12 | AH257: 12 | AI257: =W257+ Y257+D257+H257 -> 1057 | AJ257: =X257+Z257+E257+I257 -> 1057 | AK257: =IF(AI257=0,AJ257,0) -> 0 | AL257: =IF(AND(AI257>0,AJ257>AI257),AJ257-AI257,0) -> 0 | AM257: =IF(AI257=AJ257,AJ257,0) -> 1057 | AN257: =IF(AJ257=0,AI257,0) -> 0 | AO257: =IF(AND(AJ257>0,AJ257<AI257),AI257-AJ257,0) -> 0 | AP257: US-Accounts Receivable | AQ257: 178531 | AR257: 0 | AS257: 0
A258: centralfloridaforkliftinc | B258: ExistingCustomerEOM | C258: ExistingCustomerEOM | D258: 0 | E258: 0 | F258: -62 | G258: 0 | H258: -88.25 | I258: -100.5 | K258: -264.75 | L258: -301.5 | M258: 4 | N258: 4 | O258: New | P258: New | Q258: 0 | R258: 0 | S258: 620 | T258: 0 | U258: 0 | V258: 0 | W258: 0 | X258: 0 | Y258: 678 | Z258: 727 | AA258: Prepay | AB258: Prepay | AC258: HaPat | AD258: HaPat | AE258: 0 | AF258: 0 | AG258: 9 | AH258: 10 | AI258: =W258+ Y258+D258+H258 -> 589.75 | AJ258: =X258+Z258+E258+I258 -> 626.5 | AK258: =IF(AI258=0,AJ258,0) -> 0 | AL258: =IF(AND(AI258>0,AJ258>AI258),AJ258-AI258,0) -> 36.75 | AM258: =IF(AI258=AJ258,AJ258,0) -> 0 | AN258: =IF(AJ258=0,AI258,0) -> 0 | AO258: =IF(AND(AJ258>0,AJ258<AI258),AI258-AJ258,0) -> 0 | AP258: US-Accounts Receivable | AQ258: 178902 | AR258: 0 | AS258: 0
A259: cinemastageinc | B259: ExistingCustomerEOM | C259: ExistingCustomerEOM | D259: 0 | E259: 0 | F259: -93 | G259: 0 | H259: 0 | I259: 0 | K259: 0 | L259: 0 | M259: 4 | N259: 4 | O259: New | P259: unknown | Q259: 0 | R259: -77.5 | S259: 930 | T259: 77.5 | U259: 0 | V259: 0 | W259: 0 | X259: 0 | Y259: 658 | Z259: 658 | AA259: Monthly | AB259: Monthly | AC259: ShaLi | AD259: ShaLi | AE259: 0 | AF259: 0 | AG259: 6 | AH259: 6 | AI259: =W259+ Y259+D259+H259 -> 658 | AJ259: =X259+Z259+E259+I259 -> 658 | AK259: =IF(AI259=0,AJ259,0) -> 0 | AL259: =IF(AND(AI259>0,AJ259>AI259),AJ259-AI259,0) -> 0 | AM259: =IF(AI259=AJ259,AJ259,0) -> 658 | AN259: =IF(AJ259=0,AI259,0) -> 0 | AO259: =IF(AND(AJ259>0,AJ259<AI259),AI259-AJ259,0) -> 0 | AP259: CAN-Accounts Receivable | AQ259: 179529 | AR259: 0 | AS259: 0
A260: antares | B260: ExistingCustomerEOM | C260: ExistingCustomerEOM | D260: 0 | E260: 0 | F260: -46.5 | G260: 0 | H260: -47 | I260: -47 | K260: -351 | L260: 3861 | M260: 4 | N260: 4 | O260: New | P260: New | Q260: 0 | R260: 0 | S260: 465 | T260: 0 | U260: 0 | V260: 0 | W260: 0 | X260: 0 | Y260: 723 | Z260: 723 | AA260: Prepay | AB260: Prepay | AC260: PhuPh | AD260: PhuPh | AE260: 0 | AF260: 0 | AG260: 8 | AH260: 8 | AI260: =W260+ Y260+D260+H260 -> 676 | AJ260: =X260+Z260+E260+I260 -> 676 | AK260: =IF(AI260=0,AJ260,0) -> 0 | AL260: =IF(AND(AI260>0,AJ260>AI260),AJ260-AI260,0) -> 0 | AM260: =IF(AI260=AJ260,AJ260,0) -> 676 | AN260: =IF(AJ260=0,AI260,0) -> 0 | AO260: =IF(AND(AJ260>0,AJ260<AI260),AI260-AJ260,0) -> 0 | AP260: US-Accounts Receivable | AQ260: 115438 | AR260: 0 | AS260: 0
A261: anzengineering3 | B261: NewCustomerEOM | C261: ExistingCustomerEOM | D261: 0 | E261: 0 | F261: -155 | G261: -155 | H261: -61.25 | I261: -56 | K261: -183.75 | L261: -168 | M261: 3 | N261: 3 | O261: New | P261: New | Q261: 0 | R261: 0 | S261: 1550 | T261: 1550 | U261: 0 | V261: 0 | W261: 0 | X261: 0 | Y261: 570 | Z261: 549 | AA261: Prepay | AB261: Prepay | AC261: ShaLi | AD261: ShaLi | AE261: 0 | AF261: 0 | AG261: 5 | AH261: 5 | AI261: =W261+ Y261+D261+H261 -> 508.75 | AJ261: =X261+Z261+E261+I261 -> 493 | AK261: =IF(AI261=0,AJ261,0) -> 0 | AL261: =IF(AND(AI261>0,AJ261>AI261),AJ261-AI261,0) -> 0 | AM261: =IF(AI261=AJ261,AJ261,0) -> 0 | AN261: =IF(AJ261=0,AI261,0) -> 0 | AO261: =IF(AND(AJ261>0,AJ261<AI261),AI261-AJ261,0) -> 15.75 | AP261: US-Accounts Receivable | AQ261: 197175 | AR261: 0 | AS261: 0
A262: ifsgroupusa | B262: ExistingCustomerEOM | C262: ExistingCustomerEOM | D262: 0 | E262: 0 | F262: -108.5 | G262: -186 | H262: 0 | I262: 0 | K262: 0 | L262: 0 | M262: 6 | N262: 6 | O262: New | P262: New | Q262: 0 | R262: 0 | S262: 1085 | T262: 1860 | U262: 0 | V262: 0 | W262: 0 | X262: 0 | Y262: 767 | Z262: 776 | AA262: Monthly | AB262: Monthly | AC262: HaPat | AD262: HaPat | AE262: 0 | AF262: 0 | AG262: 7 | AH262: 7 | AI262: =W262+ Y262+D262+H262 -> 767 | AJ262: =X262+Z262+E262+I262 -> 776 | AK262: =IF(AI262=0,AJ262,0) -> 0 | AL262: =IF(AND(AI262>0,AJ262>AI262),AJ262-AI262,0) -> 9 | AM262: =IF(AI262=AJ262,AJ262,0) -> 0 | AN262: =IF(AJ262=0,AI262,0) -> 0 | AO262: =IF(AND(AJ262>0,AJ262<AI262),AI262-AJ262,0) -> 0 | AP262: US-Accounts Receivable | AQ262: 155999 | AR262: 0 | AS262: 0
A263: suntreksolar | B263: ExistingCustomerEOM | C263: ExistingCustomerEOM | D263: 0 | E263: 0 | F263: -155 | G263: 0 | H263: 0 | I263: 0 | K263: 0 | L263: 0 | M263: 6 | N263: 6 | O263: New | P263: New | Q263: 0 | R263: 0 | S263: 1550 | T263: 0 | U263: 0 | V263: 0 | W263: 0 | X263: 0 | Y263: 1769 | Z263: 1770.04 | AA263: Monthly | AB263: Monthly | AC263: HaPat | AD263: HaPat | AE263: 0 | AF263: 0 | AG263: 28 | AH263: 28 | AI263: =W263+ Y263+D263+H263 -> 1769 | AJ263: =X263+Z263+E263+I263 -> 1770.04 | AK263: =IF(AI263=0,AJ263,0) -> 0 | AL263: =IF(AND(AI263>0,AJ263>AI263),AJ263-AI263,0) -> 1.04 | AM263: =IF(AI263=AJ263,AJ263,0) -> 0 | AN263: =IF(AJ263=0,AI263,0) -> 0 | AO263: =IF(AND(AJ263>0,AJ263<AI263),AI263-AJ263,0) -> 0 | AP263: US-Accounts Receivable | AQ263: 68118 | AR263: 0 | AS263: 0
... A345: dellamar | B345: ExistingCustomerEOM | C345: ExistingCustomerEOM | D345: 0 | E345: 0 | F345: 0 | G345: 0 | H345: 0 | I345: 0 | K345: 0 | L345: 0 | M345: 1 | N345: 1 | O345: New | P345: New | Q345: 0 | R345: 0 | S345: 0 | T345: 0 | U345: 0 | V345: 0 | W345: 0 | X345: 0 | Y345: 40 | Z345: 40 | AA345: Monthly | AB345: Monthly | AC345: PhuPh | AD345: PhuPh | AE345: 0 | AF345: 0 | AG345: 0 | AH345: 0 | AI345: =W345+ Y345+D345+H345 -> 40 | AJ345: =X345+Z345+E345+I345 -> 40 | AK345: =IF(AI345=0,AJ345,0) -> 0 | AL345: =IF(AND(AI345>0,AJ345>AI345),AJ345-AI345,0) -> 0 | AM345: =IF(AI345=AJ345,AJ345,0) -> 40 | AN345: =IF(AJ345=0,AI345,0) -> 0 | AO345: =IF(AND(AJ345>0,AJ345<AI345),AI345-AJ345,0) -> 0 | AP345: US-Accounts Receivable | AQ345: 146907 | AR345: 0 | AS345: 0
A346: anchorhomewatchandconcierge | B346: ExistingCustomerEOM | C346: ExistingCustomerEOM | D346: 0 | E346: 0 | F346: 0 | G346: 0 | H346: 0 | I346: 0 | K346: 0 | L346: 0 | M346: 0 | N346: 0 | O346: unknown | P346: unknown | Q346: 0 | R346: 0 | S346: 0 | T346: 0 | U346: 0 | V346: 0 | W346: 0 | X346: 0 | Y346: 0 | Z346: 0 | AE346: 0 | AF346: 0 | AG346: 0 | AH346: 0 | AI346: =W346+ Y346+D346+H346 -> 0 | AJ346: =X346+Z346+E346+I346 -> 0 | AK346: =IF(AI346=0,AJ346,0) -> 0 | AL346: =IF(AND(AI346>0,AJ346>AI346),AJ346-AI346,0) -> 0 | AM346: =IF(AI346=AJ346,AJ346,0) -> 0 | AN346: =IF(AJ346=0,AI346,0) -> 0 | AO346: =IF(AND(AJ346>0,AJ346<AI346),AI346-AJ346,0) -> 0 | AP346: US-Accounts Receivable | AQ346: 162211 | AR346: 0 | AS346: 0
A347: page44llc | B347: ExistingCustomerEOM | C347: ExistingCustomerEOM | D347: 0 | E347: 0 | F347: 0 | G347: 0 | H347: -8 | I347: -8 | K347: 726 | L347: -66 | M347: 2 | N347: 2 | O347: New | P347: New | Q347: 0 | R347: 0 | S347: 0 | T347: 0 | U347: 0 | V347: 0 | W347: 0 | X347: 0 | Y347: 74 | Z347: 74 | AA347: Prepay | AB347: Prepay | AC347: SukSa | AD347: SukSa | AE347: 0 | AF347: 0 | AG347: 2 | AH347: 2 | AI347: =W347+ Y347+D347+H347 -> 66 | AJ347: =X347+Z347+E347+I347 -> 66 | AK347: =IF(AI347=0,AJ347,0) -> 0 | AL347: =IF(AND(AI347>0,AJ347>AI347),AJ347-AI347,0) -> 0 | AM347: =IF(AI347=AJ347,AJ347,0) -> 66 | AN347: =IF(AJ347=0,AI347,0) -> 0 | AO347: =IF(AND(AJ347>0,AJ347<AI347),AI347-AJ347,0) -> 0 | AP347: US-Accounts Receivable | AQ347: 162241 | AR347: 0 | AS347: 0
A348: keegorinternationallimited | B348: ExistingCustomerEOM | C348: ExistingCustomerEOM | D348: 0 | E348: 0 | F348: 0 | G348: 0 | H348: 0 | I348: 0 | K348: 0 | L348: 0 | M348: 3 | N348: 3 | O348: New | P348: New | Q348: 0 | R348: 0 | S348: 0 | T348: 0 | U348: 0 | V348: 0 | W348: 0 | X348: 0 | Y348: 104 | Z348: 104 | AA348: Monthly | AB348: Monthly | AC348: SukSa | AD348: SukSa | AE348: 0 | AF348: 0 | AG348: 2 | AH348: 2 | AI348: =W348+ Y348+D348+H348 -> 104 | AJ348: =X348+Z348+E348+I348 -> 104 | AK348: =IF(AI348=0,AJ348,0) -> 0 | AL348: =IF(AND(AI348>0,AJ348>AI348),AJ348-AI348,0) -> 0 | AM348: =IF(AI348=AJ348,AJ348,0) -> 104 | AN348: =IF(AJ348=0,AI348,0) -> 0 | AO348: =IF(AND(AJ348>0,AJ348<AI348),AI348-AJ348,0) -> 0 | AP348: CAN-Accounts Receivable | AQ348: 162247 | AR348: 0 | AS348: 0
A349: xcelhomecomfort2 | B349: ExistingCustomerEOM | C349: ExistingCustomerEOM | D349: 0 | E349: 0 | F349: 0 | G349: 0 | H349: -20 | I349: -20 | K349: -176 | L349: -176 | M349: 3 | N349: 3 | O349: New | P349: unknown | Q349: 0 | R349: 0 | S349: 0 | T349: 1162.5 | U349: 0 | V349: 0 | W349: 0 | X349: 0 | Y349: 196 | Z349: 196 | AA349: Prepay | AB349: Prepay | AC349: PhuPh | AD349: PhuPh | AE349: 0 | AF349: 0 | AG349: 4 | AH349: 4 | AI349: =W349+ Y349+D349+H349 -> 176 | AJ349: =X349+Z349+E349+I349 -> 176 | AK349: =IF(AI349=0,AJ349,0) -> 0 | AL349: =IF(AND(AI349>0,AJ349>AI349),AJ349-AI349,0) -> 0 | AM349: =IF(AI349=AJ349,AJ349,0) -> 176 | AN349: =IF(AJ349=0,AI349,0) -> 0 | AO349: =IF(AND(AJ349>0,AJ349<AI349),AI349-AJ349,0) -> 0 | AP349: CAN-Accounts Receivable | AQ349: 162222 | AR349: 0 | AS349: 0
A350: vodaiq | B350: ExistingCustomerEOM | C350: ExistingCustomerEOM | D350: 0 | E350: 0 | F350: 0 | G350: 0 | H350: 0 | I350: 0 | K350: 0 | L350: 0 | M350: 3 | N350: 3 | O350: New | P350: New | Q350: 0 | R350: 0 | S350: 0 | T350: 0 | U350: 0 | V350: 0 | W350: 0 | X350: 0 | Y350: 89 | Z350: 89 | AA350: Monthly | AB350: Monthly | AC350: HaPat | AD350: JaiPa | AE350: 0 | AF350: 0 | AG350: 2 | AH350: 2 | AI350: =W350+ Y350+D350+H350 -> 89 | AJ350: =X350+Z350+E350+I350 -> 89 | AK350: =IF(AI350=0,AJ350,0) -> 0 | AL350: =IF(AND(AI350>0,AJ350>AI350),AJ350-AI350,0) -> 0 | AM350: =IF(AI350=AJ350,AJ350,0) -> 89 | AN350: =IF(AJ350=0,AI350,0) -> 0 | AO350: =IF(AND(AJ350>0,AJ350<AI350),AI350-AJ350,0) -> 0 | AP350: US-Accounts Receivable | AQ350: 151494 | AR350: 0 | AS350: 0
A351: changeit | B351: ExistingCustomerEOM | C351: ExistingCustomerEOM | D351: 0 | E351: 0 | F351: 0 | G351: 0 | H351: 0 | I351: -19.6 | K351: 0 | L351: 1940.4 | M351: 3 | N351: 3 | O351: New | P351: New | Q351: 0 | R351: 0 | S351: 0 | T351: 0 | U351: 0 | V351: 0 | W351: 0 | X351: 0 | Y351: 196 | Z351: 196 | AA351: Monthly | AB351: Prepay | AC351: ShaLi | AD351: ShaLi | AE351: 0 | AF351: 0 | AG351: 4 | AH351: 4 | AI351: =W351+ Y351+D351+H351 -> 196 | AJ351: =X351+Z351+E351+I351 -> 176.4 | AK351: =IF(AI351=0,AJ351,0) -> 0 | AL351: =IF(AND(AI351>0,AJ351>AI351),AJ351-AI351,0) -> 0 | AM351: =IF(AI351=AJ351,AJ351,0) -> 0 | AN351: =IF(AJ351=0,AI351,0) -> 0 | AO351: =IF(AND(AJ351>0,AJ351<AI351),AI351-AJ351,0) -> 19.6 | AP351: US-Accounts Receivable | AQ351: 164877 | AR351: 0 | AS351: 0
A352: arcadiaacademy | B352: ExistingCustomerEOM | C352: ExistingCustomerEOM | D352: 0 | E352: 0 | F352: 0 | G352: 0 | H352: 0 | I352: 0 | K352: 0 | L352: 0 | M352: 3 | N352: 3 | O352: New | P352: New | Q352: 0 | R352: 0 | S352: 0 | T352: 0 | U352: 0 | V352: 0 | W352: 0 | X352: 0 | Y352: 52 | Z352: 52 | AA352: Monthly | AB352: Monthly | AC352: RafSy | AD352: RafSy | AE352: 0 | AF352: 0 | AG352: 1 | AH352: 1 | AI352: =W352+ Y352+D352+H352 -> 52 | AJ352: =X352+Z352+E352+I352 -> 52 | AK352: =IF(AI352=0,AJ352,0) -> 0 | AL352: =IF(AND(AI352>0,AJ352>AI352),AJ352-AI352,0) -> 0 | AM352: =IF(AI352=AJ352,AJ352,0) -> 52 | AN352: =IF(AJ352=0,AI352,0) -> 0 | AO352: =IF(AND(AJ352>0,AJ352<AI352),AI352-AJ352,0) -> 0 | AP352: US-Accounts Receivable | AQ352: 165990 | AR352: 0 | AS352: 0
A353: easttimberandcorenovationsandconstruction | B353: ExistingCustomerEOM | C353: ExistingCustomerEOM | D353: 0 | E353: 0 | F353: 0 | G353: 0 | H353: -5 | I353: -5 | K353: -44 | L353: -44 | M353: 3 | N353: 3 | O353: New | P353: New | Q353: 0 | R353: 0 | S353: 0 | T353: 0 | U353: 0 | V353: 0 | W353: 0 | X353: 0 | Y353: 49 | Z353: 49 | AA353: Prepay | AB353: Prepay | AC353: RafSy | AD353: RafSy | AE353: 0 | AF353: 0 | AG353: 1 | AH353: 1 | AI353: =W353+ Y353+D353+H353 -> 44 | AJ353: =X353+Z353+E353+I353 -> 44 | AK353: =IF(AI353=0,AJ353,0) -> 0 | AL353: =IF(AND(AI353>0,AJ353>AI353),AJ353-AI353,0) -> 0 | AM353: =IF(AI353=AJ353,AJ353,0) -> 44 | AN353: =IF(AJ353=0,AI353,0) -> 0 | AO353: =IF(AND(AJ353>0,AJ353<AI353),AI353-AJ353,0) -> 0 | AP353: CAN-Accounts Receivable | AQ353: 168804 | AR353: 0 | AS353: 0
A354: soundcrawlsllc | B354: ExistingCustomerEOM | C354: ExistingCustomerEOM | D354: 0 | E354: 0 | F354: 0 | G354: 0 | H354: 0 | I354: 0 | K354: 0 | L354: 0 | M354: 3 | N354: 3 | O354: New | P354: New | Q354: 0 | R354: 0 | S354: 0 | T354: 0 | U354: 0 | V354: 0 | W354: 0 | X354: 0 | Y354: 334 | Z354: 334 | AA354: Monthly | AB354: Monthly | AC354: HaPat | AD354: HaPat | AE354: 0 | AF354: 0 | AG354: 7 | AH354: 7 | AI354: =W354+ Y354+D354+H354 -> 334 | AJ354: =X354+Z354+E354+I354 -> 334 | AK354: =IF(AI354=0,AJ354,0) -> 0 | AL354: =IF(AND(AI354>0,AJ354>AI354),AJ354-AI354,0) -> 0 | AM354: =IF(AI354=AJ354,AJ354,0) -> 334 | AN354: =IF(AJ354=0,AI354,0) -> 0 | AO354: =IF(AND(AJ354>0,AJ354<AI354),AI354-AJ354,0) -> 0 | AP354: US-Accounts Receivable | AQ354: 168790 | AR354: 0 | AS354: 0
A355: aquaviveinc | B355: ExistingCustomerEOM | C355: ExistingCustomerEOM | D355: 0 | E355: 0 | F355: 0 | G355: 0 | H355: 0 | I355: 0 | K355: 0 | L355: 0 | M355: 5 | N355: 5 | O355: New | P355: New | Q355: 0 | R355: 0 | S355: 0 | T355: 0 | U355: 0 | V355: 0 | W355: 0 | X355: 0 | Y355: 73 | Z355: 73 | AA355: Monthly | AB355: Monthly | AC355: RafSy | AD355: RafSy | AE355: 0 | AF355: 0 | AG355: 1 | AH355: 1 | AI355: =W355+ Y355+D355+H355 -> 73 | AJ355: =X355+Z355+E355+I355 -> 73 | AK355: =IF(AI355=0,AJ355,0) -> 0 | AL355: =IF(AND(AI355>0,AJ355>AI355),AJ355-AI355,0) -> 0 | AM355: =IF(AI355=AJ355,AJ355,0) -> 73 | AN355: =IF(AJ355=0,AI355,0) -> 0 | AO355: =IF(AND(AJ355>0,AJ355<AI355),AI355-AJ355,0) -> 0 | AP355: US-Accounts Receivable | AQ355: 171205 | AR355: 0 | AS355: 0
A356: coastalwipers | B356: ExistingCustomerEOM | C356: ExistingCustomerEOM | D356: 0 | E356: 0 | F356: 0 | G356: 0 | H356: -39 | I356: -39 | K356: -290 | L356: -290 | M356: 6 | N356: 6 | O356: New | P356: New | Q356: 0 | R356: 0 | S356: 0 | T356: 0 | U356: 0 | V356: 0 | W356: 0 | X356: 0 | Y356: 654 | Z356: 654 | AA356: Prepay | AB356: Prepay | AC356: HaPat | AD356: HaPat | AE356: 0 | AF356: 0 | AG356: 5 | AH356: 5 | AI356: =W356+ Y356+D356+H356 -> 615 | AJ356: =X356+Z356+E356+I356 -> 615 | AK356: =IF(AI356=0,AJ356,0) -> 0 | AL356: =IF(AND(AI356>0,AJ356>AI356),AJ356-AI356,0) -> 0 | AM356: =IF(AI356=AJ356,AJ356,0) -> 615 | AN356: =IF(AJ356=0,AI356,0) -> 0 | AO356: =IF(AND(AJ356>0,AJ356<AI356),AI356-AJ356,0) -> 0 | AP356: US-Accounts Receivable | AQ356: 171207 | AR356: 0 | AS356: 0
A357: shootingstarscircusskills | B357: ExistingCustomerEOM | C357: ExistingCustChurn | D357: 0 | E357: 0 | F357: 0 | G357: 0 | H357: 0 | I357: 0 | K357: 0 | L357: 0 | M357: 4 | N357: 4 | O357: New | P357: New | Q357: 0 | R357: 0 | S357: 0 | T357: 0 | U357: 0 | V357: 0 | W357: 0 | X357: 0 | Y357: 61 | Z357: 61 | AA357: Monthly | AB357: Monthly | AC357: ChWon | AD357: RafSy | AE357: 0 | AF357: 0 | AG357: 1 | AH357: 1 | AI357: =W357+ Y357+D357+H357 -> 61 | AJ357: =X357+Z357+E357+I357 -> 61 | AK357: =IF(AI357=0,AJ357,0) -> 0 | AL357: =IF(AND(AI357>0,AJ357>AI357),AJ357-AI357,0) -> 0 | AM357: =IF(AI357=AJ357,AJ357,0) -> 61 | AN357: =IF(AJ357=0,AI357,0) -> 0 | AO357: =IF(AND(AJ357>0,AJ357<AI357),AI357-AJ357,0) -> 0 | AP357: US-Accounts Receivable | AQ357: 175135 | AR357: 0 | AS357: 0
A358: crookedoak | B358: ExistingCustomerEOM | C358: ExistingCustomerEOM | D358: 0 | E358: 0 | F358: 0 | G358: 0 | H358: -29 | I358: -29 | K358: -202 | L358: -202 | M358: 6 | N358: 6 | O358: New | P358: New | Q358: 0 | R358: 0 | S358: 0 | T358: 0 | U358: 0 | V358: 0 | W358: 0 | X358: 0 | Y358: 231 | Z358: 231 | AA358: Prepay | AB358: Prepay | AC358: ChWon | AD358: RafSy | AE358: 0 | AF358: 0 | AG358: 3 | AH358: 3 | AI358: =W358+ Y358+D358+H358 -> 202 | AJ358: =X358+Z358+E358+I358 -> 202 | AK358: =IF(AI358=0,AJ358,0) -> 0 | AL358: =IF(AND(AI358>0,AJ358>AI358),AJ358-AI358,0) -> 0 | AM358: =IF(AI358=AJ358,AJ358,0) -> 202 | AN358: =IF(AJ358=0,AI358,0) -> 0 | AO358: =IF(AND(AJ358>0,AJ358<AI358),AI358-AJ358,0) -> 0 | AP358: US-Accounts Receivable | AQ358: 175168 | AR358: 0 | AS358: 0
A359: artecflooring | B359: ExistingCustChurn | D359: 0 | E359: 0 | F359: 0 | G359: 0 | H359: 0 | I359: 0 | K359: 0 | L359: 0 | M359: 4 | N359: 0 | O359: New | Q359: 0 | R359: 0 | S359: 0 | T359: 0 | U359: 0 | V359: 0 | W359: 0 | X359: 0 | Y359: 386 | Z359: 0 | AA359: Monthly | AC359: PhuPh | AE359: 0 | AF359: 0 | AG359: 1 | AH359: 0 | AI359: =W359+ Y359+D359+H359 -> 386 | AJ359: =X359+Z359+E359+I359 -> 0 | AK359: =IF(AI359=0,AJ359,0) -> 0 | AL359: =IF(AND(AI359>0,AJ359>AI359),AJ359-AI359,0) -> 0 | AM359: =IF(AI359=AJ359,AJ359,0) -> 0 | AN359: =IF(AJ359=0,AI359,0) -> 386 | AO359: =IF(AND(AJ359>0,AJ359<AI359),AI359-AJ359,0) -> 0 | AP359: CAN-Accounts Receivable | AQ359: 175169 | AR359: 0 | AS359: 0
A360: endureconcretecoatings2 | B360: ExistingCustomerEOM | C360: ExistingCustomerEOM | D360: 0 | E360: 0 | F360: 0 | G360: 0 | H360: -15 | I360: -15 | K360: 1096 | L360: -107 | M360: 5 | N360: 5 | O360: unknown | P360: New | Q360: 0 | R360: 0 | S360: 0 | T360: 0 | U360: 41 | V360: 0 | W360: 0 | X360: 0 | Y360: 244 | Z360: 122 | AA360: Prepay | AB360: Prepay | AC360: ChWon | AD360: JaiPa | AE360: 0 | AF360: 0 | AG360: 2 | AH360: 2 | AI360: =W360+ Y360+D360+H360 -> 229 | AJ360: =X360+Z360+E360+I360 -> 107 | AK360: =IF(AI360=0,AJ360,0) -> 0 | AL360: =IF(AND(AI360>0,AJ360>AI360),AJ360-AI360,0) -> 0 | AM360: =IF(AI360=AJ360,AJ360,0) -> 0 | AN360: =IF(AJ360=0,AI360,0) -> 0 | AO360: =IF(AND(AJ360>0,AJ360<AI360),AI360-AJ360,0) -> 122 | AP360: US-Accounts Receivable | AQ360: 177769 | AR360: 0 | AS360: 0
A361: augustamedicalsystems | B361: ExistingCustomerEOM | C361: ExistingCustChurn | D361: 0 | E361: 0 | F361: 0 | G361: 0 | H361: -33 | I361: -33 | K361: -99 | L361: -99 | M361: 3 | N361: 3 | O361: New | P361: New | Q361: 0 | R361: 0 | S361: 0 | T361: 0 | U361: 0 | V361: 0 | W361: 0 | X361: 0 | Y361: 457 | Z361: 457 | AA361: Prepay | AB361: Prepay | AC361: ShaLi | AD361: ShaLi | AE361: 0 | AF361: 0 | AG361: 3 | AH361: 3 | AI361: =W361+ Y361+D361+H361 -> 424 | AJ361: =X361+Z361+E361+I361 -> 424 | AK361: =IF(AI361=0,AJ361,0) -> 0 | AL361: =IF(AND(AI361>0,AJ361>AI361),AJ361-AI361,0) -> 0 | AM361: =IF(AI361=AJ361,AJ361,0) -> 424 | AN361: =IF(AJ361=0,AI361,0) -> 0 | AO361: =IF(AND(AJ361>0,AJ361<AI361),AI361-AJ361,0) -> 0 | AP361: US-Accounts Receivable | AQ361: 178310 | AR361: 0 | AS361: 0
A362: aandjanitorialservices | B362: ExistingCustomerEOM | C362: ExistingCustomerEOM | D362: 0 | E362: 0 | F362: 0 | G362: 0 | H362: 0 | I362: 0 | K362: 0 | L362: 0 | M362: 5 | N362: 5 | O362: New | P362: New | Q362: 0 | R362: 0 | S362: 0 | T362: 0 | U362: 0 | V362: 0 | W362: 0 | X362: 0 | Y362: 73 | Z362: 73 | AA362: Monthly | AB362: Monthly | AC362: ChWon | AD362: JaiPa | AE362: 0 | AF362: 0 | AG362: 1 | AH362: 1 | AI362: =W362+ Y362+D362+H362 -> 73 | AJ362: =X362+Z362+E362+I362 -> 73 | AK362: =IF(AI362=0,AJ362,0) -> 0 | AL362: =IF(AND(AI362>0,AJ362>AI362),AJ362-AI362,0) -> 0 | AM362: =IF(AI362=AJ362,AJ362,0) -> 73 | AN362: =IF(AJ362=0,AI362,0) -> 0 | AO362: =IF(AND(AJ362>0,AJ362<AI362),AI362-AJ362,0) -> 0 | AP362: US-Accounts Receivable | AQ362: 181500 | AR362: 0 | AS362: 0
A363: swjus | B363: ExistingCustomerEOM | C363: ExistingCustomerEOM | D363: 0 | E363: 0 | F363: 0 | G363: 0 | H363: 0 | I363: 0 | K363: 0 | L363: 0 | M363: 3 | N363: 3 | O363: New | P363: New | Q363: 0 | R363: 0 | S363: 0 | T363: 0 | U363: 0 | V363: 0 | W363: 0 | X363: 0 | Y363: 392 | Z363: 441 | AA363: Monthly | AB363: Monthly | AC363: PhuPh | AD363: PhuPh | AE363: 0 | AF363: 0 | AG363: 8 | AH363: 9 | AI363: =W363+ Y363+D363+H363 -> 392 | AJ363: =X363+Z363+E363+I363 -> 441 | AK363: =IF(AI363=0,AJ363,0) -> 0 | AL363: =IF(AND(AI363>0,AJ363>AI363),AJ363-AI363,0) -> 49 | AM363: =IF(AI363=AJ363,AJ363,0) -> 0 | AN363: =IF(AJ363=0,AI363,0) -> 0 | AO363: =IF(AND(AJ363>0,AJ363<AI363),AI363-AJ363,0) -> 0 | AP363: US-Accounts Receivable | AQ363: 183325 | AR363: 0 | AS363: 0
A364: koalathomeservices | B364: ExistingCustomerEOM | C364: ExistingCustomerEOM | D364: 0 | E364: 0 | F364: 0 | G364: 0 | H364: 0 | I364: 0 | K364: 0 | L364: 0 | M364: 1 | N364: 1 | O364: New | P364: New | Q364: 0 | R364: 0 | S364: 0 | T364: 0 | U364: 0 | V364: 0 | W364: 0 | X364: 0 | Y364: 28 | Z364: 28 | AA364: Monthly | AB364: Monthly | AC364: PhuPh | AD364: PhuPh | AE364: 0 | AF364: 0 | AG364: 1 | AH364: 1 | AI364: =W364+ Y364+D364+H364 -> 28 | AJ364: =X364+Z364+E364+I364 -> 28 | AK364: =IF(AI364=0,AJ364,0) -> 0 | AL364: =IF(AND(AI364>0,AJ364>AI364),AJ364-AI364,0) -> 0 | AM364: =IF(AI364=AJ364,AJ364,0) -> 28 | AN364: =IF(AJ364=0,AI364,0) -> 0 | AO364: =IF(AND(AJ364>0,AJ364<AI364),AI364-AJ364,0) -> 0 | AP364: US-Accounts Receivable | AQ364: 186491 | AR364: 0 | AS364: 0
A365: waynetseventyllc2 | B365: ExistingCustomerEOM | C365: ExistingCustomerEOM | D365: 0 | E365: 0 | F365: 0 | G365: -155 | H365: 0 | I365: 0 | K365: 0 | L365: 0 | M365: 3 | N365: 3 | O365: New | P365: unknown | Q365: 0 | R365: 0 | S365: 0 | T365: 155 | U365: 0 | V365: 0 | W365: 0 | X365: 0 | Y365: 187 | Z365: 187 | AA365: Monthly | AB365: Monthly | AC365: HaPat | AD365: HaPat | AE365: 0 | AF365: 0 | AG365: 4 | AH365: 4 | AI365: =W365+ Y365+D365+H365 -> 187 | AJ365: =X365+Z365+E365+I365 -> 187 | AK365: =IF(AI365=0,AJ365,0) -> 0 | AL365: =IF(AND(AI365>0,AJ365>AI365),AJ365-AI365,0) -> 0 | AM365: =IF(AI365=AJ365,AJ365,0) -> 187 | AN365: =IF(AJ365=0,AI365,0) -> 0 | AO365: =IF(AND(AJ365>0,AJ365<AI365),AI365-AJ365,0) -> 0 | AP365: US-Accounts Receivable | AQ365: 186504 | AR365: 0 | AS365: 0
A366: kabsolution2 | B366: ExistingCustomerEOM | C366: ExistingCustomerEOM | D366: 0 | E366: 0 | F366: 0 | G366: 0 | H366: 0 | I366: 0 | K366: 0 | L366: 0 | M366: 3 | N366: 3 | O366: New | P366: New | Q366: 0 | R366: 0 | S366: 0 | T366: 0 | U366: 0 | V366: 0 | W366: 0 | X366: 0 | Y366: 49 | Z366: 49 | AA366: Monthly | AB366: Monthly | AC366: HaPat | AD366: HaPat | AE366: 0 | AF366: 0 | AG366: 1 | AH366: 1 | AI366: =W366+ Y366+D366+H366 -> 49 | AJ366: =X366+Z366+E366+I366 -> 49 | AK366: =IF(AI366=0,AJ366,0) -> 0 | AL366: =IF(AND(AI366>0,AJ366>AI366),AJ366-AI366,0) -> 0 | AM366: =IF(AI366=AJ366,AJ366,0) -> 49 | AN366: =IF(AJ366=0,AI366,0) -> 0 | AO366: =IF(AND(AJ366>0,AJ366<AI366),AI366-AJ366,0) -> 0 | AP366: CAN-Accounts Receivable | AQ366: 186493 | AR366: 0 | AS366: 0
A367: mountainshadowsmartialarts2 | B367: ExistingCustomerEOM | C367: ExistingCustomerEOM | D367: 0 | E367: 0 | F367: 0 | G367: 0 | H367: -3 | I367: -3 | K367: -25 | L367: -25 | M367: 1 | N367: 1 | O367: New | P367: New | Q367: 0 | R367: 0 | S367: 0 | T367: 0 | U367: 0 | V367: 0 | W367: 0 | X367: 0 | Y367: 28 | Z367: 28 | AA367: Prepay | AB367: Prepay | AC367: ChWon | AD367: SukSa | AE367: 0 | AF367: 0 | AG367: 1 | AH367: 1 | AI367: =W367+ Y367+D367+H367 -> 25 | AJ367: =X367+Z367+E367+I367 -> 25 | AK367: =IF(AI367=0,AJ367,0) -> 0 | AL367: =IF(AND(AI367>0,AJ367>AI367),AJ367-AI367,0) -> 0 | AM367: =IF(AI367=AJ367,AJ367,0) -> 25 | AN367: =IF(AJ367=0,AI367,0) -> 0 | AO367: =IF(AND(AJ367>0,AJ367<AI367),AI367-AJ367,0) -> 0 | AP367: US-Accounts Receivable | AQ367: 186497 | AR367: 0 | AS367: 0
...

Sheet NRR By Account
A1: Start of Month | B1: Start of Month | C1: Start of Month | D1: Cancellation | E1: Cancellation | F1: Cancellation | G1: Downgrades | H1: Downgrades | I1: Downgrades | J1: Expansion | K1: Expansion | L1: Expansion | M1: New ARR | N1: New ARR | O1: New ARR | P1: Other | Q1: Other | R1: Other | S1: OtherChurn | T1: OtherChurn | U1: OtherChurn | V1: Count | W1: Count | X1: Count
A2: US-Accounts Receivable | B2: CAN-Accounts Receivable | C2: UK-Accounts Receivable | D2: US-Accounts Receivable | E2: CAN-Accounts Receivable | F2: UK-Accounts Receivable | G2: US-Accounts Receivable | H2: CAN-Accounts Receivable | I2: UK-Accounts Receivable | J2: US-Accounts Receivable | K2: CAN-Accounts Receivable | L2: UK-Accounts Receivable | M2: US-Accounts Receivable | N2: CAN-Accounts Receivable | O2: UK-Accounts Receivable | P2: US-Accounts Receivable | Q2: CAN-Accounts Receivable | R2: UK-Accounts Receivable | S2: US-Accounts Receivable | T2: CAN-Accounts Receivable | U2: UK-Accounts Receivable | V2: US-Accounts Receivable | W2: CAN-Accounts Receivable | X2: UK-Accounts Receivable
A3: =SUMIFS(Accounts!AI:AI,Accounts!AP:AP,A$2) -> 718226.91 | B3: =SUMIFS(Accounts!AI:AI,Accounts!AP:AP,B$2) -> 80784.68 | C3: =SUMIFS(Accounts!AI:AI,Accounts!AP:AP,C$2) -> 0 | D3: =SUMIFS(Accounts!AN:AN,Accounts!AP:AP,D$2)-S3 -> 10538.65 | E3: =SUMIFS(Accounts!AN:AN,Accounts!AP:AP,E$2)-T3 -> 709 | F3: =SUMIFS(Accounts!AN:AN,Accounts!AP:AP,F$2)-U3 -> 0 | G3: =SUMIFS(Accounts!AO:AO,Accounts!AP:AP,G$2) -> 13567.23 | H3: =SUMIFS(Accounts!AO:AO,Accounts!AP:AP,H$2) -> 1492.25 | I3: =SUMIFS(Accounts!AO:AO,Accounts!AP:AP,I$2) -> 0 | J3: =SUMIFS(Accounts!AL:AL,Accounts!AP:AP,J$2) -> 12458.69 | K3: =SUMIFS(Accounts!AL:AL,Accounts!AP:AP,K$2) -> 2181.73 | L3: =SUMIFS(Accounts!AL:AL,Accounts!AP:AP,L$2) -> 0 | M3: =SUMIFS(Accounts!AK:AK,Accounts!AP:AP,M$2)-P3 -> 12853.8 | N3: =SUMIFS(Accounts!AK:AK,Accounts!AP:AP,N$2)-Q3 -> 947 | O3: =SUMIFS(Accounts!AK:AK,Accounts!AP:AP,O$2)-R3 -> 0 | P3: =SUMIFS(Customers!AS:AS,Customers!AP:AP,P$2) -> 10316.75 | Q3: =SUMIFS(Customers!AS:AS,Customers!AP:AP,Q$2) -> 0 | R3: =SUMIFS(Customers!AS:AS,Customers!AP:AP,R$2) -> 0 | S3: =SUMIFS(Customers!AR:AR,Customers!AP:AP,P$2) -> 10354 | T3: =SUMIFS(Customers!AR:AR,Customers!AP:AP,Q$2) -> 0 | U3: =SUMIFS(Customers!AR:AR,Customers!AP:AP,R$2) -> 0 | V3: =COUNTIFS(Accounts!Z:Z, ">0",Accounts!AP:AP,V$2) -> 3197 | W3: =COUNTIFS(Accounts!Z:Z, ">0",Accounts!AP:AP,W$2) -> 413 | X3: =COUNTIFS(Accounts!Z:Z, ">0",Accounts!AP:AP,X$2) -> 0

Sheet SaaS Totals
A1: Use FX? | B1: TRUE
B2: F/X to CAD | C2: Start | D2: Less PreExpiry Income | E2: Net Change | F2: NRR Amount | G2: NRR% | H2: New+PrepExiry | I2: End
A3: US | B3: 1.33 | C3: ='NRR By Customer'!$A$3*IF($B$1=TRUE,$B3,1) -> 955241.79 | D3: =C3-('NRR By Customer'!$S$3*IF($B$1=TRUE,$B3,1)) -> 941470.97 | E3: =(('NRR By Customer'!$J$3)-('NRR By Customer'!$D$3)-('NRR By Customer'!$G$3))*IF($B$1=TRUE,$B3,1) -> -14651.865 | F3: =D3+E3 -> 926819.11 | G3: =F3/D3 -> 0.98443726 | H3: =('NRR By Customer'!$M$3+'NRR By Customer'!$P$3)*IF($B$1=TRUE,$B3,1) -> 29977.934 | I3: =F3+H3 -> 956797.04
A4: CAN | B4: 1 | C4: ='NRR By Customer'!$B$3*IF($B$1=TRUE,$B4,1) -> 80784.68 | D4: =C4-('NRR By Customer'!$T$3*IF($B$1=TRUE,$B4,1)) -> 80784.68 | E4: =(('NRR By Customer'!$K$3)-('NRR By Customer'!$E$3)-('NRR By Customer'!$H$3))*IF($B$1=TRUE,$B4,1) -> -19.52 | F4: =D4+E4 -> 80765.16 | G4: =F4/D4 -> 0.99975837 | H4: =('NRR By Customer'!$N$3+'NRR By Customer'!$Q$3)*IF($B$1=TRUE,$B4,1) -> 947 | I4: =F4+H4 -> 81712.16
A5: UK | B5: 1.7 | C5: ='NRR By Customer'!$C$3*IF($B$1=TRUE,$B5,1) -> 0 | D5: =C5-('NRR By Customer'!$U$3*IF($B$1=TRUE,$B5,1)) -> 0 | E5: =(('NRR By Customer'!$L$3)-('NRR By Customer'!$F$3)-('NRR By Customer'!$I$3))*IF($B$1=TRUE,$B5,1) -> 0 | F5: =D5+E5 -> 0 | G5: =F5/D5 -> #DIV/0! | H5: =('NRR By Customer'!O$3+'NRR By Customer'!$R$3)*IF($B$1=TRUE,$B5,1) -> 0 | I5: =F5+H5 -> 0
A6: Total | C6: =SUM(C3:C5) -> 1036026.5 | D6: =SUM(D3:D5) -> 1022255.7 | E6: =SUM(E3:E5) -> -14671.385 | F6: =SUM(F3:F5) -> 1007584.3 | G6: =F6/D6 -> 0.98564803 | H6: =SUM(H3:H5) -> 30924.934 | I6: =SUM(I3:I5) -> 1038509.2
